id,last_scraped,neighbourhood_cleansed,latitude,longitude,room_type,accommodates,bathrooms_text,beds,price,minimum_nights,host_is_superhost,instant_bookable,number_of_reviews,review_scores_rating,availability_365,calculated_host_listings_count
13188,2023-12-14,Riley Park,49.24773,-123.10509,Entire home/apt,4,1 bath,2,$150.00,2,FALSE,TRUE,283,4.84,0,1
13221,2023-12-14,Riley Park,49.25489,-123.09708,Entire home/apt,4,1 bath,2,$120.00,31,FALSE,FALSE,15,4.73,363,1
13358,2023-12-14,Downtown,49.28117370605469,-123.1259307861328,Entire home/apt,2,1 bath,1,$165.00,1,FALSE,FALSE,493,4.68,0,1
13490,2023-12-13,Kensington-Cedar Cottage,49.25622,-123.06607,Entire home/apt,2,1 bath,1,$150.00,30,TRUE,FALSE,101,4.93,92,1
14267,2023-12-13,Kensington-Cedar Cottage,49.24922,-123.08139,Entire home/apt,4,1 bath,2,$150.00,3,FALSE,TRUE,33,4.76,17,1
16254,2023-12-14,Hastings-Sunrise,49.27721,-123.04086,Entire home/apt,4,1 bath,3,$800.00,5,FALSE,FALSE,7,4.57,0,1
16611,2023-12-14,Grandview-Woodland,49.26339,-123.07145,Entire home/apt,6,1 bath,4,$100.00,365,FALSE,FALSE,3,4,89,5
17765,2023-12-14,Mount Pleasant,49.26132,-123.10845,Entire home/apt,2,1 bath,1,NA,5,FALSE,FALSE,203,4.6,0,1
18024,2023-12-14,Kensington-Cedar Cottage,49.24781,-123.07241,Private room,6,1 private bath,3,NA,30,FALSE,FALSE,0,NA,0,1
18270,2023-12-14,Mount Pleasant,49.26557,-123.096,Private room,2,1 shared bath,1,$51.00,30,FALSE,FALSE,118,4.54,234,1
18589,2023-12-14,Grandview-Woodland,49.27569,-123.07057,Private room,2,1 private bath,1,$99.00,1,TRUE,FALSE,514,4.98,0,1
18795,2023-12-14,West End,49.28299,-123.13008,Private room,2,1 private bath,1,$75.00,30,FALSE,FALSE,131,4.56,339,4
19621,2023-12-14,Downtown,49.27323,-123.12032,Entire home/apt,3,2 baths,2,$250.00,30,FALSE,FALSE,2,4,130,2
20085,2023-12-14,Kensington-Cedar Cottage,49.25636,-123.08636,Entire home/apt,3,1 bath,2,$99.00,30,FALSE,FALSE,78,4.8,357,1
21912,2023-12-13,Renfrew-Collingwood,49.23361,-123.05283,Private room,1,1 private bath,1,$70.00,30,TRUE,FALSE,398,4.72,137,4
21913,2023-12-14,Renfrew-Collingwood,49.23442,-123.05307,Entire home/apt,2,1 bath,1,$72.00,30,TRUE,FALSE,233,4.75,135,4
24273,2023-12-13,Kitsilano,49.26216,-123.1715,Entire home/apt,6,1 bath,3,$150.00,30,FALSE,FALSE,17,5,242,2
26047,2023-12-14,Downtown,49.28086,-123.12375,Entire home/apt,2,1 bath,2,$169.00,30,TRUE,FALSE,44,4.75,97,4
33150,2023-12-13,Riley Park,49.24677,-123.1048,Entire home/apt,3,1 bath,2,$125.00,4,TRUE,FALSE,129,4.97,299,1
35304,2023-12-13,Grandview-Woodland,49.2729,-123.06973,Entire home/apt,2,1 bath,1,$99.00,3,TRUE,FALSE,586,4.76,279,1
42645,2023-12-14,Downtown,49.28036,-123.1234,Entire home/apt,3,1 bath,2,$169.00,30,TRUE,TRUE,33,4.79,151,4
49736,2023-12-14,Kitsilano,49.26778,-123.14674,Entire home/apt,2,1 bath,1,NA,31,FALSE,FALSE,9,4.89,0,1
70453,2023-12-13,Downtown Eastside,49.27836,-123.08716,Entire home/apt,4,1.5 baths,2,$391.00,3,TRUE,FALSE,37,4.95,4,3
73841,2023-12-13,Downtown,49.27591,-123.12359,Entire home/apt,3,1 bath,1,$139.00,30,FALSE,FALSE,23,4.74,85,1
77157,2023-12-14,Arbutus Ridge,49.2452,-123.16544,Entire home/apt,3,1 bath,3,$125.00,2,TRUE,FALSE,771,4.82,290,2
98830,2023-12-14,Downtown,49.27936,-123.12443,Entire home/apt,2,1 bath,1,NA,28,TRUE,TRUE,271,4.88,0,1
125176,2023-12-14,Riley Park,49.24615,-123.09462,Private room,3,1 private bath,2,$90.00,3,FALSE,FALSE,662,4.67,7,1
134688,2023-12-13,Renfrew-Collingwood,49.24356,-123.04757,Private room,1,1 shared bath,1,$90.00,30,FALSE,TRUE,44,4.6,269,5
140698,2023-12-14,Mount Pleasant,49.26262921288303,-123.1044384134911,Private room,3,1 private bath,2,$125.00,5,TRUE,FALSE,164,4.86,0,1
172827,2023-12-14,Downtown,49.28034,-123.12648,Entire home/apt,4,2 baths,2,NA,10,FALSE,FALSE,7,4.86,0,1
182451,2023-12-14,Kitsilano,49.25808,-123.16824,Entire home/apt,4,1 bath,1,$131.00,30,FALSE,FALSE,58,4.88,129,1
196722,2023-12-14,Grandview-Woodland,49.2634,-123.0712,Entire home/apt,6,3.5 baths,4,NA,7,FALSE,FALSE,13,4.38,0,1
219261,2023-12-13,Kitsilano,49.2719,-123.15043,Entire home/apt,4,1 bath,2,$123.00,30,TRUE,FALSE,256,4.6,314,3
248014,2023-12-13,Grandview-Woodland,49.29103,-123.05782,Entire home/apt,3,1 bath,2,$100.00,30,FALSE,FALSE,1,5,218,1
254657,2023-12-14,Downtown Eastside,49.28375,-123.10383,Entire home/apt,2,1 bath,1,$298.00,3,TRUE,FALSE,95,4.93,34,1
256178,2023-12-14,Kitsilano,49.26293,-123.17143,Entire home/apt,7,1 bath,4,$145.00,30,FALSE,FALSE,24,5,0,2
257163,2023-12-13,Kensington-Cedar Cottage,49.23841,-123.0651,Private room,4,1.5 baths,2,$65.00,14,FALSE,FALSE,42,4.88,72,1
311354,2023-12-14,Grandview-Woodland,49.26328,-123.07086,Entire home/apt,7,2 baths,3,$100.00,365,FALSE,FALSE,6,4,89,5
322824,2023-12-14,Downtown,49.27608,-123.12452,Entire home/apt,2,1 bath,1,$145.00,30,TRUE,FALSE,156,4.89,95,2
323090,2023-12-14,Downtown,49.28244,-123.12293,Entire home/apt,2,1 bath,1,$168.00,30,TRUE,FALSE,72,4.77,0,2
359942,2023-12-13,Downtown,49.27634,-123.11825,Private room,2,1 shared bath,1,$255.00,30,TRUE,FALSE,46,4.86,364,5
377706,2023-12-14,Grandview-Woodland,49.27799,-123.07101,Private room,1,1 private bath,1,NA,30,FALSE,FALSE,58,4.69,0,1
415700,2023-12-14,Renfrew-Collingwood,49.2332,-123.0551,Private room,1,1 private bath,1,$71.00,30,TRUE,FALSE,259,4.75,132,4
436032,2023-12-14,Downtown Eastside,49.28211,-123.10453,Entire home/apt,4,1 bath,2,$285.00,3,TRUE,FALSE,154,4.83,327,1
448104,2023-12-14,Downtown,49.28063,-123.12502,Entire home/apt,2,1 bath,1,$158.00,30,TRUE,FALSE,269,4.88,91,2
461370,2023-12-13,Killarney,49.22834,-123.03047,Private room,2,1 private bath,1,$153.00,2,TRUE,FALSE,51,4.67,365,5
461386,2023-12-13,Killarney,49.23034,-123.02971,Private room,2,1 private bath,1,$153.00,2,TRUE,FALSE,44,4.45,363,5
464172,2023-12-13,Hastings-Sunrise,49.284812927246094,-123.05479431152344,Entire home/apt,4,1 bath,2,$108.00,1,TRUE,FALSE,14,4.86,154,1
475296,2023-12-14,Downtown Eastside,49.28241,-123.10381,Entire home/apt,2,1.5 baths,1,"$1,000.00",2,TRUE,FALSE,226,4.85,0,1
496298,2023-12-14,Downtown,49.28062,-123.11815,Entire home/apt,3,1 bath,3,$127.00,31,TRUE,FALSE,165,4.92,129,1
498112,2023-12-14,Kensington-Cedar Cottage,49.25099,-123.07457,Entire home/apt,8,2 baths,4,$475.00,5,TRUE,FALSE,36,4.71,91,2
507767,2023-12-14,Downtown,49.27741,-123.12292,Entire home/apt,4,1 bath,1,$260.00,30,TRUE,FALSE,4,5,316,41
540348,2023-12-14,Kensington-Cedar Cottage,49.25759,-123.06393,Entire home/apt,6,1 bath,3,$486.00,1,TRUE,TRUE,92,4.92,347,1
557357,2023-12-13,Grandview-Woodland,49.27917,-123.06246,Entire home/apt,2,1 bath,1,$90.00,30,FALSE,FALSE,194,4.89,86,1
622217,2023-12-14,Downtown,49.27999,-123.1075,Entire home/apt,6,2 baths,3,$575.00,2,TRUE,FALSE,61,4.97,355,2
625396,2023-12-14,Kitsilano,49.270655316242745,-123.18291314738148,Entire home/apt,2,1 bath,2,$310.00,2,TRUE,FALSE,190,4.77,108,1
648026,2023-12-13,Grandview-Woodland,49.26775,-123.06862,Entire home/apt,2,1 bath,1,$88.00,30,TRUE,FALSE,66,4.88,49,1
654744,2023-12-14,West End,49.29178,-123.14175,Entire home/apt,4,2 baths,3,$150.00,30,FALSE,FALSE,75,4.74,166,1
654763,2023-12-13,Kensington-Cedar Cottage,49.2506,-123.07175,Entire home/apt,1,1 bath,1,$52.00,30,TRUE,FALSE,22,4.73,1,2
659986,2023-12-14,South Cambie,49.24413,-123.11955,Private room,2,1 private bath,1,$100.00,31,FALSE,FALSE,27,4.33,0,1
703179,2023-12-14,Downtown,49.27945,-123.10875,Entire home/apt,2,1 bath,1,NA,3,TRUE,FALSE,181,4.8,0,1
713271,2023-12-14,West End,49.28104,-123.13621,Entire home/apt,2,1 bath,1,$135.00,30,TRUE,FALSE,94,4.78,234,1
731219,2023-12-13,Kitsilano,49.26026,-123.18195,Entire home/apt,2,1 bath,2,$155.00,31,FALSE,FALSE,13,4.92,36,1
755558,2023-12-14,Kitsilano,49.25996,-123.16653,Entire home/apt,4,1 bath,2,NA,2,FALSE,FALSE,78,4.86,0,1
763445,2023-12-14,Renfrew-Collingwood,49.24438,-123.04453,Entire home/apt,2,1 bath,1,NA,3,TRUE,FALSE,237,4.78,0,1
771366,2023-12-14,Downtown,49.278350830078125,-123.1224136352539,Entire home/apt,2,1 bath,1,$240.00,30,TRUE,FALSE,10,5,341,41
771380,2023-12-14,Downtown,49.278350830078125,-123.1224136352539,Entire home/apt,6,2 baths,3,$385.00,30,TRUE,FALSE,11,4.73,365,41
784153,2023-12-13,Kitsilano,49.26186,-123.17438,Entire home/apt,2,1 bath,1,$83.00,31,TRUE,FALSE,62,4.78,270,3
785297,2023-12-14,Kitsilano,49.26355,-123.17326,Private room,2,1 private bath,1,$92.00,14,TRUE,FALSE,84,4.86,224,3
785752,2023-12-14,Kitsilano,49.26213,-123.17482,Entire home/apt,4,2 baths,3,$125.00,31,TRUE,FALSE,3,5,211,3
796603,2023-12-14,West End,49.28087,-123.13525,Shared room,1,1 shared bath,1,$30.00,30,FALSE,FALSE,0,NA,0,1
801222,2023-12-13,Fairview,49.25804,-123.12119,Entire home/apt,2,1 bath,1,$95.00,30,TRUE,FALSE,23,4.59,361,3
824612,2023-12-13,Hastings-Sunrise,49.28618,-123.05403,Entire home/apt,2,1 bath,1,$84.00,31,TRUE,FALSE,74,4.61,144,1
875309,2023-12-14,Kitsilano,49.27073,-123.16325,Entire home/apt,5,1.5 baths,2,NA,7,FALSE,FALSE,35,4.74,0,1
885600,2023-12-13,Dunbar Southlands,49.24803,-123.18517,Entire home/apt,2,1 bath,1,$140.00,3,TRUE,FALSE,275,4.92,180,1
961006,2023-12-14,Riley Park,49.23569,-123.10987,Entire home/apt,4,1 bath,2,NA,1,FALSE,TRUE,6,4.33,0,4
961831,2023-12-13,Kitsilano,49.26648,-123.15939,Private room,1,1 shared bath,1,$99.00,4,FALSE,FALSE,42,5,85,2
980511,2023-12-14,Downtown,49.27489,-123.12654,Entire home/apt,2,1 bath,1,NA,30,FALSE,FALSE,11,4.73,0,33
995174,2023-12-14,West End,49.28837,-123.12766,Entire home/apt,4,2 baths,2,NA,30,FALSE,FALSE,15,4.6,0,33
1012385,2023-12-13,Mount Pleasant,49.25674175777474,-123.08739684561344,Entire home/apt,2,1.5 baths,1,$84.00,2,TRUE,FALSE,364,4.79,145,1
1015935,2023-12-13,Downtown Eastside,49.2804,-123.08908,Entire home/apt,2,1 bath,1,$125.00,30,TRUE,FALSE,217,4.8,112,3
1021607,2023-12-14,Downtown,49.27747,-123.12098,Entire home/apt,2,1 bath,2,$70.00,30,FALSE,FALSE,110,4.85,49,1
1032892,2023-12-13,Grandview-Woodland,49.27241,-123.06332,Private room,2,1 private bath,1,$125.00,2,TRUE,FALSE,131,4.85,155,1
1061895,2023-12-13,Renfrew-Collingwood,49.24166,-123.0407,Private room,1,1.5 baths,1,$86.00,2,TRUE,FALSE,86,4.73,12,1
1092176,2023-12-14,West End,49.2843,-123.13119,Entire home/apt,2,1 bath,2,$200.00,3,FALSE,FALSE,55,4.6,32,2
1109821,2023-12-14,West End,49.29258,-123.13446,Entire home/apt,2,1 bath,1,NA,365,FALSE,FALSE,11,4.45,0,33
1113551,2023-12-14,Kitsilano,49.26110076904297,-123.1595458984375,Entire home/apt,8,2 baths,6,$780.00,7,FALSE,TRUE,48,4.85,110,1
1118858,2023-12-14,West End,49.28239,-123.13021,Private room,2,1 private bath,1,$75.00,30,FALSE,FALSE,61,4.55,360,4
1141457,2023-12-13,Downtown Eastside,49.27925,-123.08814,Entire home/apt,4,1 bath,2,$103.00,3,FALSE,FALSE,330,4.73,200,1
1178149,2023-12-14,Hastings-Sunrise,49.26957,-123.04828,Entire home/apt,2,1 bath,1,$114.00,3,TRUE,FALSE,83,4.92,172,1
1187929,2023-12-14,Kensington-Cedar Cottage,49.24965,-123.07027,Entire home/apt,4,2 baths,2,$199.00,5,TRUE,FALSE,122,4.85,45,1
1191143,2023-12-14,Kitsilano,49.26716,-123.17653,Entire home/apt,5,1.5 baths,3,$300.00,6,TRUE,FALSE,16,4.75,102,2
1214617,2023-12-14,Grandview-Woodland,49.26731,-123.06909,Entire home/apt,4,1 bath,2,$179.00,3,TRUE,FALSE,246,4.87,114,1
1223989,2023-12-14,Downtown,49.27843,-123.12901,Entire home/apt,2,1 bath,1,NA,90,FALSE,FALSE,99,4.85,0,1
1229506,2023-12-14,Grandview-Woodland,49.26596,-123.06844,Entire home/apt,6,2.5 baths,3,$520.00,3,FALSE,FALSE,14,4.92,337,1
1273760,2023-12-14,Downtown,49.28478,-123.1192,Private room,4,1 private bath,2,$183.00,2,TRUE,FALSE,583,4.86,301,2
1291394,2023-12-13,Kitsilano,49.26889,-123.18543,Entire home/apt,6,2 baths,4,$150.00,30,TRUE,FALSE,43,4.88,225,2
1309315,2023-12-14,Mount Pleasant,49.26719,-123.10982,Entire home/apt,6,3 baths,4,NA,5,FALSE,FALSE,7,4.29,0,1
1316477,2023-12-14,Downtown,49.27859,-123.11993,Entire home/apt,2,1 bath,1,NA,90,FALSE,FALSE,7,4.86,0,33
1343411,2023-12-14,Downtown Eastside,49.27627,-123.10013,Entire home/apt,2,1 bath,1,NA,1,FALSE,FALSE,54,4.7,0,1
1343519,2023-12-14,West End,49.282470000000004,-123.13068,Private room,2,1 private bath,1,$75.00,30,FALSE,FALSE,71,4.48,365,4
1360765,2023-12-14,Downtown,49.284,-123.11432,Entire home/apt,2,1 bath,1,$110.00,30,FALSE,TRUE,122,4.76,275,3
1365609,2023-12-14,West End,49.27932,-123.12911,Entire home/apt,2,1 bath,1,$123.00,4,TRUE,FALSE,187,4.89,57,1
1393599,2023-12-13,Downtown,49.27393,-123.10069,Entire home/apt,3,2 baths,2,$250.00,30,FALSE,FALSE,1,5,180,1
1399744,2023-12-13,Mount Pleasant,49.26964,-123.11064,Entire home/apt,6,2 baths,4,$450.00,30,FALSE,FALSE,13,4.77,182,1
1502887,2023-12-14,Downtown,49.29014,-123.12716,Entire home/apt,3,2 baths,2,NA,180,FALSE,FALSE,5,4.8,0,33
1507975,2023-12-14,Riley Park,49.24882,-123.09121,Private room,2,1 private bath,1,$81.00,3,FALSE,FALSE,342,4.72,0,1
1525113,2023-12-14,West End,49.29101,-123.14085,Entire home/apt,2,1 bath,1,$70.00,30,FALSE,FALSE,18,4.5,42,33
1610084,2023-12-13,Kensington-Cedar Cottage,49.259355585297335,-123.06131358343916,Entire home/apt,4,1 bath,2,$183.00,2,TRUE,TRUE,189,4.88,311,1
1623556,2023-12-13,Riley Park,49.25259,-123.09292,Entire home/apt,4,1 bath,2,$110.00,3,FALSE,FALSE,338,4.66,148,1
1629480,2023-12-13,Riley Park,49.25225,-123.10756,Entire home/apt,2,1 bath,1,$80.00,30,TRUE,FALSE,143,4.82,118,1
1657214,2023-12-14,Downtown Eastside,49.28167,-123.10984,Entire home/apt,2,2 baths,2,$250.00,30,FALSE,FALSE,6,5,166,1
1703616,2023-12-13,Kitsilano,49.26548,-123.14579,Entire home/apt,4,1.5 baths,1,$130.00,30,FALSE,FALSE,3,4.33,365,1
1717967,2023-12-13,Riley Park,49.24778,-123.09867,Entire home/apt,4,1 bath,2,$150.00,2,TRUE,FALSE,357,4.92,166,1
1733307,2023-12-14,Downtown,49.27781,-123.10637,Entire home/apt,5,1 bath,3,$199.00,1,TRUE,TRUE,152,4.85,9,1
1768817,2023-12-14,Riley Park,49.24489,-123.10302,Entire home/apt,2,1 bath,1,$95.00,30,TRUE,FALSE,72,4.9,318,1
1820919,2023-12-14,Mount Pleasant,49.2585,-123.11479,Entire home/apt,5,2.5 baths,3,$395.00,2,TRUE,FALSE,88,4.94,9,1
1830733,2023-12-13,Downtown Eastside,49.27866,-123.08627,Entire home/apt,2,1 bath,1,$150.00,2,TRUE,FALSE,269,4.9,165,4
1850984,2023-12-14,Strathcona,49.26772,-123.0975,Entire home/apt,4,1 bath,2,NA,4,FALSE,FALSE,36,4.81,0,1
1869071,2023-12-14,Downtown,49.28216,-123.12438,Entire home/apt,2,1 bath,1,$83.00,30,FALSE,FALSE,5,4,0,33
1898584,2023-12-14,Downtown,49.27915,-123.10642,Entire home/apt,2,1 bath,1,$82.00,90,FALSE,FALSE,37,4.76,75,1
1932171,2023-12-14,Grandview-Woodland,49.26861,-123.06666,Entire home/apt,2,1 bath,1,NA,31,FALSE,FALSE,11,4.64,0,1
1936740,2023-12-13,Shaughnessy,49.25646,-123.14563,Entire home/apt,2,1 bath,1,$100.00,30,FALSE,FALSE,0,NA,364,1
1962072,2023-12-14,Mount Pleasant,49.26,-123.10807,Entire home/apt,4,2.5 baths,NA,$200.00,31,FALSE,FALSE,1,5,144,1
1995592,2023-12-13,Kitsilano,49.263252,-123.164825,Private room,4,1 private bath,4,$110.00,2,TRUE,FALSE,346,4.62,78,1
2003897,2023-12-13,Fairview,49.26263,-123.11627,Entire home/apt,2,1 bath,1,$130.00,120,FALSE,FALSE,2,5,72,1
2011559,2023-12-14,Kitsilano,49.26057,-123.15881,Entire home/apt,6,3 baths,4,$594.00,5,FALSE,FALSE,43,4.91,49,1
2033952,2023-12-14,Kitsilano,49.26715,-123.15325,Entire home/apt,2,1 bath,1,NA,2,FALSE,FALSE,6,4.67,0,1
2041582,2023-12-13,Kitsilano,49.2753,-123.14721,Entire home/apt,4,1 bath,2,$125.00,30,TRUE,FALSE,253,4.96,314,1
2042431,2023-12-14,Downtown,49.28005,-123.11659,Entire home/apt,3,1 bath,2,$135.00,30,TRUE,FALSE,139,4.9,195,2
2046259,2023-12-14,Riley Park,49.23573,-123.10819,Entire home/apt,4,1 bath,2,NA,1,FALSE,TRUE,7,4.43,0,4
2056676,2023-12-13,Downtown,49.27393,-123.11599,Entire home/apt,4,1 bath,2,$110.00,30,FALSE,FALSE,95,4.47,350,3
2084273,2023-12-13,Renfrew-Collingwood,49.24976,-123.03547,Private room,1,1.5 baths,1,$85.00,31,FALSE,FALSE,46,4.85,194,5
2092610,2023-12-13,Mount Pleasant,49.2655,-123.0969,Entire home/apt,2,1 bath,1,$125.00,30,TRUE,FALSE,46,4.74,343,2
2106364,2023-12-13,Renfrew-Collingwood,49.24958,-123.0359,Private room,1,1.5 baths,1,$75.00,31,FALSE,FALSE,35,4.77,249,5
2163742,2023-12-13,Kensington-Cedar Cottage,49.26199,-123.07408,Private room,2,1 shared bath,1,$78.00,2,FALSE,FALSE,132,4.8,170,1
2168943,2023-12-14,Fairview,49.25972,-123.14269,Entire home/apt,4,2 baths,2,NA,7,FALSE,FALSE,14,4.93,0,1
2183209,2023-12-13,Kitsilano,49.26597,-123.15633,Entire home/apt,2,1 bath,1,$200.00,30,FALSE,TRUE,135,4.73,365,1
2198419,2023-12-14,Downtown,49.2773,-123.12294,Entire home/apt,3,1 bath,2,$115.00,180,FALSE,FALSE,142,4.94,257,1
2216062,2023-12-13,West Point Grey,49.26992,-123.18596,Entire home/apt,4,1 bath,3,$99.00,28,TRUE,FALSE,66,4.97,80,1
2273714,2023-12-14,Grandview-Woodland,49.27228,-123.06946,Entire home/apt,2,1.5 baths,1,$180.00,3,FALSE,FALSE,40,4.8,73,1
2282114,2023-12-14,Dunbar Southlands,49.23792,-123.18224,Entire home/apt,8,2.5 baths,4,$750.00,7,FALSE,FALSE,23,5,217,1
2365994,2023-12-14,West End,49.28298,-123.12339,Entire home/apt,2,1 bath,1,$150.00,30,FALSE,FALSE,96,4.84,0,1
2430682,2023-12-13,Kitsilano,49.27104,-123.14994,Entire home/apt,4,1 bath,2,$219.00,3,FALSE,FALSE,94,4.68,16,1
2454353,2023-12-13,Kensington-Cedar Cottage,49.23748,-123.08735,Entire home/apt,3,1 bath,2,$160.00,3,FALSE,FALSE,183,4.97,163,1
2472791,2023-12-14,Kitsilano,49.27075,-123.1541,Entire home/apt,2,1 bath,1,$195.00,5,TRUE,FALSE,20,4.8,67,1
2493042,2023-12-14,Fairview,49.26254,-123.13054,Entire home/apt,2,1 bath,1,$133.00,30,FALSE,FALSE,1,5,0,1
2502137,2023-12-14,Mount Pleasant,49.25877,-123.08299,Entire home/apt,2,1 bath,1,$90.00,30,TRUE,TRUE,53,4.94,332,1
2521520,2023-12-14,Killarney,49.21083,-123.04264,Entire home/apt,4,1 bath,1,$163.00,30,FALSE,FALSE,16,4.44,365,1
2532975,2023-12-13,Hastings-Sunrise,49.28586959838867,-123.05322265625,Entire home/apt,4,1 bath,2,$199.00,3,FALSE,FALSE,46,4.78,335,1
2576878,2023-12-13,Fairview,49.25865,-123.12294,Entire home/apt,2,1 bath,1,$106.00,30,TRUE,FALSE,8,4.88,255,3
2592307,2023-12-13,South Cambie,49.25222,-123.1186,Entire home/apt,2,1 bath,2,$112.00,2,TRUE,TRUE,710,4.92,112,1
2644110,2023-12-14,Grandview-Woodland,49.28545,-123.06435,Entire home/apt,3,1 bath,1,NA,6,FALSE,FALSE,22,4.86,0,1
2653578,2023-12-14,Downtown,49.28044,-123.12496,Entire home/apt,4,1 bath,2,$124.00,1,FALSE,TRUE,408,4.71,0,1
2658803,2023-12-14,West End,49.28169,-123.12628,Entire home/apt,4,1 bath,2,NA,30,FALSE,FALSE,19,4.53,0,33
2669445,2023-12-13,West Point Grey,49.27109,-123.2088,Entire home/apt,2,1 bath,1,$94.00,30,FALSE,FALSE,13,4.77,365,1
2675179,2023-12-13,Kitsilano,49.27512,-123.15131,Entire home/apt,4,2 baths,2,$295.00,30,TRUE,FALSE,102,4.95,226,1
2709965,2023-12-14,Kensington-Cedar Cottage,49.25572,-123.06554,Private room,2,1 shared bath,1,NA,1,FALSE,TRUE,106,4.45,0,1
2710628,2023-12-14,Hastings-Sunrise,49.26523149806469,-123.03565216064452,Entire home/apt,2,1 bath,1,$124.00,1,TRUE,FALSE,21,4.9,322,1
2730555,2023-12-13,Mount Pleasant,49.26536,-123.09943,Entire home/apt,2,1 bath,1,$190.00,3,TRUE,FALSE,138,4.93,90,1
2764812,2023-12-14,Downtown,49.27992,-123.12658,Entire home/apt,6,2 baths,4,$244.00,1,TRUE,FALSE,173,4.86,171,1
2812038,2023-12-13,Mount Pleasant,49.25665,-123.10039,Entire home/apt,4,1 bath,2,$168.00,1,TRUE,TRUE,215,4.93,96,1
2831971,2023-12-14,Grandview-Woodland,49.27465,-123.0669,Entire home/apt,3,1 bath,2,$60.00,30,FALSE,FALSE,2,5,347,1
2836478,2023-12-14,Downtown,49.27293,-123.12547000000001,Entire home/apt,4,2 baths,3,NA,90,FALSE,FALSE,3,5,0,1
2847310,2023-12-14,Downtown Eastside,49.282470000000004,-123.10342,Entire home/apt,2,1 bath,1,$241.00,2,TRUE,FALSE,458,4.95,209,1
2876573,2023-12-14,Downtown,49.28945,-123.12665,Entire home/apt,2,1 bath,1,$163.00,30,FALSE,FALSE,0,NA,364,1
2944104,2023-12-14,Downtown,49.27795,-123.11734,Entire home/apt,2,1 bath,1,$110.00,30,FALSE,FALSE,101,4.63,248,3
2958786,2023-12-13,West End,49.29314,-123.13535,Private room,1,1 bath,1,$117.00,2,TRUE,FALSE,403,4.8,70,1
2966088,2023-12-14,Kensington-Cedar Cottage,49.247898,-123.082802,Entire home/apt,6,2 baths,4,$209.00,30,TRUE,FALSE,51,4.71,350,2
2985232,2023-12-14,West Point Grey,49.26338,-123.18966,Entire home/apt,3,2.5 baths,2,NA,7,FALSE,FALSE,11,4.91,0,1
2988185,2023-12-14,West End,49.28884,-123.13288,Entire home/apt,4,1 bath,3,$98.00,30,FALSE,FALSE,5,4.8,25,33
2988465,2023-12-14,West End,49.28748,-123.1289,Entire home/apt,2,1 bath,1,$87.00,30,FALSE,FALSE,7,5,38,33
2997414,2023-12-14,Strathcona,49.27629,-123.09888,Entire home/apt,4,2 baths,2,NA,30,TRUE,FALSE,8,4.88,0,1
3018758,2023-12-14,Hastings-Sunrise,49.28006,-123.05409,Entire home/apt,6,2.5 baths,5,NA,3,FALSE,FALSE,2,5,0,1
3040736,2023-12-14,Downtown,49.2796,-123.12152,Entire home/apt,2,1 bath,1,NA,32,FALSE,FALSE,0,NA,0,33
3068198,2023-12-14,Kitsilano,49.26682,-123.15312,Entire home/apt,3,1 bath,2,NA,4,FALSE,FALSE,1,5,0,1
3093219,2023-12-14,Kitsilano,49.2669,-123.18107,Entire home/apt,6,2 baths,3,$425.00,2,FALSE,FALSE,20,5,10,1
3100878,2023-12-14,Downtown,49.27622,-123.12585,Entire home/apt,2,1 bath,NA,$115.00,30,FALSE,FALSE,3,5,272,1
3124378,2023-12-14,Downtown,49.27511,-123.12679,Entire home/apt,2,1 bath,1,NA,31,FALSE,FALSE,5,5,0,33
3130486,2023-12-13,Mount Pleasant,49.26731,-123.09774,Entire home/apt,2,1 bath,1,$139.00,3,TRUE,FALSE,123,4.81,14,2
3133244,2023-12-14,West End,49.27917,-123.1337,Entire home/apt,2,1 bath,1,$200.00,30,FALSE,FALSE,76,4.58,0,1
3138351,2023-12-13,Renfrew-Collingwood,49.24187,-123.03668,Private room,2,1 shared bath,1,$50.00,7,FALSE,FALSE,46,4.63,29,2
3142563,2023-12-14,Kitsilano,49.26366,-123.18138,Entire home/apt,2,1 bath,1,$110.00,1,TRUE,FALSE,210,4.9,0,1
3158555,2023-12-13,Hastings-Sunrise,49.2785,-123.05217,Entire home/apt,2,1 bath,1,$80.00,2,FALSE,FALSE,199,4.82,0,1
3158923,2023-12-14,Grandview-Woodland,49.26802,-123.07374,Entire home/apt,6,1 bath,3,NA,2,FALSE,FALSE,0,NA,0,1
3168686,2023-12-14,Downtown Eastside,49.2839,-123.10111,Entire home/apt,4,1 bath,2,$188.00,1,TRUE,FALSE,64,4.77,9,2
3177610,2023-12-14,Downtown,49.27914,-123.12016,Entire home/apt,4,1.5 baths,2,$400.00,30,FALSE,FALSE,24,4.96,179,1
3183304,2023-12-13,Renfrew-Collingwood,49.24348,-123.03844,Private room,2,1 shared bath,1,$40.00,30,FALSE,FALSE,50,4.62,89,2
3194330,2023-12-14,Grandview-Woodland,49.26989254514103,-123.0654059540458,Entire home/apt,3,1 bath,3,$95.00,30,FALSE,FALSE,1,5,270,1
3215295,2023-12-13,Riley Park,49.2498,-123.10378,Entire home/apt,2,1 bath,1,$120.00,30,TRUE,FALSE,54,4.87,354,1
3230030,2023-12-14,Downtown,49.28875,-123.12417,Entire home/apt,2,1 bath,1,NA,30,FALSE,FALSE,6,5,0,33
3230315,2023-12-14,Downtown,49.28886,-123.12616,Entire home/apt,2,1 bath,1,$93.00,30,FALSE,FALSE,3,4.67,16,33
3241017,2023-12-14,Downtown,49.2782,-123.10575,Entire home/apt,2,1 bath,1,NA,3,TRUE,FALSE,146,4.95,0,1
3248971,2023-12-14,West End,49.28719,-123.12856,Entire home/apt,1,1 bath,1,$73.00,30,FALSE,FALSE,2,5,42,33
3258141,2023-12-14,Kitsilano,49.27197,-123.17999,Entire home/apt,5,1.5 baths,4,NA,7,FALSE,FALSE,5,4.4,0,1
3302983,2023-12-14,Downtown,49.29004,-123.12665,Entire home/apt,2,1 bath,1,NA,60,FALSE,FALSE,1,5,0,33
3309313,2023-12-14,Downtown,49.27899,-123.12156,Entire home/apt,6,2 baths,3,$385.00,30,TRUE,FALSE,4,4.5,365,41
3331054,2023-12-13,Hastings-Sunrise,49.28488,-123.02993,Entire home/apt,2,1 bath,1,$84.00,30,TRUE,FALSE,96,4.83,152,1
3340865,2023-12-14,Dunbar Southlands,49.2472936,-123.1706461,Entire home/apt,3,1 bath,2,$108.00,2,TRUE,FALSE,19,5,0,1
3342823,2023-12-13,Kitsilano,49.26769548861046,-123.15297966446786,Entire home/apt,4,1 bath,1,$275.00,2,FALSE,FALSE,116,4.55,269,1
3379799,2023-12-14,Kitsilano,49.26214586003144,-123.18029817007611,Entire home/apt,8,2 baths,6,$681.00,4,FALSE,FALSE,7,4.86,41,1
3379810,2023-12-14,Hastings-Sunrise,49.27402,-123.054,Entire home/apt,5,2 baths,3,NA,3,FALSE,FALSE,8,5,0,1
3415750,2023-12-14,West End,49.28374,-123.12267,Entire home/apt,2,1 bath,1,$125.00,30,TRUE,FALSE,103,4.68,316,1
3425973,2023-12-13,Kitsilano,49.27523,-123.1524,Entire home/apt,3,2.5 baths,2,$234.00,7,TRUE,FALSE,18,4.67,55,1
3430102,2023-12-14,Renfrew-Collingwood,49.23322,-123.02764,Private room,2,1 bath,1,NA,4,FALSE,FALSE,4,5,0,1
3458717,2023-12-14,Kitsilano,49.26867,-123.16656,Entire home/apt,6,4.5 baths,3,$394.00,1,FALSE,FALSE,125,4.77,263,3
3479638,2023-12-13,Renfrew-Collingwood,49.24559,-123.04974,Private room,1,1 shared bath,1,$90.00,30,FALSE,TRUE,29,4.55,240,5
3534949,2023-12-13,Dunbar Southlands,49.25782,-123.20131,Private room,3,1.5 baths,1,$126.00,3,FALSE,FALSE,100,4.76,89,1
3563108,2023-12-14,Downtown Eastside,49.27928,-123.07949,Private room,2,1 private bath,1,$95.00,2,FALSE,TRUE,449,4.83,0,1
3577737,2023-12-14,Hastings-Sunrise,49.27021,-123.03816,Entire home/apt,2,1 bath,1,$150.00,1,TRUE,FALSE,249,4.77,0,1
3594666,2023-12-14,Downtown,49.27656,-123.11813,Entire home/apt,4,1 bath,2,$452.00,30,TRUE,FALSE,12,4.42,365,5
3621849,2023-12-14,Hastings-Sunrise,49.29169,-123.05097,Entire home/apt,10,3 baths,5,$414.00,1,TRUE,FALSE,201,4.75,0,2
3629071,2023-12-13,Grandview-Woodland,49.27198,-123.0681,Entire home/apt,2,1 bath,1,$130.00,2,TRUE,FALSE,711,4.92,226,1
3638973,2023-12-13,Renfrew-Collingwood,49.24389,-123.0485,Private room,2,1 shared bath,1,$137.00,30,FALSE,FALSE,24,4.29,270,5
3678827,2023-12-14,Downtown,49.27514,-123.12373,Entire home/apt,4,2 baths,2,$380.00,90,FALSE,FALSE,0,NA,362,1
3678989,2023-12-14,Grandview-Woodland,49.27166,-123.06616,Entire home/apt,4,1 bath,2,$121.00,2,TRUE,TRUE,344,4.77,0,1
3679016,2023-12-14,Grandview-Woodland,49.27412,-123.07405,Entire home/apt,2,1 bath,1,NA,3,FALSE,FALSE,96,4.97,0,1
3742414,2023-12-13,West Point Grey,49.26013,-123.1891,Entire home/apt,5,1.5 baths,4,$185.00,2,TRUE,FALSE,202,4.71,273,1
3766620,2023-12-14,Kitsilano,49.26268,-123.14881,Entire home/apt,2,1 bath,2,NA,7,FALSE,FALSE,32,4.41,0,1
3803319,2023-12-14,Mount Pleasant,49.25725,-123.08369,Entire home/apt,6,2 baths,4,$199.00,4,FALSE,FALSE,64,4.83,0,1
3811719,2023-12-14,Downtown,49.28873,-123.12582,Entire home/apt,2,1 bath,1,$88.00,30,FALSE,FALSE,3,5,13,33
3812348,2023-12-13,Riley Park,49.2357,-123.10428,Private room,2,1 private bath,1,$85.00,3,TRUE,FALSE,765,4.93,72,1
3829365,2023-12-13,Grandview-Woodland,49.26998,-123.06769,Entire home/apt,2,1 bath,1,$95.00,1,TRUE,FALSE,650,4.8,37,1
3857478,2023-12-14,West End,49.2852,-123.13391,Entire home/apt,3,1 bath,2,$141.00,30,FALSE,FALSE,201,4.85,71,1
3859085,2023-12-13,Mount Pleasant,49.26037,-123.10503,Private room,1,1 private bath,1,$104.00,3,TRUE,FALSE,467,4.98,279,1
3888379,2023-12-14,Grandview-Woodland,49.26756,-123.06667,Entire home/apt,4,1 bath,2,$155.00,4,TRUE,FALSE,74,4.65,40,2
3902807,2023-12-14,Kitsilano,49.2649,-123.16641,Entire home/apt,4,2 baths,2,$395.00,30,FALSE,FALSE,0,NA,144,1
3971726,2023-12-14,Downtown,49.28169,-123.11802,Entire home/apt,2,1 bath,2,$98.00,30,FALSE,FALSE,212,4.92,0,1
3994011,2023-12-13,West End,49.29236,-123.13936,Entire home/apt,2,1 bath,1,$80.00,30,FALSE,FALSE,12,4.83,37,33
4054111,2023-12-13,Mount Pleasant,49.25886,-123.10898,Entire home/apt,4,2 baths,3,$321.00,2,TRUE,FALSE,251,4.96,220,1
4075378,2023-12-13,Downtown,49.27399,-123.12399,Entire home/apt,2,1 bath,1,$120.00,30,FALSE,FALSE,106,4.65,364,1
4104870,2023-12-13,Grandview-Woodland,49.2719668,-123.0706379,Entire home/apt,5,1 bath,3,$138.00,5,TRUE,FALSE,109,4.72,360,3
4118193,2023-12-14,Downtown,49.28063,-123.12652,Entire home/apt,4,1 bath,2,$542.00,1,TRUE,FALSE,0,NA,361,1
4120301,2023-12-14,Downtown,49.27949,-123.10711,Entire home/apt,5,2 baths,2,$169.00,30,FALSE,FALSE,18,4.39,364,13
4137579,2023-12-14,Grandview-Woodland,49.27585,-123.06803,Entire home/apt,2,1 bath,1,$229.00,3,FALSE,FALSE,121,4.84,356,1
4145030,2023-12-13,Killarney,49.22826,-123.03193,Private room,2,1 private bath,1,$153.00,2,TRUE,FALSE,35,4.57,365,5
4179637,2023-12-14,Downtown,49.27429,-123.12966,Private room,2,1 private bath,1,NA,2,TRUE,TRUE,61,4.98,0,1
4225233,2023-12-14,West End,49.28409,-123.12462,Entire home/apt,2,1 bath,1,$123.00,30,TRUE,FALSE,63,4.84,346,1
4244379,2023-12-14,Downtown Eastside,49.28109,-123.10671,Entire home/apt,3,1 bath,2,$148.00,2,FALSE,FALSE,450,4.87,0,1
4256725,2023-12-13,Hastings-Sunrise,49.28675,-123.04766,Entire home/apt,2,1 bath,1,$132.00,2,TRUE,FALSE,70,4.91,76,1
4318059,2023-12-14,Downtown,49.27707,-123.11507,Entire home/apt,2,1 bath,2,$200.00,182,FALSE,FALSE,21,4.95,365,2
4348412,2023-12-14,Kitsilano,49.2669,-123.16656,Entire home/apt,4,1 bath,2,NA,3,FALSE,FALSE,340,4.86,0,1
4377155,2023-12-14,Kensington-Cedar Cottage,49.25595,-123.07807,Entire home/apt,5,2 baths,3,NA,5,FALSE,FALSE,38,4.87,0,1
4395511,2023-12-14,Renfrew-Collingwood,49.23695,-123.03251,Private room,2,1 bath,1,$55.00,4,TRUE,FALSE,306,4.82,0,2
4404431,2023-12-14,Kitsilano,49.26184,-123.14763,Entire home/apt,8,2.5 baths,4,NA,5,FALSE,FALSE,12,5,0,1
4418911,2023-12-14,Kitsilano,49.27351,-123.15035,Entire home/apt,2,1 bath,1,$140.00,28,FALSE,FALSE,31,4.9,0,1
4465068,2023-12-13,Kitsilano,49.27487,-123.14964,Entire home/apt,5,2.5 baths,3,$675.00,2,TRUE,FALSE,28,4.89,88,1
4465400,2023-12-14,Kitsilano,49.27315,-123.16093,Entire home/apt,8,3.5 baths,4,$543.00,4,FALSE,FALSE,42,4.98,6,1
4493377,2023-12-13,Kitsilano,49.26137,-123.16982,Entire home/apt,4,1 bath,2,$155.00,30,TRUE,FALSE,117,4.85,161,1
4495075,2023-12-14,West End,49.287994384765625,-123.12734985351562,Entire home/apt,2,1 bath,1,$115.00,30,FALSE,FALSE,0,NA,70,1
4510264,2023-12-14,Hastings-Sunrise,49.27216,-123.04006,Entire home/apt,7,2 baths,4,NA,3,FALSE,FALSE,12,4.92,0,2
4568364,2023-12-14,West Point Grey,49.26424,-123.20055,Entire home/apt,6,1 bath,4,$156.00,2,TRUE,FALSE,314,4.75,0,1
4588807,2023-12-13,Mount Pleasant,49.27186,-123.10121,Private room,2,1 shared bath,1,$225.00,30,FALSE,FALSE,73,4.88,364,2
4624838,2023-12-13,Mount Pleasant,49.26041,-123.09035,Private room,2,1 private bath,1,$79.00,5,TRUE,FALSE,237,4.75,71,2
4630113,2023-12-14,Renfrew-Collingwood,49.2346,-123.02652,Entire home/apt,2,1 bath,1,$100.00,35,FALSE,FALSE,15,5,7,1
4637856,2023-12-13,Grandview-Woodland,49.28111,-123.07293,Entire home/apt,4,2 baths,1,$110.00,30,FALSE,FALSE,9,5,144,1
4659229,2023-12-13,Riley Park,49.25107,-123.1025,Entire home/apt,2,1 bath,1,$125.00,4,TRUE,FALSE,187,4.75,250,1
4679955,2023-12-13,Kitsilano,49.26329,-123.18427,Entire home/apt,8,1.5 baths,3,$250.00,31,FALSE,FALSE,82,4.88,133,1
4694785,2023-12-14,Downtown,49.27856,-123.125,Entire home/apt,4,1 bath,1,NA,6,FALSE,FALSE,3,4.67,0,1
4699429,2023-12-13,Renfrew-Collingwood,49.24808,-123.03588,Private room,1,1 shared bath,1,$65.00,31,FALSE,FALSE,5,4.8,50,5
4701041,2023-12-13,Renfrew-Collingwood,49.24869,-123.03572,Private room,1,1 shared bath,1,$65.00,31,FALSE,FALSE,2,4.5,134,5
4701190,2023-12-14,Renfrew-Collingwood,49.24961,-123.03755,Entire home/apt,2,1 bath,2,$150.00,31,FALSE,FALSE,12,4.83,135,5
4747128,2023-12-14,Downtown,49.27469,-123.13217,Entire home/apt,4,1.5 baths,2,$363.00,4,TRUE,FALSE,171,4.96,181,1
4787924,2023-12-14,Kensington-Cedar Cottage,49.25244,-123.0623,Entire home/apt,2,1 bath,1,$85.00,30,TRUE,FALSE,156,4.91,163,1
4849995,2023-12-14,Downtown,49.27147,-123.12661,Entire home/apt,4,2 baths,2,$250.00,30,TRUE,FALSE,18,5,181,8
4856515,2023-12-13,Riley Park,49.24027,-123.10221,Private room,1,1 shared bath,1,$100.00,5,FALSE,FALSE,67,4.61,254,2
4888430,2023-12-13,Mount Pleasant,49.261467,-123.082291,Entire home/apt,2,1 bath,1,$102.00,3,TRUE,FALSE,516,4.92,142,1
4902682,2023-12-14,Grandview-Woodland,49.27315,-123.06846,Entire home/apt,8,2 baths,3,$425.00,12,FALSE,FALSE,20,4.85,49,1
4924996,2023-12-14,Grandview-Woodland,49.27517,-123.06581,Entire home/apt,6,1.5 baths,4,$185.00,2,FALSE,FALSE,20,4.65,349,2
4942126,2023-12-14,Fairview,49.26616,-123.12985,Private room,2,1 private bath,1,$95.00,3,FALSE,FALSE,143,4.94,156,2
4995055,2023-12-14,Riley Park,49.24531,-123.09533,Entire home/apt,2,1 bath,1,$81.00,30,TRUE,FALSE,58,4.83,0,3
5005722,2023-12-13,West Point Grey,49.25965,-123.20512,Entire home/apt,6,1 bath,3,$411.00,4,TRUE,FALSE,134,4.9,251,1
5089343,2023-12-14,West End,49.28165,-123.12841,Private room,2,1 shared bath,2,NA,2,FALSE,FALSE,73,4.97,0,1
5104748,2023-12-14,Shaughnessy,49.23843039799316,-123.15372381359336,Private room,2,1 private bath,1,$75.00,1,FALSE,TRUE,27,4.93,364,4
5104965,2023-12-14,Shaughnessy,49.2384864,-123.152607,Entire home/apt,2,1 bath,1,$88.00,1,FALSE,TRUE,40,4.83,351,4
5154272,2023-12-13,Downtown,49.27508,-123.12388,Entire home/apt,2,1 bath,1,$200.00,30,TRUE,FALSE,17,4.94,59,8
5154591,2023-12-14,Fairview,49.26106,-123.13975,Entire home/apt,2,1 bath,2,$307.00,2,FALSE,FALSE,6,5,0,1
5278749,2023-12-14,Mount Pleasant,49.2644,-123.09873,Entire home/apt,2,1 bath,1,NA,2,FALSE,FALSE,92,4.91,0,1
5315811,2023-12-13,Fairview,49.25872,-123.12185,Private room,2,1 private bath,1,$85.00,30,TRUE,FALSE,10,4.7,254,3
5347437,2023-12-14,Downtown,49.28045,-123.10871,Entire home/apt,3,1 bath,2,$157.00,2,FALSE,FALSE,301,4.43,327,2
5391067,2023-12-14,Downtown Eastside,49.28287,-123.09425,Entire home/apt,2,1 bath,2,NA,2,FALSE,FALSE,50,4.66,0,1
5415806,2023-12-14,Downtown,49.27841,-123.10815,Entire home/apt,3,1 bath,2,$125.00,31,FALSE,FALSE,6,4.17,179,2
5423637,2023-12-14,West End,49.2827,-123.1241,Entire home/apt,3,1 bath,2,$165.00,30,TRUE,FALSE,72,4.88,317,12
5439203,2023-12-13,Downtown,49.27638,-123.12394,Entire home/apt,2,1 bath,1,$118.00,30,TRUE,FALSE,166,4.91,251,3
5459210,2023-12-14,Mount Pleasant,49.25853,-123.08005,Entire home/apt,4,2 baths,4,NA,10,FALSE,FALSE,10,4.6,0,1
5471844,2023-12-14,Kensington-Cedar Cottage,49.24731,-123.08777,Entire home/apt,2,1 bath,1,$119.00,2,TRUE,FALSE,948,4.92,0,1
5480529,2023-12-14,West End,49.287139892578125,-123.12576293945312,Entire home/apt,6,2 baths,3,$225.00,30,FALSE,FALSE,37,4.97,251,1
5490474,2023-12-13,Kitsilano,49.27105,-123.18246,Entire home/apt,4,1 bath,2,$149.00,7,FALSE,FALSE,92,4.75,169,2
5571829,2023-12-14,Downtown,49.27832,-123.12109,Entire home/apt,2,1 bath,1,$129.00,30,TRUE,FALSE,38,5,142,1
5602997,2023-12-13,Grandview-Woodland,49.27549,-123.06406,Entire home/apt,4,1 bath,2,$213.00,2,TRUE,FALSE,293,4.95,158,1
5631903,2023-12-14,South Cambie,49.24942,-123.12413,Entire home/apt,4,1 bath,2,$207.00,3,TRUE,FALSE,240,4.83,0,1
5638429,2023-12-14,Downtown,49.27899,-123.11767999999999,Entire home/apt,4,1 bath,2,$114.00,30,TRUE,FALSE,63,4.87,364,1
5642121,2023-12-14,Grandview-Woodland,49.26914,-123.05684,Entire home/apt,2,1 bath,1,$135.00,1,TRUE,TRUE,416,4.85,0,1
5649604,2023-12-14,Grandview-Woodland,49.27694,-123.06243,Entire home/apt,4,2 baths,2,$249.00,21,FALSE,FALSE,83,4.83,54,1
5670706,2023-12-14,West End,49.28722,-123.12588,Entire home/apt,2,1 bath,1,$139.00,360,FALSE,FALSE,28,4.93,137,1
5747556,2023-12-13,Grandview-Woodland,49.27213668823242,-123.07023620605467,Entire home/apt,5,1 bath,2,$177.00,5,TRUE,FALSE,116,4.75,356,3
5759976,2023-12-14,Downtown Eastside,49.27851,-123.09941,Entire home/apt,3,1 bath,2,NA,4,FALSE,TRUE,38,4.87,0,1
5761885,2023-12-14,Grandview-Woodland,49.28512,-123.05801,Entire home/apt,2,1 bath,1,NA,85,FALSE,FALSE,1,5,0,1
5795871,2023-12-14,Downtown,49.28084,-123.12598,Entire home/apt,2,1 bath,1,NA,30,FALSE,FALSE,8,5,0,33
5814747,2023-12-13,Renfrew-Collingwood,49.24554,-123.05089,Entire home/apt,2,1 bath,1,$108.00,3,TRUE,TRUE,341,4.9,45,1
5877217,2023-12-14,West End,49.28941,-123.12908,Entire home/apt,2,1 bath,1,$120.00,30,FALSE,FALSE,26,4.88,259,1
5881530,2023-12-14,Grandview-Woodland,49.27675,-123.06537,Entire home/apt,5,1 bath,2,$144.00,2,TRUE,FALSE,398,4.93,155,1
5919984,2023-12-13,Downtown,49.27555,-123.11307,Entire home/apt,2,1 bath,1,$175.00,30,TRUE,FALSE,3,5,164,8
5961772,2023-12-14,Downtown,49.27818,-123.13048,Entire home/apt,2,1 bath,1,$250.00,270,FALSE,FALSE,0,NA,0,1
6018284,2023-12-14,Grandview-Woodland,49.27572,-123.06039,Entire home/apt,8,1.5 baths,4,$764.00,4,FALSE,FALSE,19,4.68,162,1
6032973,2023-12-14,West Point Grey,49.26442,-123.19224,Entire home/apt,8,4 baths,4,"$1,118.00",3,FALSE,FALSE,38,5,151,1
6045404,2023-12-14,Riley Park,49.24506,-123.09533,Entire home/apt,6,3.5 baths,4,NA,14,TRUE,FALSE,27,4.93,0,3
6128764,2023-12-14,Downtown,49.27915828402665,-123.12338544921194,Entire home/apt,4,2 baths,2,$299.00,30,TRUE,FALSE,135,4.91,303,2
6134895,2023-12-14,Mount Pleasant,49.25679,-123.07926,Entire home/apt,8,2.5 baths,4,$200.00,3,TRUE,FALSE,192,4.82,226,1
6166558,2023-12-14,Fairview,49.26649,-123.12179,Entire home/apt,6,1.5 baths,3,NA,30,FALSE,FALSE,5,4.6,0,1
6226872,2023-12-13,Hastings-Sunrise,49.26407,-123.03992,Entire home/apt,2,1 bath,1,$52.00,5,TRUE,FALSE,80,4.78,10,2
6239107,2023-12-14,Downtown,49.27809,-123.12919,Entire home/apt,3,1 bath,2,NA,60,FALSE,FALSE,14,4.64,0,1
6270968,2023-12-14,Downtown,49.27912,-123.12066,Entire home/apt,4,2 baths,2,$350.00,30,FALSE,FALSE,37,4.84,252,1
6324453,2023-12-14,Mount Pleasant,49.26071,-123.09265,Entire home/apt,10,2.5 baths,4,$607.00,3,TRUE,TRUE,79,4.89,323,1
6347338,2023-12-13,Riley Park,49.25076,-123.10873,Entire home/apt,2,1 bath,1,$140.00,30,TRUE,FALSE,87,4.91,365,1
6364673,2023-12-14,Downtown,49.27729,-123.11603,Entire home/apt,6,1 bath,3,NA,1,TRUE,FALSE,29,4.72,0,2
6365193,2023-12-14,Grandview-Woodland,49.2716,-123.06175,Entire home/apt,3,1 bath,1,NA,5,FALSE,FALSE,5,4.8,0,1
6407591,2023-12-14,Hastings-Sunrise,49.26624,-123.04491,Entire home/apt,6,1.5 baths,4,NA,14,FALSE,FALSE,9,4.56,0,1
6416204,2023-12-14,West End,49.27942,-123.13355,Entire home/apt,2,1 bath,1,$156.00,30,FALSE,FALSE,171,4.94,364,1
6416686,2023-12-13,Renfrew-Collingwood,49.24373,-123.04979,Private room,2,1 shared bath,1,$150.00,30,FALSE,TRUE,17,4.47,90,5
6421331,2023-12-13,Hastings-Sunrise,49.28038,-123.02865,Entire home/apt,4,1.5 baths,2,$250.00,30,FALSE,FALSE,63,4.95,359,2
6425616,2023-12-14,Downtown Eastside,49.28113,-123.10764,Entire home/apt,4,2 baths,2,$325.00,30,TRUE,FALSE,277,4.87,83,1
6426269,2023-12-13,Fairview,49.26145,-123.13173,Entire home/apt,2,1 bath,1,$214.00,2,FALSE,FALSE,4,4.5,306,1
6452450,2023-12-14,West End,49.29241,-123.13471,Entire home/apt,2,1 bath,1,NA,30,FALSE,FALSE,4,4.75,0,1
6453318,2023-12-14,Downtown Eastside,49.28208,-123.10801,Entire home/apt,2,1 bath,1,$149.00,75,FALSE,FALSE,7,5,104,1
6468462,2023-12-14,Grandview-Woodland,49.26742,-123.0665,Entire home/apt,6,2.5 baths,2,NA,3,TRUE,FALSE,15,4.93,0,2
6493890,2023-12-14,Mount Pleasant,49.26644,-123.08922,Entire home/apt,2,1 bath,1,NA,30,FALSE,FALSE,43,4.81,0,1
6494884,2023-12-14,Grandview-Woodland,49.27177,-123.06063,Entire home/apt,6,2.5 baths,3,$475.00,5,FALSE,FALSE,59,4.95,314,1
6602481,2023-12-14,Downtown,49.27806,-123.13061,Entire home/apt,2,1 bath,1,$141.00,5,TRUE,FALSE,125,4.73,170,1
6611269,2023-12-13,Renfrew-Collingwood,49.25472,-123.03387,Entire home/apt,2,1 bath,1,$68.00,30,TRUE,FALSE,62,4.84,53,3
6643391,2023-12-14,Downtown,49.27551,-123.12431,Entire home/apt,2,2 baths,1,NA,30,TRUE,FALSE,24,4.58,0,1
6645469,2023-12-13,Kitsilano,49.26049,-123.17747,Entire home/apt,3,1 bath,1,$146.00,2,TRUE,FALSE,345,4.95,16,1
6660457,2023-12-14,West End,49.28695,-123.12654,Private room,1,1 shared bath,1,$63.00,30,TRUE,TRUE,258,4.84,69,2
6692629,2023-12-13,Kitsilano,49.2668,-123.15955,Private room,1,1 shared bath,1,$120.00,4,FALSE,FALSE,53,4.98,40,2
6732143,2023-12-13,Riley Park,49.2482,-123.09623,Entire home/apt,2,1 bath,1,$126.00,14,FALSE,FALSE,248,4.86,132,1
6808688,2023-12-14,Downtown,49.28945,-123.12525,Private room,1,1 shared bath,1,$61.00,30,TRUE,TRUE,344,4.79,62,2
6812180,2023-12-13,Downtown Eastside,49.27853,-123.09265,Entire home/apt,3,1 bath,2,$128.00,3,TRUE,FALSE,325,4.91,150,1
6836507,2023-12-14,Downtown,49.27878,-123.11624,Entire home/apt,4,2 baths,2,$250.00,399,FALSE,FALSE,0,NA,365,1
6854409,2023-12-14,Fairview,49.26408,-123.12831,Entire home/apt,2,1 bath,2,NA,4,FALSE,FALSE,32,4.81,0,1
6863617,2023-12-13,Downtown Eastside,49.27954,-123.0919,Private room,2,1 private bath,1,$131.00,3,TRUE,FALSE,154,4.92,355,1
6867548,2023-12-13,Riley Park,49.23443,-123.10683,Entire home/apt,6,1.5 baths,2,$107.00,90,TRUE,FALSE,127,4.92,299,1
6871805,2023-12-14,Kensington-Cedar Cottage,49.2439,-123.08738,Entire home/apt,9,2.5 baths,4,NA,2,TRUE,FALSE,141,4.86,0,1
6897283,2023-12-14,Dunbar Southlands,49.2539,-123.17975,Entire home/apt,5,1.5 baths,2,$120.00,10,FALSE,FALSE,19,4.74,89,2
6939529,2023-12-14,Kerrisdale,49.22347,-123.14169,Entire home/apt,2,1.5 baths,1,$134.00,30,FALSE,FALSE,160,4.76,345,1
6975013,2023-12-13,Mount Pleasant,49.26484,-123.09867,Entire home/apt,2,1 bath,1,$191.00,10,FALSE,FALSE,44,4.8,28,1
6977279,2023-12-14,Sunset,49.217,-123.09479,Entire home/apt,8,2 baths,5,NA,3,FALSE,FALSE,29,4.79,0,1
6990532,2023-12-14,West End,49.29107,-123.14394,Entire home/apt,2,1 bath,1,$407.00,30,FALSE,FALSE,16,4.25,89,1
6993905,2023-12-14,West End,49.28373,-123.13267,Private room,2,1 private bath,1,$102.00,1,TRUE,FALSE,455,4.89,0,1
7022315,2023-12-14,Sunset,49.22261,-123.10396,Entire home/apt,6,1.5 baths,4,$200.00,30,FALSE,FALSE,21,4.76,24,1
7027063,2023-12-14,Kensington-Cedar Cottage,49.24631,-123.08651,Entire home/apt,2,1 bath,1,NA,30,FALSE,TRUE,12,5,0,1
7034128,2023-12-13,Hastings-Sunrise,49.28053,-123.02698,Entire home/apt,4,1 bath,2,$220.00,30,FALSE,FALSE,67,4.84,286,2
7054627,2023-12-14,Victoria-Fraserview,49.2308,-123.07286,Entire home/apt,3,1 bath,1,$100.00,30,FALSE,FALSE,78,4.87,292,1
7071924,2023-12-14,Downtown,49.27832,-123.12194,Entire home/apt,3,1 bath,2,$147.00,1,FALSE,TRUE,411,4.33,48,1
7091335,2023-12-14,Kensington-Cedar Cottage,49.23738,-123.06686,Entire home/apt,4,1 bath,2,NA,30,FALSE,FALSE,24,4.5,0,1
7112627,2023-12-14,Fairview,49.26746,-123.12785,Entire home/apt,4,2 baths,2,$283.00,7,FALSE,FALSE,10,5,154,2
7148892,2023-12-13,South Cambie,49.25558,-123.11997,Entire home/apt,2,1 bath,1,$129.00,1,TRUE,FALSE,47,4.79,60,1
7163201,2023-12-13,Downtown,49.2749372597153,-123.10012229593563,Private room,2,1 private bath,1,$125.00,2,TRUE,FALSE,147,4.87,172,1
7183413,2023-12-14,Grandview-Woodland,49.27041565656077,-123.06965190834626,Private room,2,1 private bath,1,$105.00,2,TRUE,FALSE,183,4.98,29,1
7248669,2023-12-13,Hastings-Sunrise,49.28426,-123.02832,Entire home/apt,3,1 bath,2,$189.00,2,FALSE,FALSE,80,4.96,363,1
7327653,2023-12-14,Downtown,49.27749,-123.12297,Entire home/apt,2,1 bath,1,$250.00,30,FALSE,FALSE,3,5,88,1
7365327,2023-12-13,Kitsilano,49.26276,-123.14645,Entire home/apt,6,1 bath,4,$400.00,1,FALSE,FALSE,66,4.88,359,5
7432239,2023-12-13,West Point Grey,49.26405,-123.18769,Entire home/apt,6,1 bath,3,$213.00,30,TRUE,FALSE,64,4.97,304,1
7436700,2023-12-14,Fairview,49.26506,-123.12324,Entire home/apt,5,2 baths,2,$222.00,3,FALSE,FALSE,4,5,1,1
7438069,2023-12-14,Riley Park,49.2524,-123.10314,Entire home/apt,10,2.5 baths,6,$360.00,3,FALSE,FALSE,176,4.84,100,1
7478857,2023-12-13,Grandview-Woodland,49.2724838256836,-123.06219482421876,Entire home/apt,2,1 bath,1,$98.00,29,FALSE,FALSE,230,4.79,213,1
7481879,2023-12-13,Kitsilano,49.26103,-123.1857,Private room,3,1 private bath,2,$118.00,1,TRUE,TRUE,85,4.56,119,3
7494656,2023-12-13,West Point Grey,49.26258,-123.18716,Private room,2,1 private bath,1,$128.00,1,TRUE,TRUE,110,4.72,180,3
7518690,2023-12-13,South Cambie,49.25031,-123.1205,Private room,1,1 shared bath,1,$130.00,1,FALSE,FALSE,66,4.88,24,1
7547752,2023-12-13,Renfrew-Collingwood,49.25275,-123.0406,Entire home/apt,2,1 bath,1,$161.00,3,TRUE,FALSE,66,4.91,347,1
7548858,2023-12-13,Mount Pleasant,49.26595,-123.09794,Entire home/apt,2,1 bath,1,$204.00,30,TRUE,FALSE,147,4.89,173,2
7583961,2023-12-14,Downtown,49.28856,-123.12563,Private room,1,1 shared bath,1,$71.00,30,FALSE,FALSE,101,4.69,65,1
7639521,2023-12-14,Downtown Eastside,49.28185,-123.10456,Entire home/apt,2,1 bath,1,$130.00,2,TRUE,TRUE,780,4.94,335,1
7674840,2023-12-14,Grandview-Woodland,49.27576,-123.06508,Entire home/apt,7,1 bath,4,NA,3,FALSE,FALSE,15,4.6,0,1
7679929,2023-12-14,Mount Pleasant,49.26023,-123.08671,Entire home/apt,2,1 bath,1,$92.00,2,TRUE,FALSE,148,4.86,0,1
7701543,2023-12-14,Downtown,49.28043,-123.10787,Private room,2,1 private bath,1,$206.00,1,TRUE,FALSE,216,4.79,187,2
7716459,2023-12-14,Downtown Eastside,49.28062,-123.10494,Entire home/apt,2,1 bath,1,NA,2,FALSE,FALSE,7,4.86,0,1
7741348,2023-12-14,Mount Pleasant,49.25979,-123.11194,Private room,2,1 shared bath,1,NA,1,TRUE,TRUE,459,4.85,0,1
7747325,2023-12-14,Mount Pleasant,49.26634,-123.09807,Entire home/apt,4,1 bath,1,NA,2,FALSE,FALSE,0,NA,0,1
7749728,2023-12-14,Downtown,49.27667,-123.12752,Entire home/apt,3,2 baths,1,NA,30,FALSE,FALSE,2,5,0,1
7769633,2023-12-13,Riley Park,49.25406,-123.09324,Private room,1,1 shared bath,1,$80.00,3,FALSE,FALSE,7,4.71,80,2
7788230,2023-12-13,Marpole,49.21311,-123.11348,Private room,1,1 bath,1,$42.00,31,TRUE,FALSE,57,4.67,151,6
7804061,2023-12-13,Downtown Eastside,49.28253,-123.0918,Entire home/apt,2,1 bath,1,$196.00,3,TRUE,FALSE,214,4.88,10,1
7812180,2023-12-13,Mount Pleasant,49.26443,-123.09925,Entire home/apt,2,1 bath,1,$89.00,2,TRUE,FALSE,96,4.67,15,2
7822189,2023-12-14,Renfrew-Collingwood,49.25211,-123.03292,Private room,1,1 shared bath,1,$40.00,30,FALSE,FALSE,59,4.83,100,6
7827790,2023-12-14,Downtown,49.27656,-123.13123,Entire home/apt,2,1 bath,1,NA,4,FALSE,FALSE,5,5,0,1
7838721,2023-12-14,Downtown Eastside,49.27991,-123.1054,Entire home/apt,2,1 bath,1,$210.00,30,TRUE,FALSE,133,4.67,63,3
7858563,2023-12-14,Marpole,49.21306,-123.11307,Private room,1,1 shared bath,1,$41.00,31,TRUE,FALSE,66,4.66,0,6
7858932,2023-12-13,Marpole,49.21295,-123.11193,Private room,2,1 bath,1,$53.00,31,TRUE,FALSE,60,4.82,199,6
7860202,2023-12-13,Marpole,49.21231,-123.11193,Private room,2,1 bath,1,$56.00,31,TRUE,FALSE,54,4.63,260,6
7860338,2023-12-13,Marpole,49.21121,-123.11208,Private room,1,1 bath,1,$43.00,31,TRUE,FALSE,37,4.76,193,6
7860380,2023-12-13,Marpole,49.21285,-123.11361,Entire home/apt,6,1 bath,3,$152.00,31,TRUE,FALSE,101,4.82,1,6
7917307,2023-12-14,Downtown,49.2792118,-123.1214803,Entire home/apt,4,1 bath,2,$202.00,1,TRUE,FALSE,41,4.88,161,1
7917938,2023-12-14,Downtown,49.27783,-123.11536,Entire home/apt,3,2 baths,2,$195.00,60,TRUE,FALSE,3,5,363,3
7921570,2023-12-14,Downtown,49.278342541706586,-123.1203968192842,Entire home/apt,4,2 baths,2,$229.00,5,TRUE,FALSE,60,4.7,292,1
7931005,2023-12-14,Mount Pleasant,49.26339,-123.08925,Entire home/apt,2,1 bath,1,NA,90,FALSE,FALSE,15,4.73,0,1
7936342,2023-12-14,Downtown Eastside,49.27862,-123.09962,Entire home/apt,4,2 baths,4,$160.00,30,TRUE,FALSE,34,4.94,305,1
7986252,2023-12-14,Sunset,49.23191,-123.09369,Entire home/apt,4,2.5 baths,2,NA,4,FALSE,FALSE,9,5,0,2
7989551,2023-12-13,Downtown,49.27483,-123.11601,Entire home/apt,4,1 bath,2,$150.00,30,TRUE,FALSE,34,4.97,313,8
7997635,2023-12-14,Kensington-Cedar Cottage,49.24963,-123.07277,Private room,2,1 private bath,1,$85.00,1,FALSE,FALSE,212,4.67,195,2
8014842,2023-12-14,Killarney,49.23062,-123.03803,Entire home/apt,2,1 bath,1,NA,3,FALSE,FALSE,119,4.83,0,1
8017360,2023-12-14,West End,49.28311,-123.13196,Entire home/apt,2,1 bath,1,NA,30,FALSE,FALSE,0,NA,0,1
8047959,2023-12-14,Strathcona,49.27604,-123.0988,Private room,4,1 private bath,1,$176.00,2,TRUE,FALSE,128,4.9,89,1
8107160,2023-12-13,Kitsilano,49.27465,-123.15155,Entire home/apt,8,1.5 baths,4,$398.00,6,FALSE,FALSE,6,4.5,11,1
8118622,2023-12-14,Downtown,49.27805,-123.12536,Entire home/apt,4,2 baths,2,$800.00,30,FALSE,TRUE,19,4.26,365,1
8171107,2023-12-13,Kitsilano,49.267456,-123.153473,Entire home/apt,4,2 baths,2,$179.00,30,TRUE,TRUE,34,4.91,164,1
8173136,2023-12-14,West End,49.27863118189188,-123.13749055049809,Entire home/apt,6,2.5 baths,3,$275.00,30,TRUE,FALSE,1,5,18,2
8210512,2023-12-14,Riley Park,49.25368,-123.09956,Entire home/apt,3,1.5 baths,3,NA,3,FALSE,FALSE,4,4.25,0,1
8210879,2023-12-13,Kitsilano,49.2688,-123.18376,Entire home/apt,5,2.5 baths,3,$230.00,90,TRUE,FALSE,1,4,134,2
8252104,2023-12-13,Grandview-Woodland,49.26377,-123.05951,Entire home/apt,2,1 bath,1,$120.00,2,TRUE,FALSE,336,4.99,105,1
8254293,2023-12-14,Downtown,49.28091,-123.11861,Entire home/apt,3,1 bath,1,$180.00,60,FALSE,FALSE,61,4.8,0,1
8255521,2023-12-14,West End,49.28067,-123.13746,Entire home/apt,4,2.5 baths,2,$300.00,30,FALSE,FALSE,0,NA,358,1
8356680,2023-12-14,Strathcona,49.27662,-123.096,Entire home/apt,2,1 bath,1,$126.00,2,TRUE,FALSE,465,4.91,0,1
8371276,2023-12-14,Downtown,49.2732,-123.12485,Entire home/apt,4,1 bath,2,$195.00,30,TRUE,FALSE,99,4.89,57,1
8423376,2023-12-14,Grandview-Woodland,49.26464,-123.0651,Entire home/apt,4,1 bath,2,NA,4,FALSE,TRUE,5,4.8,0,1
8429321,2023-12-13,Fairview,49.25904,-123.12737,Entire home/apt,4,1 bath,1,$170.00,4,TRUE,FALSE,123,4.97,67,1
8434517,2023-12-13,Mount Pleasant,49.26132,-123.08084,Entire home/apt,3,1 bath,1,$135.00,7,TRUE,FALSE,99,4.8,295,1
8470134,2023-12-14,Downtown,49.2785,-123.10929,Entire home/apt,2,1 bath,1,NA,90,FALSE,FALSE,27,4.96,0,1
8541289,2023-12-14,Downtown,49.27895,-123.12466,Entire home/apt,4,1 bath,3,$125.00,3,FALSE,FALSE,116,4.49,123,1
8616836,2023-12-14,Riley Park,49.24796,-123.09164,Entire home/apt,2,1 bath,1,NA,6,FALSE,FALSE,5,5,0,1
8648704,2023-12-14,Downtown Eastside,49.27743,-123.10022,Private room,1,1 private bath,1,$95.00,3,FALSE,FALSE,276,4.79,89,2
8656743,2023-12-14,Kitsilano,49.26698,-123.15767,Entire home/apt,2,1 bath,1,$292.00,30,FALSE,FALSE,33,4.64,365,1
8672239,2023-12-14,Sunset,49.22846,-123.09686,Entire home/apt,5,1 bath,6,$120.00,5,FALSE,FALSE,168,4.91,0,2
8685139,2023-12-13,Kensington-Cedar Cottage,49.25203,-123.08339,Private room,2,1 private bath,1,$80.00,4,FALSE,FALSE,146,4.8,72,1
8697713,2023-12-14,Kitsilano,49.2678,-123.16855,Private room,2,1 private bath,1,NA,3,FALSE,FALSE,3,5,0,1
8721425,2023-12-13,Riley Park,49.24984,-123.11016,Private room,2,1 shared bath,NA,$65.00,6,TRUE,FALSE,124,4.78,175,1
8736944,2023-12-13,Kitsilano,49.27545,-123.15314,Entire home/apt,8,2 baths,4,$272.00,30,TRUE,FALSE,24,4.83,102,1
8743634,2023-12-13,Mount Pleasant,49.25945,-123.09143,Entire home/apt,4,1 bath,2,$150.00,3,TRUE,FALSE,320,4.81,174,1
8780405,2023-12-14,Mount Pleasant,49.27047,-123.10158,Entire home/apt,2,1 bath,2,$75.00,30,FALSE,FALSE,40,4.98,1,1
8802669,2023-12-13,Renfrew-Collingwood,49.24067,-123.05099,Private room,2,1.5 shared baths,2,$90.00,5,FALSE,FALSE,117,4.97,168,1
8848127,2023-12-14,West End,49.28239,-123.12502,Private room,2,1 private bath,1,$195.00,30,FALSE,FALSE,62,4.9,89,1
8900687,2023-12-14,Downtown Eastside,49.28033,-123.1008,Entire home/apt,2,1 bath,1,$92.00,90,FALSE,FALSE,14,4.79,111,1
8935357,2023-12-14,Sunset,49.21915,-123.10273,Entire home/apt,5,1 bath,3,NA,30,FALSE,FALSE,21,4.95,0,1
8941830,2023-12-14,West End,49.2804,-123.13603,Entire home/apt,3,1 bath,1,$144.00,30,FALSE,TRUE,183,4.5,52,1
9016662,2023-12-13,Hastings-Sunrise,49.27371,-123.05007,Private room,1,1 private bath,1,$68.00,186,FALSE,FALSE,0,NA,359,2
9046022,2023-12-14,Downtown,49.28295,-123.12323,Entire home/apt,3,1 bath,2,$155.00,30,TRUE,FALSE,42,4.95,124,12
9074376,2023-12-14,Kensington-Cedar Cottage,49.24794,-123.08124,Entire home/apt,6,2 baths,4,NA,4,FALSE,FALSE,2,4.5,0,1
9198515,2023-12-14,Mount Pleasant,49.26023,-123.09239,Entire home/apt,6,3.5 baths,3,NA,2,FALSE,TRUE,29,4.93,0,1
9237061,2023-12-14,Kitsilano,49.27098,-123.16064,Entire home/apt,2,1 bath,1,$93.00,90,FALSE,FALSE,24,4.25,161,4
9259030,2023-12-14,Hastings-Sunrise,49.28959,-123.05161,Entire home/apt,2,1 bath,2,NA,3,FALSE,FALSE,318,4.7,0,1
9315705,2023-12-13,Kitsilano,49.26672,-123.16668,Entire home/apt,2,1.5 baths,1,$220.00,3,FALSE,FALSE,9,5,175,3
9318501,2023-12-14,Riley Park,49.24738,-123.10184,Entire home/apt,6,2 baths,4,NA,4,FALSE,FALSE,8,4.88,0,1
9319614,2023-12-14,Kensington-Cedar Cottage,49.25716,-123.0724,Private room,1,1 shared bath,1,NA,30,FALSE,FALSE,7,4.71,0,1
9450480,2023-12-13,Kitsilano,49.27377,-123.14986,Entire home/apt,2,0 baths,1,$120.00,2,FALSE,FALSE,10,4.6,360,1
9490187,2023-12-14,Downtown,49.28143,-123.1256,Entire home/apt,4,1 bath,2,NA,90,FALSE,FALSE,4,5,0,1
9515819,2023-12-13,Grandview-Woodland,49.27512,-123.06645,Entire home/apt,4,1 bath,2,$101.00,30,TRUE,FALSE,105,4.78,118,4
9515931,2023-12-13,Hastings-Sunrise,49.26346,-123.0526,Entire home/apt,3,1 bath,1,$190.00,3,TRUE,FALSE,83,4.88,6,1
9533778,2023-12-14,Grandview-Woodland,49.280029999999996,-123.06204,Entire home/apt,6,1 bath,3,NA,3,FALSE,TRUE,39,4.72,0,1
9562576,2023-12-14,Downtown,49.27546,-123.12481,Entire home/apt,2,1 bath,1,$275.00,180,TRUE,FALSE,47,4.94,348,7
9592923,2023-12-13,Mount Pleasant,49.26587,-123.0999,Entire home/apt,5,1 bath,2,$199.00,1,TRUE,FALSE,101,4.83,180,1
9604978,2023-12-14,Hastings-Sunrise,49.27658896005494,-123.04991684604342,Entire home/apt,2,1 bath,1,$116.00,2,TRUE,FALSE,27,4.93,0,1
9615787,2023-12-14,Downtown,49.27752,-123.11993,Entire home/apt,2,1 bath,2,$130.00,30,FALSE,FALSE,207,4.71,82,1
9636681,2023-12-14,Downtown Eastside,49.28377,-123.1061,Entire home/apt,2,1 bath,1,NA,90,FALSE,FALSE,27,5,0,4
9684392,2023-12-13,Kitsilano,49.2674,-123.15509,Entire home/apt,3,1 bath,1,$98.00,30,TRUE,FALSE,10,5,44,1
9761890,2023-12-14,Hastings-Sunrise,49.27977,-123.03009,Entire home/apt,8,2 baths,3,NA,4,FALSE,FALSE,4,5,0,1
9867831,2023-12-14,Kitsilano,49.26682,-123.16654,Entire home/apt,4,2.5 baths,2,$285.00,2,FALSE,FALSE,16,4.94,263,3
9901027,2023-12-14,Downtown Eastside,49.28198,-123.1112,Private room,2,1 shared bath,1,$137.00,1,FALSE,FALSE,179,4.8,161,6
9996147,2023-12-14,West End,49.28404,-123.12386,Entire home/apt,2,1 bath,2,$200.00,30,TRUE,FALSE,17,4.82,71,1
10151493,2023-12-14,Downtown,49.27924,-123.10711,Entire home/apt,2,2 baths,1,$200.00,7,TRUE,FALSE,30,4.97,30,1
10154874,2023-12-14,Downtown,49.27782,-123.12991,Entire home/apt,2,1 bath,1,NA,2,FALSE,FALSE,41,4.85,0,1
10193033,2023-12-14,South Cambie,49.24289,-123.11954,Entire home/apt,4,1 bath,2,NA,2,FALSE,FALSE,31,4.87,0,1
10231101,2023-12-13,Kitsilano,49.27201,-123.15474,Entire home/apt,4,1 bath,1,$77.00,30,TRUE,FALSE,42,4.6,222,2
10523480,2023-12-14,West End,49.28668,-123.13599,Entire home/apt,2,1 bath,1,$129.00,2,FALSE,FALSE,269,4.87,0,1
10541223,2023-12-14,South Cambie,49.25291,-123.11915,Entire home/apt,4,1 bath,2,NA,1,TRUE,FALSE,309,4.81,0,1
10598712,2023-12-14,West End,49.28301,-123.12357,Entire home/apt,6,2 baths,3,$254.00,30,TRUE,FALSE,66,4.95,264,2
10618317,2023-12-14,Kensington-Cedar Cottage,49.24354,-123.07279,Entire home/apt,4,1 bath,1,NA,3,FALSE,FALSE,3,5,0,1
10619943,2023-12-13,Grandview-Woodland,49.27036,-123.06444,Entire home/apt,6,1.5 baths,3,$174.00,3,TRUE,FALSE,172,4.95,55,2
10811008,2023-12-14,Downtown,49.28593,-123.11571000000001,Entire home/apt,3,1 bath,1,$151.00,1,FALSE,FALSE,55,4.82,0,5
10924322,2023-12-14,Downtown Eastside,49.28196,-123.10734,Entire home/apt,3,1 bath,2,$170.00,2,TRUE,FALSE,175,4.87,0,1
10946286,2023-12-14,Downtown Eastside,49.27912,-123.10065,Entire home/apt,4,1 bath,1,NA,32,FALSE,FALSE,41,4.98,0,1
10992078,2023-12-14,Dunbar Southlands,49.25315,-123.17653,Entire home/apt,6,1 bath,3,$119.00,28,FALSE,FALSE,170,4.73,256,1
11102652,2023-12-13,Mount Pleasant,49.2691,-123.10345,Entire home/apt,4,1 bath,2,$150.00,365,FALSE,FALSE,31,4.97,365,1
11125104,2023-12-13,Marpole,49.21323,-123.13552,Entire home/apt,3,1 bath,2,$99.00,2,FALSE,TRUE,7,4.57,175,1
11207279,2023-12-14,West End,49.29236,-123.13609,Entire home/apt,3,1 bath,1,NA,30,FALSE,FALSE,75,4.91,0,2
11242550,2023-12-13,Renfrew-Collingwood,49.25319,-123.03326,Private room,1,1 bath,1,$34.00,30,TRUE,FALSE,50,4.82,90,3
11261229,2023-12-14,Grandview-Woodland,49.27214050292969,-123.0706558227539,Entire home/apt,7,2 baths,6,$238.00,5,TRUE,FALSE,132,4.8,321,3
11361362,2023-12-14,Kensington-Cedar Cottage,49.25747,-123.07134,Entire home/apt,6,1 bath,4,$375.00,3,FALSE,TRUE,24,4.71,85,1
11393844,2023-12-13,Downtown Eastside,49.27779,-123.08743,Entire home/apt,6,1.5 baths,3,$276.00,2,TRUE,FALSE,141,4.95,141,1
11401593,2023-12-13,Kitsilano,49.25919,-123.16995,Entire home/apt,4,1 bath,2,$299.00,5,TRUE,FALSE,183,4.99,351,1
11441600,2023-12-14,Kitsilano,49.27431,-123.15094,Entire home/apt,4,1 bath,2,NA,30,FALSE,FALSE,53,4.75,0,1
11512985,2023-12-14,Riley Park,49.2477,-123.11188,Entire home/apt,5,1.5 baths,2,$180.00,5,TRUE,FALSE,157,4.92,290,1
11548616,2023-12-13,Hastings-Sunrise,49.28024,-123.04351,Entire home/apt,2,1 bath,1,$104.00,3,TRUE,FALSE,207,4.92,185,1
11549700,2023-12-13,Kensington-Cedar Cottage,49.24569,-123.06533,Private room,2,2 shared baths,1,$60.00,30,TRUE,FALSE,12,5,160,3
11550687,2023-12-13,Kensington-Cedar Cottage,49.24616,-123.0657,Private room,1,2 shared baths,1,$46.00,30,TRUE,FALSE,9,4.78,106,3
11588321,2023-12-14,Downtown,49.27864,-123.11727,Entire home/apt,4,1 bath,3,$350.00,2,FALSE,FALSE,24,4.92,49,1
11638140,2023-12-14,Kitsilano,49.26907,-123.17436,Entire home/apt,6,2 baths,3,$600.00,3,FALSE,TRUE,154,4.97,272,1
11677580,2023-12-14,Downtown,49.27928,-123.1249,Entire home/apt,2,1 bath,1,$165.00,30,TRUE,FALSE,153,4.93,52,1
11688698,2023-12-13,Kensington-Cedar Cottage,49.24719,-123.06355,Private room,1,2 shared baths,1,$45.00,30,TRUE,FALSE,9,4.78,34,3
11742643,2023-12-13,Grandview-Woodland,49.28589,-123.06033,Entire home/apt,2,1 bath,1,$195.00,30,FALSE,FALSE,0,NA,345,1
11851708,2023-12-13,Riley Park,49.24992,-123.10578,Entire home/apt,2,1 bath,1,$165.00,3,TRUE,FALSE,173,4.82,3,1
11906047,2023-12-14,Kensington-Cedar Cottage,49.24993,-123.0749,Entire home/apt,5,1 bath,3,$210.00,2,TRUE,FALSE,173,4.89,261,1
11922799,2023-12-14,Downtown,49.27539,-123.13316,Entire home/apt,2,1 bath,1,$100.00,90,FALSE,FALSE,44,4.8,273,1
11941603,2023-12-13,Kitsilano,49.26999,-123.16867,Private room,3,1 private bath,2,$76.00,1,FALSE,FALSE,191,4.95,65,1
11944311,2023-12-14,Renfrew-Collingwood,49.25706,-123.04184,Entire home/apt,7,1 bath,4,$145.00,1,TRUE,FALSE,20,4.8,58,4
11950920,2023-12-13,West Point Grey,49.27017,-123.20673,Entire home/apt,2,1 bath,1,$135.00,4,TRUE,TRUE,223,4.91,245,4
12020603,2023-12-13,Kensington-Cedar Cottage,49.24394521133688,-123.08003079146148,Private room,2,1 shared bath,1,$71.00,1,TRUE,TRUE,18,4.94,323,6
12083773,2023-12-14,Kitsilano,49.27046,-123.1572,Entire home/apt,4,1 bath,2,NA,5,FALSE,FALSE,59,4.9,0,1
12156919,2023-12-13,Grandview-Woodland,49.28021,-123.06581,Entire home/apt,6,2 baths,2,$249.00,30,TRUE,TRUE,16,4.94,352,1
12157772,2023-12-14,Sunset,49.22312,-123.0865,Entire home/apt,2,1 bath,1,NA,2,FALSE,FALSE,112,4.79,0,1
12209150,2023-12-14,Downtown,49.28641,-123.11897,Entire home/apt,2,1 bath,1,$151.00,1,FALSE,FALSE,59,4.95,0,5
12210228,2023-12-14,Downtown,49.28622,-123.119,Entire home/apt,2,1 bath,1,$150.00,1,FALSE,FALSE,63,4.79,0,5
12211949,2023-12-14,Downtown,49.27858,-123.12091,Entire home/apt,2,1 bath,1,$171.00,4,TRUE,FALSE,97,4.87,7,1
12213507,2023-12-14,West End,49.28256,-123.12658,Entire home/apt,4,1 bath,2,$185.00,30,TRUE,FALSE,41,4.9,298,13
12242607,2023-12-14,Downtown,49.28167,-123.12342,Entire home/apt,2,1 bath,1,$253.00,30,TRUE,FALSE,13,4.85,254,1
12245225,2023-12-14,Kitsilano,49.27235,-123.16137,Entire home/apt,2,1 bath,1,$110.00,30,FALSE,FALSE,52,4.77,41,4
12274044,2023-12-14,Downtown,49.28598,-123.12267,Entire home/apt,4,2.5 baths,2,$350.00,30,FALSE,FALSE,5,4.6,364,2
12285968,2023-12-13,Kensington-Cedar Cottage,49.2495,-123.08574,Entire home/apt,6,1 bath,3,$141.00,1,TRUE,FALSE,110,4.79,254,1
12294424,2023-12-13,Mount Pleasant,49.25926,-123.08486,Entire home/apt,4,1 bath,2,$275.00,7,FALSE,FALSE,22,4.95,339,1
12304783,2023-12-13,Hastings-Sunrise,49.27648,-123.04172,Entire home/apt,6,2 baths,3,$140.00,2,TRUE,FALSE,210,4.94,66,1
12309772,2023-12-14,Downtown,49.28692,-123.12493,Entire home/apt,5,2 baths,3,$180.00,2,FALSE,TRUE,215,4.65,0,1
12313584,2023-12-14,Downtown,49.28636,-123.12052,Entire home/apt,4,2 baths,2,$300.00,30,FALSE,FALSE,0,NA,179,1
12321367,2023-12-14,Downtown Eastside,49.28295,-123.10105,Entire home/apt,3,1.5 baths,1,NA,30,FALSE,FALSE,14,4.86,0,1
12336968,2023-12-14,Kensington-Cedar Cottage,49.25291,-123.08406,Entire home/apt,10,2 baths,5,"$3,500.00",2,TRUE,FALSE,62,4.81,262,1
12345888,2023-12-14,Fairview,49.26448,-123.12735,Entire home/apt,4,1 bath,3,NA,2,TRUE,FALSE,99,4.89,0,2
12391067,2023-12-14,Downtown,49.28252,-123.12331,Entire home/apt,2,1 bath,1,$150.00,30,TRUE,FALSE,37,5,197,8
12421711,2023-12-14,Kensington-Cedar Cottage,49.25919,-123.07598,Entire home/apt,5,1 bath,2,$650.00,3,FALSE,FALSE,0,NA,11,1
12423800,2023-12-13,Dunbar Southlands,49.24887,-123.18715,Entire home/apt,6,1 bath,4,$425.00,5,TRUE,FALSE,99,4.86,117,1
12449836,2023-12-14,Kitsilano,49.26945,-123.15291,Private room,2,1 shared bath,1,NA,1,FALSE,FALSE,13,4.85,0,1
12472482,2023-12-13,Arbutus Ridge,49.24674,-123.16046,Private room,2,1 private bath,1,$65.00,2,TRUE,FALSE,93,4.8,102,2
12490989,2023-12-14,Kitsilano,49.27049,-123.16668,Entire home/apt,4,1 bath,2,$240.00,3,FALSE,TRUE,14,4.71,8,1
12500432,2023-12-14,Marpole,49.20976,-123.12767,Private room,2,1 private bath,1,$109.00,7,TRUE,FALSE,71,4.71,0,1
12511561,2023-12-14,Fairview,49.26567,-123.13877,Entire home/apt,4,1 bath,3,NA,30,FALSE,FALSE,4,4.5,0,1
12520418,2023-12-14,Hastings-Sunrise,49.2758,-123.05482,Entire home/apt,4,1 bath,4,NA,30,FALSE,FALSE,0,NA,0,1
12522460,2023-12-14,Fairview,49.26274,-123.12739,Private room,2,1 shared bath,1,$118.00,2,TRUE,FALSE,80,4.94,69,2
12522873,2023-12-14,Downtown Eastside,49.28188,-123.10724,Entire home/apt,3,1 bath,2,NA,2,FALSE,FALSE,9,4.67,0,1
12542874,2023-12-14,Mount Pleasant,49.25859,-123.07775,Entire home/apt,6,2.5 baths,4,NA,5,TRUE,FALSE,33,4.97,0,2
12561247,2023-12-13,Fairview,49.26727,-123.14131,Private room,2,1 private bath,1,$151.00,2,TRUE,FALSE,229,4.95,230,1
12603779,2023-12-13,Kitsilano,49.26367,-123.15108,Entire home/apt,2,1 bath,1,$120.00,180,FALSE,FALSE,10,4.7,218,1
12604369,2023-12-14,Riley Park,49.25394,-123.10394,Entire home/apt,4,1 bath,2,$143.00,1,TRUE,TRUE,412,4.85,0,1
12611121,2023-12-14,Marpole,49.2153,-123.14121,Entire home/apt,6,1 bath,5,$190.00,30,FALSE,FALSE,75,4.76,191,1
12728177,2023-12-14,West End,49.27806,-123.1346,Entire home/apt,2,1 bath,1,$195.00,30,FALSE,FALSE,68,4.74,100,1
12754577,2023-12-14,Grandview-Woodland,49.27393,-123.06639,Entire home/apt,2,1 bath,1,NA,30,FALSE,FALSE,0,NA,0,1
12762068,2023-12-13,Riley Park,49.24008,-123.10189,Private room,1,1 shared bath,2,$115.00,5,FALSE,FALSE,58,4.55,365,2
12791718,2023-12-14,Marpole,49.21658,-123.10693,Entire home/apt,4,1 bath,2,NA,2,FALSE,FALSE,52,4.25,0,1
12798674,2023-12-13,South Cambie,49.25348,-123.12639,Entire home/apt,4,1 bath,2,$239.00,3,TRUE,FALSE,120,4.92,324,1
12815958,2023-12-13,Marpole,49.21037,-123.11773,Entire home/apt,4,1 bath,2,$114.00,30,TRUE,FALSE,79,4.75,174,3
12853613,2023-12-14,Downtown Eastside,49.28374,-123.10238,Entire home/apt,4,1 bath,2,$251.00,2,FALSE,FALSE,269,4.68,248,1
12952602,2023-12-14,Riley Park,49.24931,-123.09618,Entire home/apt,6,3 baths,3,NA,4,FALSE,FALSE,13,4.85,0,1
13000591,2023-12-13,Marpole,49.21434,-123.13249,Private room,2,1 shared bath,1,$95.00,3,TRUE,FALSE,53,4.83,364,1
13007169,2023-12-14,Downtown,49.27488,-123.11524,Entire home/apt,4,2 baths,2,NA,30,FALSE,FALSE,2,5,0,1
13021044,2023-12-14,Fairview,49.27011,-123.14099,Entire home/apt,4,2 baths,2,NA,30,FALSE,FALSE,0,NA,0,1
13035303,2023-12-14,Kensington-Cedar Cottage,49.260980000000004,-123.07341,Private room,2,1.5 baths,1,NA,3,FALSE,FALSE,41,4.9,0,1
13093588,2023-12-14,Downtown,49.27754,-123.12414,Entire home/apt,2,1 bath,1,$155.00,30,TRUE,FALSE,25,4.96,281,12
13095062,2023-12-14,Riley Park,49.25061,-123.11302,Entire home/apt,6,2 baths,4,$199.00,30,TRUE,FALSE,15,5,274,7
13095272,2023-12-13,Grandview-Woodland,49.27241,-123.05731,Private room,2,1 bath,2,$109.00,2,TRUE,FALSE,25,4.72,89,2
13111653,2023-12-14,Downtown,49.27894,-123.10754,Entire home/apt,2,1 bath,1,NA,30,FALSE,FALSE,27,4.81,0,1
13131513,2023-12-13,Grandview-Woodland,49.27461,-123.06452,Private room,2,1.5 baths,1,$72.00,30,TRUE,FALSE,124,4.69,140,4
13205734,2023-12-14,Renfrew-Collingwood,49.25977,-123.05534,Entire home/apt,4,1 bath,2,$90.00,2,TRUE,FALSE,306,4.85,0,1
13261213,2023-12-13,Mount Pleasant,49.269928930345934,-123.1014183880768,Entire home/apt,3,1 bath,2,$138.00,30,FALSE,FALSE,27,4.96,262,1
13284465,2023-12-14,Downtown,49.278938,-123.107872,Entire home/apt,7,2 baths,3,$199.00,2,TRUE,FALSE,376,4.82,0,1
13297246,2023-12-14,Downtown,49.27927,-123.1165,Entire home/apt,2,1 bath,1,NA,1,TRUE,FALSE,4,4.5,0,2
13317612,2023-12-14,Downtown,49.27781,-123.12976,Entire home/apt,2,1 bath,1,$138.00,2,TRUE,FALSE,199,4.93,26,1
13346084,2023-12-14,Arbutus Ridge,49.24255,-123.15148,Entire home/apt,8,2 baths,4,NA,7,FALSE,FALSE,2,5,0,1
13350002,2023-12-13,Riley Park,49.24975,-123.10195,Entire home/apt,6,1 bath,3,$150.00,4,TRUE,FALSE,137,4.79,90,4
13358432,2023-12-13,Renfrew-Collingwood,49.25456,-123.03492,Entire home/apt,1,1 bath,1,$36.00,30,TRUE,FALSE,38,4.58,107,3
13361855,2023-12-13,Arbutus Ridge,49.24775,-123.16692,Private room,2,1 shared bath,1,$78.00,1,TRUE,FALSE,352,4.89,266,2
13396760,2023-12-14,Riley Park,49.2505,-123.10522,Entire home/apt,10,2 baths,3,$549.00,2,TRUE,FALSE,20,4.9,4,1
13416108,2023-12-14,Downtown Eastside,49.28259,-123.10313,Entire home/apt,4,2 baths,2,$266.00,2,TRUE,FALSE,333,4.87,351,2
13525164,2023-12-14,West End,49.28235,-123.13587,Entire home/apt,2,1 bath,1,$99.00,30,TRUE,FALSE,136,4.91,174,1
13558558,2023-12-13,Mount Pleasant,49.266910390006245,-123.10093071959342,Entire home/apt,4,1 bath,2,$150.00,30,FALSE,TRUE,1,5,270,1
13606952,2023-12-14,Downtown,49.27964,-123.10663,Entire home/apt,4,1 bath,2,$140.00,2,TRUE,FALSE,58,4.84,125,1
13607164,2023-12-13,Kensington-Cedar Cottage,49.25814,-123.07511,Entire home/apt,4,1 bath,2,$145.00,30,TRUE,TRUE,65,4.86,153,1
13617271,2023-12-14,Grandview-Woodland,49.27562,-123.06066,Entire home/apt,4,1 bath,3,NA,100,FALSE,TRUE,11,4.18,0,1
13619735,2023-12-14,Downtown,49.27995,-123.10903,Entire home/apt,4,1 bath,1,$129.00,3,TRUE,FALSE,512,4.85,0,1
13620049,2023-12-14,Downtown Eastside,49.28378,-123.10877,Entire home/apt,3,2 baths,2,$300.00,90,TRUE,FALSE,5,5,359,2
13621955,2023-12-13,West Point Grey,49.27216,-123.20664,Entire home/apt,11,3.5 baths,7,$493.00,2,TRUE,FALSE,46,4.7,55,1
13659871,2023-12-14,Kitsilano,49.26077,-123.18099,Entire home/apt,4,2 baths,2,$500.00,2,FALSE,FALSE,12,4.83,25,1
13669501,2023-12-14,Downtown,49.27941,-123.11725,Private room,4,1 private bath,2,$280.00,1,TRUE,FALSE,95,4.65,107,1
13673539,2023-12-13,Kensington-Cedar Cottage,49.25976,-123.06033,Entire home/apt,2,1 bath,2,$98.00,1,FALSE,TRUE,129,4.79,316,3
13684395,2023-12-14,Hastings-Sunrise,49.27669,-123.05378,Entire home/apt,2,1 bath,1,$115.00,1,TRUE,FALSE,49,4.73,54,1
13701691,2023-12-13,Kensington-Cedar Cottage,49.24032,-123.06304,Entire home/apt,2,1 bath,1,$90.00,1,FALSE,TRUE,453,4.73,59,1
13766869,2023-12-14,Downtown,49.27975,-123.11984,Entire home/apt,2,1 bath,1,$115.00,30,TRUE,FALSE,71,4.92,285,3
13767831,2023-12-13,Kitsilano,49.26686,-123.14629,Entire home/apt,3,2 baths,2,$235.00,30,FALSE,FALSE,3,5,29,1
13784356,2023-12-14,Downtown,49.27765175324736,-123.1308774543983,Entire home/apt,1,1 bath,1,$121.00,90,TRUE,TRUE,60,4.63,99,3
13800057,2023-12-14,Downtown,49.27181,-123.12486,Entire home/apt,6,2 baths,3,$280.00,90,FALSE,FALSE,16,4.94,103,5
13815501,2023-12-14,Downtown,49.28262,-123.1168,Entire home/apt,4,1 bath,2,$168.00,3,FALSE,FALSE,4,4.75,0,1
13817015,2023-12-14,Mount Pleasant,49.26894,-123.10337,Private room,2,1 private bath,1,NA,30,FALSE,FALSE,10,4.7,0,1
13829747,2023-12-13,Mount Pleasant,49.2611,-123.11037,Entire home/apt,4,1 bath,2,$180.00,2,TRUE,FALSE,320,4.82,109,2
13831080,2023-12-14,Downtown,49.27971,-123.11618,Entire home/apt,2,1 bath,1,$200.00,30,TRUE,FALSE,18,4.94,219,8
13843432,2023-12-14,Grandview-Woodland,49.26566,-123.07181,Private room,2,1 shared bath,NA,$82.00,2,TRUE,FALSE,274,4.77,0,1
13858633,2023-12-14,Downtown,49.27968,-123.1088,Entire home/apt,5,2 baths,3,$471.00,3,FALSE,FALSE,16,4.63,2,1
13863209,2023-12-14,Downtown,49.27391,-123.10143,Entire home/apt,5,2 baths,2,NA,28,FALSE,FALSE,40,4.58,0,1
13885190,2023-12-13,Mount Pleasant,49.25996,-123.09479,Entire home/apt,2,1 bath,1,$171.00,3,FALSE,FALSE,22,4.59,19,1
13991632,2023-12-14,Mount Pleasant,49.26399259999999,-123.0820291,Entire home/apt,4,1 bath,2,$170.00,1,FALSE,FALSE,30,4.63,64,1
13993885,2023-12-14,West End,49.28087,-123.12677,Entire home/apt,5,2 baths,2,$176.00,30,TRUE,FALSE,18,4.67,334,2
13994841,2023-12-14,Downtown,49.28437,-123.11711,Entire home/apt,4,1 bath,4,$142.00,30,FALSE,FALSE,176,4.74,179,1
13996470,2023-12-14,Kitsilano,49.26415,-123.15793,Private room,2,1 shared bath,1,NA,2,FALSE,FALSE,30,4.87,0,1
13998682,2023-12-14,West End,49.27823,-123.13062,Entire home/apt,2,2 baths,2,$217.00,180,FALSE,FALSE,67,4.93,44,2
13999349,2023-12-14,Downtown,49.28801,-123.12491,Entire home/apt,4,2 baths,2,$199.00,30,TRUE,FALSE,15,5,282,1
13999471,2023-12-14,Renfrew-Collingwood,49.24141,-123.03011,Entire home/apt,6,1.5 baths,3,$136.00,2,FALSE,FALSE,103,4.76,5,1
14014285,2023-12-13,South Cambie,49.25432,-123.12369,Entire home/apt,2,1 bath,2,$134.00,3,TRUE,FALSE,120,4.77,27,2
14015267,2023-12-14,West End,49.28894,-123.1336,Entire home/apt,2,1 bath,1,$300.00,3,FALSE,FALSE,53,4.91,177,1
14027258,2023-12-14,Mount Pleasant,49.25693,-123.11179,Entire home/apt,4,1 bath,3,$140.00,30,FALSE,FALSE,1,5,347,1
14029073,2023-12-14,Hastings-Sunrise,49.28953,-123.04178,Private room,2,1 shared bath,1,$100.00,1,TRUE,FALSE,60,4.58,269,3
14074932,2023-12-13,Marpole,49.21343,-123.11357,Entire home/apt,4,1 bath,2,$90.00,30,TRUE,FALSE,45,4.89,128,3
14077912,2023-12-13,Dunbar Southlands,49.25618,-123.19529,Entire home/apt,2,1 bath,1,$250.00,4,FALSE,FALSE,66,4.79,311,2
14106936,2023-12-14,Kensington-Cedar Cottage,49.26049,-123.07481,Entire home/apt,6,2 baths,3,NA,90,FALSE,FALSE,1,5,0,1
14107152,2023-12-14,Kensington-Cedar Cottage,49.23372,-123.07703,Entire home/apt,5,1 bath,2,$120.00,1,FALSE,FALSE,138,4.54,353,1
14112422,2023-12-14,Downtown,49.27791,-123.12252,Entire home/apt,2,1 bath,1,$135.00,5,TRUE,FALSE,121,4.81,51,1
14112559,2023-12-14,Downtown,49.28353,-123.11524,Private room,1,1 bath,1,$120.00,30,FALSE,FALSE,3,4.67,73,1
14127036,2023-12-13,Sunset,49.21684,-123.07936,Entire home/apt,6,1 bath,2,$160.00,10,FALSE,FALSE,24,4.88,353,1
14143287,2023-12-13,Downtown,49.2755,-123.12173,Entire home/apt,4,1.5 baths,2,$180.00,30,FALSE,FALSE,16,4.81,131,2
14167369,2023-12-13,Grandview-Woodland,49.27387,-123.06649,Private room,2,1.5 shared baths,1,$56.00,3,TRUE,FALSE,105,4.8,6,4
14168267,2023-12-14,Grandview-Woodland,49.26693474304431,-123.0667227555423,Entire home/apt,3,1 bath,2,$145.00,3,TRUE,FALSE,245,4.89,1,1
14180277,2023-12-13,Grandview-Woodland,49.27363,-123.06443,Private room,2,1.5 shared baths,1,$54.00,2,TRUE,FALSE,91,4.79,49,4
14194524,2023-12-13,Kitsilano,49.27033,-123.17665,Private room,2,1 shared bath,1,$65.00,31,FALSE,FALSE,12,4.75,161,1
14216608,2023-12-13,Downtown,49.27683,-123.11942,Entire home/apt,2,1 bath,1,$200.00,90,TRUE,FALSE,9,5,254,1
14222707,2023-12-13,Sunset,49.21769,-123.09191,Private room,3,1 shared bath,1,$211.00,1,FALSE,FALSE,6,4.83,363,1
14237741,2023-12-14,Grandview-Woodland,49.28054,-123.06184,Entire home/apt,2,1 bath,1,$110.00,3,TRUE,FALSE,99,4.92,0,1
14237820,2023-12-14,Kensington-Cedar Cottage,49.23441,-123.0664,Private room,2,1 private bath,1,$69.00,1,FALSE,FALSE,101,4.61,0,4
14247519,2023-12-14,Downtown Eastside,49.28043,-123.10105,Entire home/apt,2,1 bath,1,NA,3,FALSE,FALSE,127,4.93,0,1
14248978,2023-12-13,Downtown Eastside,49.27904,-123.09246,Entire home/apt,2,1 bath,1,$110.00,3,TRUE,FALSE,263,4.94,40,1
14261655,2023-12-13,Kensington-Cedar Cottage,49.23586,-123.06635,Private room,2,1 private bath,1,$56.00,30,FALSE,FALSE,81,4.42,253,4
14296335,2023-12-13,Kensington-Cedar Cottage,49.26196,-123.05811,Private room,2,1 shared bath,1,$61.00,1,FALSE,FALSE,279,4.71,329,3
14320418,2023-12-13,Killarney,49.23108,-123.02945,Entire home/apt,2,1 bath,1,$58.00,2,FALSE,TRUE,186,4.56,134,1
14341031,2023-12-14,Downtown,49.27539,-123.10009,Entire home/apt,3,1 bath,1,NA,4,FALSE,FALSE,38,4.97,0,1
14372586,2023-12-13,Sunset,49.2133261,-123.0992998,Entire home/apt,4,1 bath,2,$125.00,1,FALSE,FALSE,6,4.83,365,1
14406551,2023-12-14,Downtown,49.2786,-123.10777,Entire home/apt,5,2 baths,2,$332.00,3,TRUE,FALSE,65,4.98,49,1
14419998,2023-12-13,Downtown Eastside,49.27729,-123.08774,Entire home/apt,2,1 bath,1,$150.00,30,TRUE,FALSE,91,4.96,262,4
14505465,2023-12-14,Strathcona,49.27671,-123.09865,Entire home/apt,3,1.5 baths,1,NA,2,FALSE,FALSE,121,4.86,0,1
14524029,2023-12-13,South Cambie,49.25442,-123.12548,Entire home/apt,2,1 bath,1,$104.00,4,TRUE,FALSE,112,4.85,39,2
14535292,2023-12-14,Kensington-Cedar Cottage,49.23942,-123.07083,Entire home/apt,4,1.5 baths,2,NA,4,FALSE,TRUE,12,4.92,0,1
14538753,2023-12-14,Kensington-Cedar Cottage,49.25423,-123.08951,Entire home/apt,4,1 bath,2,$166.00,30,TRUE,FALSE,247,4.85,139,1
14555310,2023-12-14,Grandview-Woodland,49.27524,-123.07223,Entire home/apt,2,1 bath,1,NA,30,TRUE,FALSE,171,4.95,0,3
14569204,2023-12-13,Mount Pleasant,49.2697,-123.10152,Entire home/apt,2,1 bath,1,$115.00,4,TRUE,FALSE,76,4.92,14,1
14570210,2023-12-13,Kensington-Cedar Cottage,49.25758,-123.06673,Entire home/apt,4,1 bath,2,$80.00,2,TRUE,FALSE,420,4.81,45,1
14595350,2023-12-14,Kitsilano,49.2715928,-123.1610614,Entire home/apt,4,1 bath,2,$114.00,2,TRUE,TRUE,71,4.78,0,1
14607432,2023-12-14,Kensington-Cedar Cottage,49.23913,-123.08451,Entire home/apt,2,1 bath,1,$67.00,30,FALSE,FALSE,31,4.42,55,1
14612693,2023-12-13,Kensington-Cedar Cottage,49.23369,-123.06612,Private room,2,1 shared bath,2,$60.00,30,FALSE,FALSE,102,4.67,247,4
14613217,2023-12-13,Mount Pleasant,49.26716317163536,-123.09802723448364,Entire home/apt,2,1 bath,1,$213.00,3,TRUE,FALSE,126,4.85,273,1
14613265,2023-12-13,Kensington-Cedar Cottage,49.23388,-123.06472,Private room,2,1 shared bath,1,$55.00,30,FALSE,FALSE,65,4.63,254,4
14616229,2023-12-13,West Point Grey,49.26192,-123.21326,Private room,1,1 private bath,1,$149.00,30,FALSE,FALSE,12,4.92,179,5
14674413,2023-12-14,Riley Park,49.24743,-123.09525,Entire home/apt,2,1 bath,1,$85.00,31,FALSE,FALSE,30,4.93,0,1
14688071,2023-12-13,South Cambie,49.25332,-123.12309,Entire home/apt,5,2 baths,5,$325.00,3,FALSE,FALSE,18,4.83,107,1
14711719,2023-12-14,Downtown,49.27618,-123.12744000000001,Entire home/apt,2,1 bath,1,$106.00,30,TRUE,FALSE,22,4.91,40,1
14724594,2023-12-13,Downtown,49.27497,-123.11716,Entire home/apt,2,1 bath,1,$160.00,30,TRUE,FALSE,27,4.89,325,12
14752363,2023-12-13,Kitsilano,49.264686584472656,-123.15918731689452,Entire home/apt,6,2 baths,3,$300.00,2,TRUE,FALSE,109,4.98,21,1
14775158,2023-12-13,Sunset,49.22051,-123.0856,Private room,1,1 shared bath,1,$62.00,1,FALSE,FALSE,607,4.73,4,1
14787418,2023-12-13,Kitsilano,49.26446,-123.18001,Entire home/apt,4,1 bath,3,$190.00,1,TRUE,FALSE,255,4.96,202,1
14802240,2023-12-14,Downtown,49.2784,-123.12063,Entire home/apt,2,1 bath,1,$115.00,30,TRUE,TRUE,9,5,9,1
14809328,2023-12-13,Kensington-Cedar Cottage,49.24911,-123.07706,Entire home/apt,4,1 bath,3,$110.00,2,TRUE,FALSE,272,4.84,58,1
14811738,2023-12-14,Downtown,49.28073,-123.12535,Entire home/apt,4,1.5 baths,1,$310.00,30,FALSE,FALSE,11,5,178,1
14831562,2023-12-14,Victoria-Fraserview,49.21255,-123.0574,Private room,2,1.5 shared baths,1,$69.00,1,TRUE,FALSE,120,4.89,0,3
14831774,2023-12-13,Victoria-Fraserview,49.21121,-123.05598,Private room,1,1 shared bath,1,$51.00,30,TRUE,FALSE,100,4.91,291,3
14836715,2023-12-14,Arbutus Ridge,49.24918,-123.16495,Entire home/apt,8,4.5 baths,6,$875.00,28,FALSE,FALSE,0,NA,194,1
14843816,2023-12-14,Downtown,49.28109,-123.11987,Entire home/apt,3,1 bath,2,$199.00,90,FALSE,FALSE,6,4.83,89,1
14844498,2023-12-14,Downtown,49.28226,-123.1192,Entire home/apt,2,1 bath,1,$189.00,30,FALSE,FALSE,12,4.83,0,1
14856847,2023-12-13,Kensington-Cedar Cottage,49.2593,-123.05971,Private room,2,1 shared bath,1,$64.00,1,FALSE,FALSE,292,4.78,301,3
14884981,2023-12-14,Marpole,49.21586,-123.12532,Private room,1,1 private bath,1,NA,1,FALSE,FALSE,214,4.87,0,1
14887513,2023-12-13,Hastings-Sunrise,49.26612,-123.03956,Entire home/apt,2,1 bath,2,$110.00,4,TRUE,FALSE,271,4.9,82,1
14929609,2023-12-13,Kitsilano,49.26605,-123.15106,Entire home/apt,3,1.5 baths,2,$100.00,30,FALSE,FALSE,47,4.55,237,1
14946886,2023-12-14,Mount Pleasant,49.25938,-123.10424,Entire home/apt,2,1 bath,1,NA,2,FALSE,FALSE,35,4.8,0,1
14992464,2023-12-14,Downtown,49.27775,-123.12325,Entire home/apt,2,1 bath,1,$256.00,3,TRUE,FALSE,118,4.96,0,1
15008574,2023-12-13,Kitsilano,49.26774,-123.17773,Entire home/apt,2,1 bath,1,$115.00,4,TRUE,FALSE,171,4.94,63,1
15037603,2023-12-14,Grandview-Woodland,49.27369,-123.06303,Entire home/apt,2,1 bath,1,$99.00,2,TRUE,TRUE,294,4.83,0,1
15040167,2023-12-14,Riley Park,49.25113,-123.11466,Entire home/apt,4,2 baths,2,$123.00,30,TRUE,FALSE,12,4.75,345,7
15041985,2023-12-14,Renfrew-Collingwood,49.25377,-123.04513,Entire home/apt,3,1 bath,1,$142.00,2,TRUE,FALSE,87,4.75,362,1
15043236,2023-12-13,Downtown Eastside,49.27926,-123.08715,Entire home/apt,2,1 bath,1,$150.00,30,TRUE,FALSE,110,4.95,172,4
15058838,2023-12-14,Kensington-Cedar Cottage,49.25489,-123.07461,Entire home/apt,2,1 bath,1,NA,3,FALSE,FALSE,52,4.85,0,1
15086471,2023-12-14,Kitsilano,49.26639,-123.16389,Entire home/apt,2,1.5 baths,2,$121.00,30,FALSE,FALSE,6,5,104,1
15111957,2023-12-13,Victoria-Fraserview,49.21308,-123.05564,Private room,2,1 shared bath,1,$69.00,30,TRUE,FALSE,62,4.92,315,3
15149620,2023-12-13,Hastings-Sunrise,49.27726,-123.04511,Entire home/apt,1,1 bath,1,$65.00,7,FALSE,FALSE,108,4.64,13,2
15160387,2023-12-14,Downtown,49.27775,-123.11741,Entire home/apt,2,1 bath,1,NA,90,FALSE,FALSE,4,4.75,0,33
15161567,2023-12-14,Shaughnessy,49.23582,-123.12859,Entire home/apt,2,1 bath,1,$99.00,30,FALSE,FALSE,56,4.36,0,1
15197174,2023-12-13,Mount Pleasant,49.26143,-123.10964,Entire home/apt,2,1 bath,1,$104.00,3,TRUE,FALSE,375,4.91,48,1
15255610,2023-12-14,Mount Pleasant,49.26065,-123.09872,Entire home/apt,2,1 bath,1,NA,30,FALSE,FALSE,3,5,0,1
15260043,2023-12-14,Downtown,49.27947,-123.11835,Entire home/apt,2,1 bath,1,$117.00,30,TRUE,TRUE,34,4.85,177,1
15267634,2023-12-14,Downtown,49.28009,-123.12695,Entire home/apt,2,1 bath,1,NA,2,FALSE,FALSE,98,4.49,0,1
15272120,2023-12-14,South Cambie,49.25175,-123.11925,Entire home/apt,4,1 bath,2,$500.00,30,FALSE,FALSE,14,5,304,1
15280784,2023-12-14,Downtown,49.27952,-123.12024,Entire home/apt,2,1 bath,1,$125.00,80,FALSE,FALSE,2,5,89,1
15287481,2023-12-14,Downtown,49.27649,-123.12663,Entire home/apt,2,1 bath,1,$90.00,30,FALSE,FALSE,0,NA,150,2
15288267,2023-12-14,Downtown,49.27629,-123.12508,Entire home/apt,2,1 bath,1,$160.00,30,TRUE,FALSE,17,4.94,311,12
15300175,2023-12-14,Downtown,49.28484,-123.11437,Private room,2,1 bath,1,$99.00,1,FALSE,FALSE,0,NA,0,1
15312395,2023-12-13,Dunbar Southlands,49.2543,-123.19622,Entire home/apt,4,1 bath,2,$151.00,30,TRUE,FALSE,63,4.78,345,2
15316279,2023-12-13,South Cambie,49.24921,-123.12436,Entire home/apt,5,2 baths,2,$293.00,1,FALSE,FALSE,2,5,109,1
15321958,2023-12-13,Kitsilano,49.26321,-123.16329,Private room,1,1 shared bath,1,$71.00,30,TRUE,FALSE,45,4.53,364,2
15329853,2023-12-14,Renfrew-Collingwood,49.25117,-123.05318,Entire home/apt,4,1 bath,2,$240.00,1,FALSE,FALSE,177,4.88,349,1
15330197,2023-12-14,Downtown,49.279205,-123.117622,Entire home/apt,7,2 baths,3,$499.00,30,FALSE,FALSE,28,5,364,1
15363953,2023-12-13,Kitsilano,49.26346,-123.16109,Private room,1,1 shared bath,1,$80.00,30,TRUE,FALSE,34,4.24,194,2
15424088,2023-12-14,Downtown,49.2849,-123.11725,Entire home/apt,2,1 bath,1,$141.00,1,FALSE,FALSE,64,4.81,0,5
15455452,2023-12-14,Kitsilano,49.26858,-123.16151,Entire home/apt,4,2.5 baths,2,NA,3,TRUE,FALSE,112,4.98,0,1
15471901,2023-12-14,Downtown,49.2775,-123.13086,Entire home/apt,2,1 bath,1,$139.00,90,TRUE,FALSE,61,4.54,218,3
15481083,2023-12-14,Kitsilano,49.26244,-123.15148,Entire home/apt,4,1 bath,2,$269.00,30,FALSE,FALSE,46,4.87,11,1
15504479,2023-12-13,Downtown,49.274548,-123.127823,Entire home/apt,4,1 bath,2,$129.00,1,TRUE,FALSE,110,4.9,109,1
15514194,2023-12-13,Oakridge,49.22821260966064,-123.11010184089852,Private room,2,1 private bath,1,$98.00,1,TRUE,FALSE,68,4.9,74,1
15541440,2023-12-14,Downtown Eastside,49.28161,-123.10181,Private room,2,1 shared bath,1,$140.00,2,FALSE,FALSE,63,4.78,13,1
15542567,2023-12-14,Kitsilano,49.27017,-123.15711,Entire home/apt,5,1 bath,3,$200.00,2,TRUE,FALSE,301,4.93,0,1
15563093,2023-12-14,Downtown,49.27652,-123.11044,Entire home/apt,2,1 bath,1,NA,1,FALSE,FALSE,186,4.84,0,1
15582940,2023-12-14,Arbutus Ridge,49.24566,-123.16614,Entire home/apt,6,2 baths,3,$150.00,30,FALSE,FALSE,27,4.41,195,1
15635558,2023-12-14,Dunbar Southlands,49.23306,-123.18078,Entire home/apt,1,1 bath,2,$72.00,31,TRUE,FALSE,1,5,194,1
15642866,2023-12-13,Kitsilano,49.27165,-123.15073,Entire home/apt,6,1 bath,3,$248.00,1,TRUE,FALSE,144,4.67,0,1
15646460,2023-12-14,South Cambie,49.25072,-123.11681,Entire home/apt,10,3 baths,8,$950.00,5,TRUE,FALSE,78,4.88,149,1
15648459,2023-12-13,Kitsilano,49.26851,-123.17557,Private room,1,1.5 shared baths,1,$160.00,2,TRUE,FALSE,36,4.92,90,2
15706251,2023-12-14,Downtown,49.2878,-123.12423,Entire home/apt,6,2 baths,3,$200.00,30,FALSE,FALSE,16,4.75,134,1
15803843,2023-12-13,Kitsilano,49.26793,-123.16231,Entire home/apt,4,1 bath,2,$350.00,5,TRUE,FALSE,81,4.99,259,1
15951675,2023-12-14,Downtown,49.27737,-123.12369,Entire home/apt,3,1 bath,3,NA,3,FALSE,FALSE,71,4.83,0,1
15988395,2023-12-14,Downtown,49.28536,-123.11279,Entire home/apt,2,1 bath,1,NA,30,FALSE,TRUE,0,NA,0,1
16026015,2023-12-13,Hastings-Sunrise,49.28457,-123.04419,Entire home/apt,6,1 bath,4,$150.00,1,TRUE,TRUE,389,4.83,121,1
16083491,2023-12-13,Hastings-Sunrise,49.28638,-123.02704,Entire home/apt,4,1 bath,2,$99.00,2,TRUE,FALSE,181,4.9,76,1
16146450,2023-12-14,West End,49.28486,-123.12928,Private room,2,1 private bath,1,$135.00,2,TRUE,FALSE,67,4.99,3,1
16166488,2023-12-14,Sunset,49.21784,-123.10492,Entire home/apt,3,1 bath,2,$89.00,1,FALSE,TRUE,78,4.65,361,2
16177189,2023-12-14,Mount Pleasant,49.26594,-123.10085,Entire home/apt,2,1 bath,1,$144.00,3,FALSE,FALSE,189,4.85,2,1
16191372,2023-12-13,Mount Pleasant,49.25954,-123.11069,Entire home/apt,4,1.5 baths,2,$230.00,3,FALSE,FALSE,8,5,33,1
16203098,2023-12-14,Kensington-Cedar Cottage,49.24014,-123.0887,Entire home/apt,4,1 bath,3,$95.00,30,FALSE,FALSE,25,4.84,169,2
16218564,2023-12-14,Riley Park,49.23775,-123.11017,Entire home/apt,4,1 bath,2,NA,1,FALSE,TRUE,2,3.5,0,4
16232948,2023-12-14,Downtown,49.27476,-123.12499,Entire home/apt,2,1 bath,1,$350.00,30,TRUE,FALSE,51,4.82,297,1
16233697,2023-12-13,Kitsilano,49.26011,-123.16452,Entire home/apt,2,1 bath,1,$94.00,30,FALSE,FALSE,103,4.61,221,2
16243231,2023-12-13,Mount Pleasant,49.25824,-123.10429,Entire home/apt,2,1 bath,1,$153.00,2,TRUE,FALSE,148,4.86,140,1
16259049,2023-12-14,Kitsilano,49.27525,-123.14821,Entire home/apt,12,4 baths,5,"$1,200.00",2,FALSE,TRUE,59,4.78,0,1
16288021,2023-12-14,Downtown,49.27905,-123.11948,Entire home/apt,2,1 bath,1,$125.00,30,TRUE,FALSE,11,5,242,1
16289980,2023-12-13,Mount Pleasant,49.26494,-123.10111,Private room,1,1 private bath,1,$75.00,3,FALSE,FALSE,118,4.98,24,1
16302576,2023-12-14,Grandview-Woodland,49.28168,-123.06178,Entire home/apt,2,1 bath,1,NA,2,FALSE,FALSE,12,5,0,1
16315060,2023-12-14,Downtown,49.27857,-123.12299,Entire home/apt,4,1 bath,2,$125.00,1,TRUE,FALSE,494,4.81,18,1
16458904,2023-12-14,Killarney,49.20686,-123.04706,Entire home/apt,4,1 bath,2,$231.00,30,FALSE,FALSE,0,NA,365,1
16491614,2023-12-14,West End,49.27821,-123.13297,Entire home/apt,2,1 bath,1,NA,2,TRUE,FALSE,201,4.81,0,1
16491812,2023-12-13,South Cambie,49.25662,-123.12287,Entire home/apt,2,1 bath,1,$100.00,30,FALSE,FALSE,148,4.8,22,1
16616603,2023-12-13,Renfrew-Collingwood,49.24415,-123.0496,Private room,2,1 shared bath,1,$147.00,30,FALSE,TRUE,13,4.23,265,5
16621051,2023-12-13,Kitsilano,49.26417347587643,-123.14858139122168,Entire home/apt,2,1 bath,1,$100.00,50,FALSE,TRUE,4,4,60,1
16673770,2023-12-14,Grandview-Woodland,49.27985,-123.05817,Entire home/apt,6,2 baths,3,NA,4,FALSE,FALSE,5,4,0,1
16720749,2023-12-13,Mount Pleasant,49.25789,-123.09123,Entire home/apt,4,1 bath,2,$150.00,3,TRUE,FALSE,270,4.92,56,1
16752966,2023-12-14,Kitsilano,49.26041,-123.16441,Entire home/apt,7,2.5 baths,5,$649.00,5,FALSE,FALSE,7,4.71,36,1
16779964,2023-12-14,Downtown Eastside,49.2826,-123.10708,Entire home/apt,2,2 baths,2,$250.00,75,FALSE,FALSE,8,5,9,4
16795187,2023-12-14,Downtown,49.27994,-123.10781,Entire home/apt,6,2 baths,3,NA,31,FALSE,FALSE,70,4.7,0,1
16817056,2023-12-14,Victoria-Fraserview,49.23073,-123.0577,Entire home/apt,3,1 bath,1,NA,2,TRUE,FALSE,147,4.84,0,1
16826920,2023-12-13,West Point Grey,49.25905,-123.19141,Entire home/apt,2,1 bath,1,$95.00,30,FALSE,FALSE,26,4.85,12,1
16929381,2023-12-14,Downtown,49.27716,-123.12927,Entire home/apt,6,2 baths,2,$199.00,3,FALSE,FALSE,44,4.77,267,1
16934327,2023-12-14,Downtown,49.27995,-123.10707,Entire home/apt,3,1 bath,1,$105.00,1,TRUE,TRUE,274,4.83,161,1
16947736,2023-12-14,Downtown,49.27691,-123.12603,Private room,2,1 shared bath,1,$85.00,3,FALSE,FALSE,197,4.9,9,1
16960121,2023-12-14,Dunbar Southlands,49.25649,-123.19513,Entire home/apt,8,1.5 baths,4,$650.00,7,FALSE,FALSE,8,4.88,341,2
16973311,2023-12-14,Downtown,49.2792118,-123.1214803,Entire home/apt,4,1 bath,2,$184.00,1,TRUE,FALSE,78,4.85,85,1
17075234,2023-12-14,Downtown,49.27868,-123.10706,Entire home/apt,4,1 bath,1,$131.00,1,TRUE,FALSE,606,4.74,0,1
17195893,2023-12-14,Kensington-Cedar Cottage,49.23653,-123.07922,Entire home/apt,7,2 baths,3,$330.00,7,TRUE,FALSE,103,4.91,169,1
17256037,2023-12-14,West End,49.28464,-123.12435,Entire home/apt,4,2.5 baths,2,$400.00,30,NA,FALSE,1,5,323,3
17282580,2023-12-14,Downtown Eastside,49.27944,-123.09981,Entire home/apt,2,1 bath,1,$149.00,60,FALSE,FALSE,112,4.48,126,1
17302474,2023-12-14,Downtown,49.27937,-123.10681,Private room,2,2 shared baths,1,$69.00,2,FALSE,FALSE,248,4.73,25,2
17331922,2023-12-14,Downtown,49.27796,-123.10868,Entire home/apt,4,2 baths,2,$100.00,2,FALSE,FALSE,67,4.58,22,2
17347671,2023-12-14,Downtown,49.28807,-123.12398,Entire home/apt,13,2.5 baths,3,$174.00,1,FALSE,TRUE,491,4.82,320,1
17383030,2023-12-13,Hastings-Sunrise,49.28566,-123.05355,Entire home/apt,5,1 bath,3,$172.00,3,FALSE,FALSE,82,4.82,322,1
17404142,2023-12-14,South Cambie,49.25569,-123.12535,Entire home/apt,4,1 bath,3,$190.00,3,FALSE,TRUE,52,4.75,0,1
17404753,2023-12-14,Kitsilano,49.2669,-123.18265,Entire home/apt,4,1 bath,2,$220.00,30,TRUE,FALSE,60,4.77,14,2
17406661,2023-12-14,Kensington-Cedar Cottage,49.25306,-123.07141,Entire home/apt,10,2 baths,6,NA,2,FALSE,FALSE,66,5,0,1
17408695,2023-12-13,Kitsilano,49.26576294779839,-123.17592337401577,Entire home/apt,2,1 bath,1,$151.00,3,FALSE,FALSE,2,5,39,1
17438123,2023-12-14,West End,49.28441,-123.12249,Entire home/apt,2,1 bath,2,$169.00,30,FALSE,FALSE,211,4.84,313,1
17494290,2023-12-13,Marpole,49.20482,-123.13547,Private room,2,1 shared bath,1,$60.00,1,FALSE,FALSE,3,4,280,1
17497419,2023-12-13,Fairview,49.27045,-123.14534,Entire home/apt,6,1 bath,2,$278.00,1,TRUE,FALSE,318,4.95,172,1
17517890,2023-12-14,Kensington-Cedar Cottage,49.25282,-123.08034,Entire home/apt,4,1 bath,2,$120.00,3,FALSE,FALSE,27,4.74,13,1
17546167,2023-12-13,Sunset,49.21622,-123.10308,Entire home/apt,2,1.5 baths,2,$150.00,31,FALSE,FALSE,6,4.33,88,1
17580870,2023-12-14,Kensington-Cedar Cottage,49.25504,-123.08632,Entire home/apt,4,1 bath,4,$186.00,3,TRUE,FALSE,106,4.92,165,1
17611127,2023-12-14,Kitsilano,49.26678,-123.18156,Entire home/apt,6,2 baths,3,$500.00,30,TRUE,FALSE,49,4.8,42,2
17640274,2023-12-14,Marpole,49.21398,-123.13225,Entire home/apt,4,1 bath,2,$120.00,3,FALSE,FALSE,34,4.79,0,1
17649877,2023-12-14,Downtown,49.289790000000004,-123.12419,Entire home/apt,4,2 baths,2,$668.00,31,FALSE,FALSE,0,NA,359,1
17655199,2023-12-13,Downtown Eastside,49.279255647245066,-123.0880571660931,Entire home/apt,2,1 bath,1,$91.00,2,TRUE,FALSE,217,4.96,176,1
17683724,2023-12-13,Fairview,49.26567,-123.1211,Entire home/apt,2,1 bath,1,$229.00,3,TRUE,FALSE,62,4.81,141,1
17703644,2023-12-13,Mount Pleasant,49.25744,-123.10509,Entire home/apt,4,1 bath,1,$149.00,4,FALSE,TRUE,250,4.64,300,1
17714487,2023-12-14,West End,49.28716,-123.12709,Entire home/apt,4,2 baths,2,$160.00,30,TRUE,FALSE,62,4.97,327,13
17733636,2023-12-14,Downtown,49.27951,-123.11818,Entire home/apt,3,1 bath,1,$110.00,30,TRUE,FALSE,50,4.92,170,1
17734782,2023-12-13,Hastings-Sunrise,49.29021,-123.05265,Entire home/apt,3,1 bath,2,$117.00,2,TRUE,FALSE,203,4.97,148,1
17738026,2023-12-14,Kensington-Cedar Cottage,49.23522,-123.07804,Entire home/apt,6,2 baths,3,$140.00,30,FALSE,FALSE,37,5,151,1
17767948,2023-12-14,Kensington-Cedar Cottage,49.23711,-123.07616,Entire home/apt,5,1 bath,2,$135.00,30,TRUE,FALSE,38,4.84,167,1
17799980,2023-12-14,Grandview-Woodland,49.27295,-123.07359,Entire home/apt,4,1 bath,2,NA,3,FALSE,TRUE,40,4.78,0,1
17849718,2023-12-14,Downtown,49.27486,-123.11602,Entire home/apt,3,1 bath,1,NA,30,FALSE,FALSE,31,4.87,0,1
17878232,2023-12-14,Downtown,49.28729248046875,-123.12388610839844,Entire home/apt,2,1 bath,1,$429.00,1,TRUE,FALSE,232,4.8,350,3
17891295,2023-12-14,West End,49.28249,-123.1243,Entire home/apt,2,1 bath,1,$150.00,30,FALSE,FALSE,48,4.94,246,1
17906967,2023-12-13,Mount Pleasant,49.26681,-123.09716,Entire home/apt,2,1 bath,1,$147.00,2,TRUE,FALSE,304,4.94,65,1
17911210,2023-12-14,Downtown,49.28455,-123.10707,Private room,2,1 private bath,1,$136.00,1,TRUE,FALSE,74,4.96,1,2
17964143,2023-12-14,Hastings-Sunrise,49.26359,-123.03654,Entire home/apt,6,2 baths,2,NA,2,FALSE,TRUE,3,5,0,1
17980077,2023-12-13,Strathcona,49.26917,-123.09949,Entire home/apt,2,1 bath,1,$135.00,30,FALSE,FALSE,10,4.9,215,1
17994715,2023-12-13,Downtown,49.27704,-123.12395,Entire home/apt,2,1 bath,1,$145.00,30,TRUE,FALSE,23,4.96,324,12
18034711,2023-12-14,West End,49.28709,-123.13615,Private room,2,1 shared bath,1,NA,2,FALSE,FALSE,27,4.78,0,1
18040461,2023-12-14,Downtown,49.28029,-123.12526,Entire home/apt,4,1 bath,2,NA,30,TRUE,FALSE,90,4.61,0,2
18058854,2023-12-13,Hastings-Sunrise,49.2688,-123.05555,Entire home/apt,2,1 bath,2,$118.00,4,TRUE,FALSE,149,4.91,330,1
18062481,2023-12-14,Kitsilano,49.2662,-123.17177,Entire home/apt,1,1 bath,1,$150.00,28,FALSE,FALSE,6,3,83,1
18063805,2023-12-13,Marpole,49.2118,-123.11181,Private room,1,1.5 baths,1,$61.00,1,TRUE,FALSE,117,4.76,85,2
18076938,2023-12-14,Mount Pleasant,49.264301,-123.08522,Entire home/apt,5,2 baths,3,$288.00,90,FALSE,FALSE,96,4.91,338,1
18089401,2023-12-14,West End,49.27929,-123.13063,Entire home/apt,2,1 bath,1,$158.00,30,TRUE,FALSE,54,4.87,31,2
18141945,2023-12-13,Kerrisdale,49.23166,-123.14237,Private room,2,2 shared baths,1,$115.00,30,FALSE,FALSE,42,4.86,346,1
18152388,2023-12-13,Kensington-Cedar Cottage,49.2394,-123.08998,Private room,1,1 private bath,1,$53.00,30,FALSE,FALSE,7,4.57,334,2
18273285,2023-12-13,Kitsilano,49.26504,-123.18525,Entire home/apt,4,1 bath,3,$314.00,3,TRUE,FALSE,48,5,104,1
18328785,2023-12-14,Downtown,49.28035,-123.12505,Private room,1,2.5 shared baths,2,$100.00,31,FALSE,TRUE,7,4.71,365,2
18339479,2023-12-14,Grandview-Woodland,49.26419,-123.07647,Entire home/apt,7,2 baths,3,$260.00,1,TRUE,FALSE,70,4.77,11,1
18344347,2023-12-13,Riley Park,49.23822,-123.10175,Private room,1,1 shared bath,1,$42.00,30,TRUE,FALSE,21,4.95,51,6
18357164,2023-12-13,Hastings-Sunrise,49.26563,-123.04365,Entire home/apt,2,1 bath,1,$78.00,2,TRUE,FALSE,204,4.96,253,1
18359361,2023-12-14,Grandview-Woodland,49.27289,-123.07405,Private room,2,1 shared bath,1,NA,3,FALSE,FALSE,85,4.82,0,1
18397672,2023-12-14,Riley Park,49.25354,-123.09635,Entire home/apt,2,1 bath,3,$75.00,30,TRUE,FALSE,71,4.92,57,2
18416795,2023-12-14,Downtown,49.27953,-123.12046,Entire home/apt,2,1 bath,1,NA,30,FALSE,TRUE,34,4.85,0,1
18424386,2023-12-14,Mount Pleasant,49.26725,-123.11024,Entire home/apt,4,1 bath,2,$458.00,1,FALSE,FALSE,161,4.87,191,1
18451694,2023-12-14,Kitsilano,49.26308,-123.17923,Entire home/apt,2,1 bath,1,NA,30,FALSE,FALSE,47,4.57,0,1
18465230,2023-12-13,Downtown Eastside,49.2772,-123.102,Entire home/apt,5,2 baths,2,$150.00,5,FALSE,FALSE,2,5,19,1
18487637,2023-12-13,West Point Grey,49.27381,-123.20692,Entire home/apt,6,2 baths,3,$500.00,2,TRUE,FALSE,189,4.96,291,2
18503614,2023-12-13,Kitsilano,49.26252,-123.18165,Entire home/apt,2,1 bath,1,$99.00,1,TRUE,FALSE,335,4.94,7,1
18504108,2023-12-13,Downtown,49.27665,-123.1208,Entire home/apt,2,1 bath,1,$130.00,30,TRUE,FALSE,8,5,104,12
18508187,2023-12-13,Victoria-Fraserview,49.232,-123.05679,Private room,2,1 private bath,1,$70.00,2,TRUE,FALSE,100,4.9,109,1
18523194,2023-12-14,Downtown Eastside,49.28312,-123.10727,Entire home/apt,2,1 bath,1,$130.00,30,FALSE,FALSE,15,4.8,363,1
18523514,2023-12-14,Kensington-Cedar Cottage,49.24952,-123.07457,Private room,2,1 private bath,3,$87.00,2,FALSE,FALSE,143,4.69,0,2
18525552,2023-12-14,Downtown,49.28138,-123.11857,Entire home/apt,3,1 bath,2,$89.00,30,TRUE,FALSE,22,4.91,0,1
18527181,2023-12-14,Downtown,49.28161,-123.11777,Entire home/apt,6,2 baths,3,$265.00,30,TRUE,FALSE,12,5,334,1
18551005,2023-12-13,Grandview-Woodland,49.26922,-123.06617,Entire home/apt,2,1 bath,1,$77.00,30,TRUE,TRUE,40,4.78,86,4
18581544,2023-12-14,Downtown,49.2793,-123.10922,Entire home/apt,6,2 baths,3,$325.00,2,TRUE,FALSE,449,4.94,140,1
18617790,2023-12-14,Arbutus Ridge,49.23802,-123.16885,Entire home/apt,4,1 bath,3,$128.00,2,TRUE,FALSE,278,4.89,258,2
18638495,2023-12-14,Kitsilano,49.27324,-123.15193,Entire home/apt,3,1 bath,1,NA,6,FALSE,FALSE,6,5,0,1
18638835,2023-12-14,Downtown,49.27878,-123.10797,Entire home/apt,4,1 bath,2,NA,1,FALSE,FALSE,54,4.76,0,1
18650443,2023-12-14,Riley Park,49.23581,-123.10871,Entire home/apt,8,1.5 baths,4,NA,1,FALSE,TRUE,3,4.33,0,4
18657916,2023-12-13,South Cambie,49.25546,-123.12465,Entire home/apt,6,1 bath,2,$375.00,3,TRUE,FALSE,53,4.89,360,1
18688810,2023-12-14,South Cambie,49.25333,-123.12648,Entire home/apt,3,1 bath,1,NA,90,FALSE,FALSE,64,4.91,0,1
18707775,2023-12-13,Kensington-Cedar Cottage,49.24195,-123.0891,Private room,1,1 shared bath,1,$67.00,30,FALSE,FALSE,9,4.89,334,1
18733868,2023-12-14,Riley Park,49.24025,-123.1009,Private room,1,1 shared bath,1,NA,30,TRUE,FALSE,17,4.94,0,6
18735027,2023-12-14,Shaughnessy,49.23911,-123.1482,Entire home/apt,3,1 bath,2,$88.00,30,TRUE,TRUE,36,4.92,274,3
18736292,2023-12-14,Riley Park,49.23359,-123.09929,Entire home/apt,2,1 bath,1,$126.00,5,TRUE,FALSE,110,4.91,229,1
18769488,2023-12-14,Mount Pleasant,49.26847,-123.10601,Entire home/apt,2,1 bath,2,NA,30,FALSE,FALSE,27,4.96,0,1
18773655,2023-12-13,Marpole,49.21718,-123.10661,Entire home/apt,4,1 bath,2,$101.00,30,FALSE,TRUE,139,4.69,274,2
18795540,2023-12-13,Kitsilano,49.25881,-123.14922,Entire home/apt,2,1.5 baths,1,$200.00,2,FALSE,TRUE,62,4.63,279,5
18809180,2023-12-14,Downtown,49.27907,-123.10671,Entire home/apt,4,1 bath,4,$130.00,17,FALSE,FALSE,41,4.8,72,1
18812413,2023-12-13,Kitsilano,49.25767,-123.1491,Entire home/apt,4,1 bath,2,$256.00,30,FALSE,TRUE,61,4.64,225,5
18829637,2023-12-13,Shaughnessy,49.25712,-123.14907,Entire home/apt,4,1 bath,2,$249.00,30,FALSE,TRUE,67,4.72,180,5
18842500,2023-12-14,Kitsilano,49.26396801482054,-123.16002786573696,Entire home/apt,5,1.5 baths,3,NA,1,TRUE,FALSE,46,4.83,0,1
18858999,2023-12-14,Grandview-Woodland,49.27196,-123.06405,Entire home/apt,3,1.5 baths,2,NA,14,FALSE,FALSE,11,5,0,1
18878134,2023-12-14,Kensington-Cedar Cottage,49.23914,-123.06458,Entire home/apt,4,1 bath,2,$103.00,2,TRUE,FALSE,138,4.7,112,1
18879201,2023-12-14,Downtown,49.27767,-123.12908,Entire home/apt,2,1 bath,1,$146.00,30,FALSE,FALSE,102,4.76,335,1
18894921,2023-12-14,Downtown Eastside,49.27837,-123.09956,Entire home/apt,2,2 baths,1,$154.00,30,FALSE,FALSE,12,5,87,1
18897481,2023-12-13,Fairview,49.25836,-123.12625,Entire home/apt,3,1 bath,2,$88.00,30,TRUE,FALSE,58,4.91,128,1
18913359,2023-12-14,West End,49.28823,-123.14223,Private room,2,1 private bath,1,$350.00,3,TRUE,FALSE,88,4.97,132,1
18913604,2023-12-14,Hastings-Sunrise,49.26639271158436,-123.04989102046136,Entire home/apt,4,1 bath,2,$128.00,30,TRUE,FALSE,35,4.83,131,2
18917744,2023-12-13,Grandview-Woodland,49.27738,-123.07444,Entire home/apt,7,3 baths,6,$193.00,30,TRUE,FALSE,5,5,364,7
18933939,2023-12-14,Sunset,49.22838,-123.10111,Entire home/apt,8,6 baths,3,$950.00,6,FALSE,FALSE,7,5,173,1
18935250,2023-12-14,West End,49.27896,-123.13227,Entire home/apt,3,1 bath,1,NA,2,FALSE,FALSE,19,4.95,0,1
18946167,2023-12-13,Kitsilano,49.26574,-123.14892999999999,Entire home/apt,2,1 bath,1,$215.00,30,FALSE,FALSE,7,5,173,1
18972366,2023-12-14,Kensington-Cedar Cottage,49.24532,-123.07588,Entire home/apt,4,1 bath,2,$161.00,2,FALSE,FALSE,90,4.68,65,1
18980403,2023-12-14,Kensington-Cedar Cottage,49.23924,-123.08398,Entire home/apt,2,1 bath,1,$70.00,30,TRUE,FALSE,38,4.87,316,1
18980880,2023-12-14,Downtown,49.27868,-123.10592,Entire home/apt,6,1 bath,4,$343.00,1,TRUE,FALSE,64,4.86,0,1
18993540,2023-12-13,Riley Park,49.25343,-123.10752,Entire home/apt,6,1 bath,4,$166.00,2,TRUE,FALSE,307,4.9,167,1
19000807,2023-12-13,Shaughnessy,49.25703,-123.15105,Entire home/apt,6,1 bath,3,$395.00,30,FALSE,FALSE,71,4.82,225,5
19014703,2023-12-14,Kitsilano,49.26694,-123.16971,Entire home/apt,4,1 bath,3,NA,5,FALSE,FALSE,9,4.78,0,1
19019070,2023-12-13,Riley Park,49.25237,-123.09729,Entire home/apt,4,1 bath,2,$106.00,2,TRUE,FALSE,273,4.89,168,1
19022941,2023-12-13,Kitsilano,49.2592,-123.1497,Entire home/apt,4,1 bath,2,$250.00,30,FALSE,FALSE,57,4.51,124,5
19035665,2023-12-13,Riley Park,49.2555,-123.09562,Entire home/apt,3,1.5 baths,2,$100.00,31,FALSE,FALSE,27,4.78,55,1
19050386,2023-12-14,Downtown,49.27737,-123.13023,Private room,1,1 private bath,1,NA,7,FALSE,FALSE,3,5,0,2
19055891,2023-12-13,Kitsilano,49.26082,-123.16845000000001,Entire home/apt,2,1 bath,1,$158.00,2,FALSE,FALSE,275,4.65,189,2
19057656,2023-12-14,Downtown,49.27904,-123.10775,Entire home/apt,6,2 baths,4,$385.00,1,TRUE,TRUE,108,4.87,356,1
19070991,2023-12-14,Grandview-Woodland,49.27188,-123.07267,Entire home/apt,4,1 bath,1,$225.00,3,FALSE,FALSE,11,4.91,0,1
19071363,2023-12-14,Downtown,49.27766,-123.1096,Entire home/apt,4,2 baths,2,$500.00,2,FALSE,FALSE,106,4.86,68,1
19073601,2023-12-14,Downtown,49.28631,-123.12253,Shared room,2,1 shared bath,1,$100.00,30,FALSE,TRUE,33,4.82,179,1
19084844,2023-12-14,Hastings-Sunrise,49.28627,-123.04713,Private room,2,1 private bath,1,NA,7,TRUE,FALSE,125,4.88,0,1
19085886,2023-12-14,Fairview,49.2664,-123.13748,Entire home/apt,3,1 bath,1,NA,1,FALSE,FALSE,33,4.42,0,1
19094811,2023-12-14,Downtown,49.273529,-123.125443,Entire home/apt,5,2 baths,3,$334.00,30,FALSE,FALSE,1,5,133,1
19101912,2023-12-14,Riley Park,49.24118,-123.09683,Entire home/apt,7,2 baths,5,NA,3,FALSE,FALSE,7,5,0,1
19118514,2023-12-14,Downtown,49.2798,-123.10891,Entire home/apt,5,2 baths,3,$423.00,2,TRUE,FALSE,194,4.97,339,1
19120673,2023-12-14,West Point Grey,49.2602,-123.21289,Entire home/apt,8,3 baths,5,NA,3,FALSE,FALSE,22,4.86,0,2
19137495,2023-12-14,West End,49.28219,-123.12516,Entire home/apt,2,1 bath,1,NA,1,FALSE,FALSE,132,4.83,0,1
19138815,2023-12-13,Kitsilano,49.27105,-123.18454,Private room,1,1 shared bath,1,$51.00,30,TRUE,FALSE,61,4.9,80,1
19144132,2023-12-14,Downtown,49.27865,-123.12027,Entire home/apt,2,1 bath,1,$90.00,31,FALSE,FALSE,23,4.83,0,1
19162925,2023-12-14,Mount Pleasant,49.27203,-123.10248,Private room,2,1 private bath,1,$118.00,2,FALSE,FALSE,9,5,0,1
19199606,2023-12-14,Marpole,49.21794,-123.14169,Private room,5,1 private bath,2,$125.00,1,TRUE,FALSE,311,4.83,0,1
19208688,2023-12-14,Kitsilano,49.27322,-123.15093,Entire home/apt,3,1 bath,1,NA,1,FALSE,FALSE,51,4.84,0,1
19209231,2023-12-14,Fairview,49.26456,-123.12753,Entire home/apt,2,1 bath,1,$271.00,5,TRUE,FALSE,105,4.92,109,1
19211342,2023-12-14,Kitsilano,49.26705,-123.15698,Entire home/apt,2,1 bath,1,$140.00,21,FALSE,FALSE,4,4.75,89,1
19227353,2023-12-14,Downtown,49.28046893363854,-123.10769808245792,Entire home/apt,4,2 baths,2,$190.00,3,TRUE,FALSE,32,4.78,239,1
19236655,2023-12-14,West End,49.28731,-123.12592,Entire home/apt,2,2 baths,1,NA,30,TRUE,FALSE,28,4.89,0,1
19251596,2023-12-14,Kitsilano,49.26486,-123.18136,Entire home/apt,4,1 bath,2,$158.00,14,TRUE,FALSE,76,4.89,246,1
19271929,2023-12-13,Downtown,49.27704,-123.12217,Entire home/apt,2,1 bath,1,$115.00,30,TRUE,TRUE,30,4.87,199,2
19274855,2023-12-14,Downtown,49.28681,-123.12323,Entire home/apt,4,2.5 baths,2,$268.00,30,NA,FALSE,0,NA,226,3
19296579,2023-12-14,Grandview-Woodland,49.27804,-123.06098,Entire home/apt,4,2 baths,2,NA,30,TRUE,FALSE,14,5,0,1
19298482,2023-12-14,Downtown,49.28045,-123.11172,Entire home/apt,2,1 bath,1,$174.00,1,TRUE,FALSE,105,4.83,97,2
19332346,2023-12-13,Strathcona,49.27263,-123.09972,Private room,1,1 private bath,1,$232.00,2,TRUE,TRUE,48,4.92,145,1
19388671,2023-12-14,Downtown,49.27735,-123.12718,Entire home/apt,3,1 bath,2,$85.00,30,FALSE,FALSE,13,4.62,50,11
19406398,2023-12-13,Hastings-Sunrise,49.26645608729244,-123.0497623369004,Entire home/apt,2,1 bath,1,$90.00,30,TRUE,FALSE,50,4.8,61,2
19408516,2023-12-14,Grandview-Woodland,49.2776,-123.06675,Entire home/apt,5,2.5 baths,2,NA,5,FALSE,TRUE,6,5,0,1
19434101,2023-12-13,West Point Grey,49.27055,-123.18922,Entire home/apt,2,1 bath,1,$145.00,3,TRUE,FALSE,176,4.96,60,1
19437169,2023-12-14,West End,49.28742,-123.12805,Entire home/apt,3,1 bath,2,$93.00,30,FALSE,FALSE,4,4.75,25,33
19470470,2023-12-14,Kitsilano,49.2665,-123.14857,Entire home/apt,2,1 bath,1,NA,30,FALSE,FALSE,3,5,0,1
19470851,2023-12-14,Dunbar Southlands,49.22801,-123.19539,Entire home/apt,6,2.5 baths,4,NA,2,FALSE,TRUE,12,4.75,0,1
19471902,2023-12-13,Kitsilano,49.26,-123.18298,Entire home/apt,2,1 bath,2,$151.00,30,TRUE,FALSE,146,4.87,171,4
19555826,2023-12-13,Sunset,49.23298,-123.09754,Private room,1,1 shared bath,1,$48.00,100,TRUE,FALSE,14,4.93,171,4
19627518,2023-12-14,Hastings-Sunrise,49.27029069748068,-123.04596571408165,Entire home/apt,6,1 bath,3,NA,2,TRUE,FALSE,226,4.88,0,1
19662425,2023-12-14,Dunbar Southlands,49.2569,-123.19638,Private room,1,1 shared bath,1,NA,30,FALSE,FALSE,2,2,0,1
19676826,2023-12-14,West End,49.28572,-123.13627,Entire home/apt,2,1 bath,1,$207.00,2,FALSE,FALSE,20,4.85,4,1
19680779,2023-12-14,Grandview-Woodland,49.28297,-123.06153,Entire home/apt,7,1.5 baths,3,NA,1,FALSE,FALSE,28,4.54,0,1
19697558,2023-12-14,Kitsilano,49.25895,-123.16627,Entire home/apt,4,2.5 baths,3,$299.00,5,TRUE,TRUE,179,4.94,297,4
19699282,2023-12-14,West End,49.27751,-123.13336,Entire home/apt,6,3 baths,3,NA,3,FALSE,FALSE,24,5,0,1
19744355,2023-12-14,Downtown,49.27745,-123.12767,Private room,1,1 shared bath,1,$88.00,1,TRUE,FALSE,332,4.8,30,2
19762397,2023-12-14,West End,49.28215,-123.12503,Entire home/apt,2,1 bath,2,$122.00,30,TRUE,FALSE,33,4.88,351,2
19792418,2023-12-14,Hastings-Sunrise,49.28357,-123.05649,Entire home/apt,2,1 bath,1,NA,3,FALSE,FALSE,60,4.75,0,3
19802831,2023-12-14,Mount Pleasant,49.26182,-123.1072,Entire home/apt,6,2.5 baths,4,$325.00,3,FALSE,FALSE,5,5,55,1
19805434,2023-12-13,Fairview,49.25986,-123.12692,Entire home/apt,2,1 bath,1,$105.00,30,FALSE,FALSE,13,4.31,359,30
19826523,2023-12-14,Killarney,49.23178,-123.02587,Private room,2,1 shared bath,1,NA,7,FALSE,FALSE,10,4.3,0,1
19831337,2023-12-14,Hastings-Sunrise,49.27729,-123.05511,Entire home/apt,6,1 bath,3,NA,3,FALSE,FALSE,24,4.71,0,1
19832108,2023-12-14,Riley Park,49.23939,-123.09124,Entire home/apt,2,1 bath,1,$165.00,31,FALSE,FALSE,3,4.33,0,1
19859843,2023-12-14,West End,49.28455,-123.12204,Entire home/apt,2,1 bath,1,$125.00,29,FALSE,FALSE,6,5,180,1
19862607,2023-12-14,Mount Pleasant,49.26084,-123.09042,Entire home/apt,8,2 baths,3,$99.00,4,TRUE,FALSE,20,4.8,22,2
19879167,2023-12-14,Mount Pleasant,49.25912,-123.08006,Entire home/apt,6,2 baths,2,$200.00,2,TRUE,FALSE,117,4.93,6,3
19893714,2023-12-13,Hastings-Sunrise,49.27513115584283,-123.03999400138856,Entire home/apt,2,1 bath,1,$100.00,5,TRUE,FALSE,131,4.94,114,1
19915265,2023-12-14,Fairview,49.26156,-123.14305,Entire home/apt,2,1 bath,1,NA,2,FALSE,FALSE,4,4.75,0,1
19925483,2023-12-13,Kitsilano,49.26615,-123.16606,Entire home/apt,2,1 bath,1,$90.00,2,TRUE,FALSE,336,4.81,24,1
19931091,2023-12-14,Kitsilano,49.26584,-123.15036,Entire home/apt,1,1 bath,1,$149.00,5,TRUE,FALSE,67,5,4,2
19931966,2023-12-14,Downtown,49.2884,-123.12605,Entire home/apt,3,1 bath,2,$271.00,30,FALSE,FALSE,23,4.3,179,11
19946831,2023-12-13,Kerrisdale,49.23139,-123.15835,Entire home/apt,4,1 bath,2,$82.00,2,TRUE,TRUE,139,4.96,57,1
19949184,2023-12-14,Downtown,49.27606,-123.12848,Entire home/apt,4,1 bath,2,$185.00,1,FALSE,TRUE,143,4.78,8,1
19984705,2023-12-14,Downtown Eastside,49.28389,-123.10265,Entire home/apt,3,1 bath,1,$138.00,4,TRUE,FALSE,159,4.69,4,2
19995392,2023-12-14,Riley Park,49.25421,-123.09876,Entire home/apt,7,2.5 baths,3,$450.00,5,FALSE,FALSE,9,4.89,51,1
20002260,2023-12-14,Oakridge,49.23272,-123.13075,Entire home/apt,12,2 baths,12,NA,2,FALSE,FALSE,8,4.13,0,1
20073140,2023-12-14,West End,49.28435,-123.13874,Entire home/apt,2,0 baths,1,$112.00,2,FALSE,FALSE,25,4.88,365,1
20088165,2023-12-14,Grandview-Woodland,49.28097,-123.06788,Private room,2,1 shared bath,1,NA,4,FALSE,FALSE,80,4.88,0,1
20090741,2023-12-13,Downtown,49.29373,-123.13452,Entire home/apt,4,1 bath,2,$105.00,30,FALSE,FALSE,6,3.83,50,11
20095858,2023-12-14,Riley Park,49.24404,-123.10111,Entire home/apt,2,1 bath,1,$158.00,2,TRUE,FALSE,145,4.96,77,1
20136427,2023-12-13,Riley Park,49.23527,-123.09903,Private room,1,1 shared bath,1,$33.00,90,TRUE,FALSE,7,5,153,4
20208829,2023-12-14,Fairview,49.2622,-123.14579,Private room,1,1 private bath,1,NA,30,FALSE,FALSE,0,NA,0,1
20215396,2023-12-13,Riley Park,49.25407,-123.09567,Entire home/apt,4,1 bath,2,$249.00,2,TRUE,TRUE,232,4.84,57,2
20216848,2023-12-14,Downtown,49.28072,-123.12483,Entire home/apt,3,1 bath,1,$99.00,29,FALSE,FALSE,93,4.92,102,2
20234950,2023-12-14,Mount Pleasant,49.25852,-123.10447,Entire home/apt,6,2.5 baths,4,NA,2,FALSE,FALSE,1,5,0,1
20235568,2023-12-14,Downtown,49.27848,-123.12038,Entire home/apt,2,1 bath,1,$116.00,30,TRUE,TRUE,24,4.83,78,1
20307736,2023-12-13,Killarney,49.22338,-123.03558,Private room,3,1 shared bath,1,$60.00,1,FALSE,FALSE,98,4.55,311,1
20359188,2023-12-14,Kitsilano,49.26463,-123.16143,Entire home/apt,2,1 bath,1,NA,2,FALSE,FALSE,7,5,0,1
20361528,2023-12-14,Renfrew-Collingwood,49.24156,-123.04932,Private room,2,1 private bath,1,$73.00,2,TRUE,FALSE,182,4.87,79,3
20366334,2023-12-14,Renfrew-Collingwood,49.24196,-123.04993,Private room,2,1 private bath,1,$80.00,2,TRUE,FALSE,103,4.8,0,3
20394031,2023-12-14,Grandview-Woodland,49.27379,-123.06237,Private room,1,1 shared bath,1,NA,60,FALSE,FALSE,2,4.5,0,1
20413631,2023-12-14,Downtown,49.28152,-123.11645,Entire home/apt,2,1 bath,1,NA,365,FALSE,FALSE,1,5,0,1
20426923,2023-12-14,South Cambie,49.23602,-123.12417,Entire home/apt,6,2 baths,2,$195.00,2,TRUE,FALSE,49,4.82,155,1
20434400,2023-12-14,Fairview,49.26571,-123.13241,Private room,1,1 private bath,1,NA,1,FALSE,FALSE,21,4.76,0,1
20436839,2023-12-13,Hastings-Sunrise,49.27387,-123.05153,Private room,1,1 private bath,1,$68.00,185,FALSE,FALSE,0,NA,364,2
20457117,2023-12-13,Grandview-Woodland,49.2802,-123.06112,Entire home/apt,4,1 bath,3,$250.00,2,FALSE,FALSE,39,4.92,197,1
20473723,2023-12-13,Fairview,49.25915,-123.14504,Entire home/apt,2,1 bath,1,$140.00,30,TRUE,FALSE,12,5,162,2
20498335,2023-12-13,Riley Park,49.23745,-123.09745,Entire home/apt,2,1 bath,1,$156.00,2,TRUE,FALSE,19,4.89,338,1
20504139,2023-12-14,Arbutus Ridge,49.25147,-123.16079,Entire home/apt,10,3 baths,4,NA,3,TRUE,TRUE,17,4.94,0,1
20506575,2023-12-14,Grandview-Woodland,49.27668,-123.06058,Private room,1,1 shared bath,1,$46.00,1,FALSE,FALSE,0,NA,0,1
20536417,2023-12-14,Downtown Eastside,49.28261,-123.1029,Entire home/apt,2,1 bath,4,$263.00,7,TRUE,TRUE,95,4.88,223,1
20541307,2023-12-14,Kitsilano,49.26769,-123.16714,Entire home/apt,4,1 bath,2,NA,3,FALSE,FALSE,13,4.62,0,1
20555247,2023-12-13,Hastings-Sunrise,49.26697,-123.04348,Entire home/apt,4,1 bath,3,$133.00,1,TRUE,FALSE,445,4.85,34,1
20559146,2023-12-13,Renfrew-Collingwood,49.24871,-123.05501,Private room,2,1 private bath,1,$150.00,1,FALSE,TRUE,544,4.68,90,1
20586963,2023-12-13,Renfrew-Collingwood,49.2557,-123.04582,Private room,1,1 private bath,1,$80.00,5,FALSE,FALSE,35,4.83,249,1
20623507,2023-12-14,Downtown Eastside,49.2832,-123.10252,Entire home/apt,2,1 bath,1,$105.00,30,FALSE,FALSE,155,4.79,243,2
20634127,2023-12-14,West End,49.284,-123.1336,Entire home/apt,2,1 bath,1,NA,30,FALSE,FALSE,10,5,0,1
20634649,2023-12-14,Mount Pleasant,49.26404,-123.10546,Entire home/apt,2,1 bath,1,$175.00,2,FALSE,TRUE,137,4.69,2,1
20642417,2023-12-13,Downtown,49.27636,-123.11982,Private room,2,1 shared bath,1,$100.00,30,FALSE,FALSE,26,4.62,365,2
20697602,2023-12-13,Marpole,49.21446,-123.11432,Private room,2,1.5 shared baths,1,$85.00,3,FALSE,FALSE,45,4.69,75,6
20698187,2023-12-13,Marpole,49.21424,-123.11441,Private room,2,1 shared bath,1,$80.00,3,FALSE,FALSE,77,4.68,71,6
20698278,2023-12-14,Marpole,49.2127,-123.11602,Private room,2,1 shared bath,1,$80.00,3,FALSE,FALSE,95,4.72,68,6
20699158,2023-12-14,Oakridge,49.22845,-123.11504,Private room,2,1 shared bath,2,$70.00,360,FALSE,FALSE,186,4.79,179,2
20726949,2023-12-14,Downtown,49.28264,-123.11427,Entire home/apt,8,3 baths,5,$520.00,2,FALSE,FALSE,34,4.53,159,6
20730379,2023-12-14,West End,49.27957,-123.13028,Entire home/apt,3,1 bath,2,$103.00,30,TRUE,FALSE,56,4.82,130,1
20733186,2023-12-14,Downtown Eastside,49.28343,-123.10689,Entire home/apt,2,1 bath,1,$122.00,1,FALSE,FALSE,55,4.6,46,1
20747426,2023-12-14,Downtown,49.28264,-123.11427,Private room,2,1 private bath,1,$149.00,1,FALSE,FALSE,55,4.53,142,6
20747473,2023-12-14,Grandview-Woodland,49.26906,-123.06129,Private room,2,1 shared bath,1,$67.00,1,FALSE,FALSE,505,4.79,0,1
20761423,2023-12-14,Downtown,49.28263473510742,-123.11427307128906,Private room,2,2 shared baths,1,$119.00,2,FALSE,FALSE,35,4.54,136,6
20773659,2023-12-14,Downtown,49.27929,-123.10709,Private room,2,1 private bath,1,$86.00,1,FALSE,FALSE,500,4.86,64,1
20798979,2023-12-14,Renfrew-Collingwood,49.24188,-123.05401,Entire home/apt,2,1 bath,1,$74.00,2,FALSE,FALSE,350,4.72,0,1
20799287,2023-12-13,Grandview-Woodland,49.26985,-123.06766,Private room,2,1 shared bath,1,$86.00,1,TRUE,TRUE,282,4.91,142,1
20856734,2023-12-25,West Point Grey,49.25959,-123.18791,Entire home/apt,2,1 bath,1,$109.00,3,TRUE,FALSE,136,4.9,0,1
20864984,2023-12-14,Oakridge,49.22671,-123.11416,Private room,2,1 shared bath,1,$60.00,360,FALSE,FALSE,132,4.8,179,2
20873976,2023-12-14,Grandview-Woodland,49.27813,-123.07205,Private room,2,1 private bath,1,$97.00,2,TRUE,FALSE,231,4.94,0,1
20887745,2023-12-14,Arbutus Ridge,49.23973,-123.16704,Private room,4,1 private bath,3,NA,2,FALSE,FALSE,85,4.56,0,1
20900425,2023-12-14,Grandview-Woodland,49.27568,-123.06916,Entire home/apt,6,2.5 baths,3,NA,3,FALSE,FALSE,112,4.95,0,1
20913466,2023-12-14,Grandview-Woodland,49.28111,-123.05747,Entire home/apt,2,1 bath,1,NA,30,FALSE,FALSE,91,4.98,0,1
20913864,2023-12-14,Downtown,49.27897,-123.12625,Entire home/apt,2,1 bath,2,$150.00,31,TRUE,FALSE,20,4.95,42,1
20980500,2023-12-13,Fairview,49.26339,-123.12186,Entire home/apt,5,3.5 baths,3,$190.00,30,TRUE,FALSE,34,4.91,241,13
20982614,2023-12-14,Mount Pleasant,49.26564,-123.10106,Entire home/apt,2,1 bath,1,NA,30,FALSE,FALSE,14,4.79,0,1
20997043,2023-12-14,Downtown Eastside,49.2792,-123.09849,Entire home/apt,4,2 baths,2,NA,2,FALSE,FALSE,42,4.79,0,1
21002078,2023-12-14,Downtown,49.28097,-123.10959,Entire home/apt,6,2 baths,2,$399.00,30,TRUE,TRUE,82,4.85,123,1
21011527,2023-12-14,Grandview-Woodland,49.2728,-123.07355,Entire home/apt,4,1 bath,1,NA,2,FALSE,TRUE,52,4.77,0,1
21030772,2023-12-14,Downtown,49.28002,-123.11053,Entire home/apt,4,1 bath,2,$220.00,30,FALSE,FALSE,6,4.5,90,1
21045621,2023-12-14,Oakridge,49.22244,-123.13581,Entire home/apt,4,2 baths,2,$138.00,1,FALSE,TRUE,5,4.8,18,1
21066390,2023-12-14,Downtown,49.28264,-123.11427,Private room,2,1 shared bath,1,$139.00,1,FALSE,FALSE,97,4.57,140,6
21097026,2023-12-13,Fairview,49.26431,-123.12104,Entire home/apt,2,1 bath,1,$207.00,7,FALSE,FALSE,14,4.79,148,1
21100013,2023-12-14,Downtown,49.27609,-123.12527,Entire home/apt,2,1 bath,1,$135.00,30,TRUE,FALSE,16,4.94,312,8
21112252,2023-12-13,Fairview,49.26027,-123.1263,Entire home/apt,2,1 bath,1,$100.00,30,FALSE,TRUE,14,4.36,175,30
21128612,2023-12-14,Riley Park,49.25089,-123.09095,Entire home/apt,4,1 bath,2,$219.00,2,FALSE,FALSE,47,4.81,64,1
21137609,2023-12-14,Downtown,49.27979,-123.12022,Entire home/apt,2,1 bath,1,$95.00,30,TRUE,FALSE,286,4.91,346,3
21140065,2023-12-14,Downtown,49.27524,-123.13415,Entire home/apt,4,2 baths,2,$130.00,30,TRUE,FALSE,58,4.64,343,3
21141339,2023-12-14,Hastings-Sunrise,49.27442,-123.05392,Entire home/apt,8,2 baths,5,NA,3,FALSE,FALSE,0,NA,0,1
21142387,2023-12-14,West End,49.27811,-123.13095,Entire home/apt,2,1 bath,1,$100.00,30,FALSE,FALSE,5,5,135,1
21150832,2023-12-14,Downtown,49.27461,-123.13082,Private room,2,1.5 baths,1,$160.00,90,FALSE,TRUE,0,NA,365,1
21162408,2023-12-14,Sunset,49.2318,-123.09747,Entire home/apt,5,2.5 baths,3,$499.00,365,FALSE,FALSE,2,5,263,2
21163623,2023-12-14,West End,49.2833,-123.12769,Entire home/apt,2,1 bath,1,$139.00,2,TRUE,FALSE,269,4.72,338,1
21188818,2023-12-13,Fairview,49.26024,-123.12837,Entire home/apt,2,1 bath,1,$100.00,30,FALSE,FALSE,14,4.36,215,30
21215931,2023-12-14,Grandview-Woodland,49.26968,-123.06175,Entire home/apt,6,1.5 baths,4,NA,3,FALSE,FALSE,3,4.67,0,1
21229518,2023-12-14,Kitsilano,49.26892,-123.18535,Entire home/apt,5,3 baths,4,NA,4,FALSE,FALSE,16,4.94,0,1
21239164,2023-12-14,West End,49.27713,-123.13408,Private room,2,1 private bath,1,NA,2,FALSE,TRUE,17,4.76,0,2
21250212,2023-12-14,Downtown Eastside,49.28186,-123.10567,Entire home/apt,2,1 bath,1,$80.00,30,TRUE,FALSE,216,4.78,49,4
21264147,2023-12-13,Kitsilano,49.26489,-123.15048,Entire home/apt,2,1 bath,1,$142.00,2,TRUE,TRUE,307,4.86,174,1
21276385,2023-12-14,West End,49.28744,-123.12688,Entire home/apt,4,1 bath,3,$330.00,30,TRUE,TRUE,64,4.82,0,1
21281197,2023-12-14,Sunset,49.23138,-123.10445,Entire home/apt,2,1 bath,1,NA,2,FALSE,FALSE,193,4.99,0,1
21298863,2023-12-13,Riley Park,49.25331,-123.11395,Entire home/apt,3,2 baths,2,$150.00,30,TRUE,FALSE,67,5,165,1
21344002,2023-12-14,Riley Park,49.24988,-123.1038,Entire home/apt,2,1 bath,1,$125.00,30,FALSE,FALSE,1,3,0,1
21356520,2023-12-13,Renfrew-Collingwood,49.23965,-123.04831,Private room,2,1 shared bath,1,$65.00,2,TRUE,FALSE,106,4.92,41,3
21363777,2023-12-13,Sunset,49.2326,-123.08251,Entire home/apt,3,1 bath,3,$98.00,30,TRUE,TRUE,18,5,226,1
21391849,2023-12-14,Renfrew-Collingwood,49.23937,-123.04057,Entire home/apt,3,1 bath,1,NA,28,FALSE,FALSE,111,4.95,0,1
21409855,2023-12-14,Downtown,49.27906,-123.1088,Entire home/apt,6,2 baths,3,$228.00,30,FALSE,FALSE,120,4.91,253,1
21412468,2023-12-14,Kitsilano,49.26718,-123.16534,Entire home/apt,3,1 bath,2,$128.00,1,TRUE,TRUE,330,4.83,0,2
21412609,2023-12-14,Shaughnessy,49.2466,-123.13585,Entire home/apt,5,1 bath,3,$215.00,1,TRUE,FALSE,64,4.86,325,3
21455497,2023-12-14,Kitsilano,49.26993,-123.16528,Entire home/apt,5,1 bath,3,NA,30,TRUE,FALSE,110,4.86,0,1
21462888,2023-12-14,Downtown,49.2935,-123.13451,Entire home/apt,3,1 bath,1,NA,3,FALSE,FALSE,99,4.73,0,1
21487129,2023-12-14,Kitsilano,49.26635,-123.16716,Entire home/apt,8,4 baths,4,$907.00,3,TRUE,FALSE,41,4.98,111,1
21504385,2023-12-13,Downtown Eastside,49.2788,-123.07913,Entire home/apt,2,1 bath,NA,$54.00,2,TRUE,TRUE,185,4.76,64,1
21527208,2023-12-13,Fairview,49.25976,-123.12793,Entire home/apt,4,1.5 baths,2,$115.00,30,FALSE,FALSE,21,4.81,261,30
21532511,2023-12-14,Downtown,49.27836,-123.12485,Entire home/apt,6,1 bath,3,$161.00,3,TRUE,FALSE,96,4.91,0,6
21536629,2023-12-13,Strathcona,49.26845,-123.09534,Entire home/apt,2,1 bath,1,$225.00,30,TRUE,FALSE,0,NA,173,2
21549963,2023-12-13,Mount Pleasant,49.26831,-123.10523,Entire home/apt,2,1 bath,1,$86.00,30,FALSE,FALSE,63,4.94,327,1
21550757,2023-12-14,Downtown,49.27754,-123.11257,Entire home/apt,2,1 bath,1,$99.00,90,FALSE,FALSE,3,4.67,88,1
21567998,2023-12-14,Riley Park,49.24513,-123.10495,Entire home/apt,4,1 bath,3,$177.00,3,TRUE,FALSE,175,4.97,295,1
21577211,2023-12-13,Grandview-Woodland,49.28254,-123.06454,Entire home/apt,4,1 bath,1,$75.00,2,FALSE,FALSE,392,4.61,341,1
21581560,2023-12-14,Downtown,49.28212,-123.12293,Entire home/apt,3,1 bath,2,$165.00,30,TRUE,FALSE,23,5,209,12
21607882,2023-12-14,Oakridge,49.22584,-123.13769,Entire home/apt,4,1 bath,2,$158.00,2,TRUE,FALSE,86,4.62,364,1
21613146,2023-12-14,Kensington-Cedar Cottage,49.24185,-123.08763,Entire home/apt,6,2.5 baths,3,$169.00,1,FALSE,TRUE,2,5,101,1
21627553,2023-12-14,Downtown,49.27976,-123.11119,Entire home/apt,2,1 bath,1,NA,30,FALSE,FALSE,3,4.67,0,1
21631987,2023-12-14,Downtown,49.27889,-123.12168,Entire home/apt,2,1 bath,1,NA,60,FALSE,FALSE,1,5,0,1
21643708,2023-12-14,West End,49.28603,-123.12555,Entire home/apt,2,1 bath,1,$112.00,30,FALSE,FALSE,6,4.33,333,2
21666600,2023-12-13,Kensington-Cedar Cottage,49.25446,-123.08276,Entire home/apt,4,1 bath,2,$80.00,2,FALSE,FALSE,229,4.49,169,1
21699572,2023-12-13,Marpole,49.21007203813112,-123.13083703843192,Private room,2,1 shared bath,1,$41.00,30,FALSE,TRUE,0,NA,159,5
21701347,2023-12-14,Downtown,49.28124,-123.1093,Entire home/apt,6,2 baths,3,$204.00,2,TRUE,TRUE,441,4.85,0,1
21728058,2023-12-14,Riley Park,49.24122,-123.09628,Entire home/apt,5,2 baths,3,NA,30,FALSE,TRUE,0,NA,0,1
21752149,2023-12-14,Hastings-Sunrise,49.28724,-123.05085,Private room,2,1 shared bath,1,$65.00,2,FALSE,FALSE,92,4.92,0,1
21813103,2023-12-14,Kensington-Cedar Cottage,49.25503,-123.08026,Entire home/apt,6,2.5 baths,4,NA,7,FALSE,FALSE,13,4.92,0,1
21817597,2023-12-13,Renfrew-Collingwood,49.23358,-123.03156,Private room,1,1 shared bath,1,$88.00,30,FALSE,FALSE,0,NA,88,1
21853186,2023-12-14,Dunbar Southlands,49.25518,-123.19295,Entire home/apt,8,3.5 baths,5,$586.00,30,TRUE,FALSE,10,5,17,2
21879605,2023-12-13,Strathcona,49.26978,-123.09867,Entire home/apt,4,1 bath,1,$122.00,30,TRUE,FALSE,27,4.93,242,2
21908772,2023-12-14,Downtown,49.27991,-123.10717,Entire home/apt,5,2 baths,1,$301.00,2,TRUE,FALSE,91,4.92,305,1
21912838,2023-12-13,Kitsilano,49.2599,-123.18294,Entire home/apt,2,1 bath,1,$95.00,1,TRUE,FALSE,340,4.94,136,4
21935365,2023-12-14,Kensington-Cedar Cottage,49.25683,-123.06639,Private room,2,1 shared bath,1,NA,1,FALSE,TRUE,0,NA,0,1
21949883,2023-12-14,Grandview-Woodland,49.27305,-123.06801,Entire home/apt,4,1 bath,2,$129.00,5,TRUE,FALSE,211,4.8,152,1
21984466,2023-12-13,Kitsilano,49.26313,-123.1719,Private room,2,1 shared bath,1,$80.00,30,FALSE,FALSE,18,4.78,107,2
21985887,2023-12-14,Hastings-Sunrise,49.28731,-123.04954,Entire home/apt,3,1 bath,2,NA,2,FALSE,FALSE,2,4.5,0,1
22032043,2023-12-14,Kitsilano,49.26933,-123.18303,Entire home/apt,4,1 bath,2,$225.00,3,TRUE,TRUE,80,4.78,219,1
22036501,2023-12-14,Riley Park,49.23638,-123.10714,Entire home/apt,5,1 bath,3,$161.00,1,TRUE,FALSE,344,4.77,158,1
22049481,2023-12-13,Hastings-Sunrise,49.29204,-123.04948,Entire home/apt,3,1 bath,2,$100.00,3,TRUE,FALSE,188,4.9,113,1
22059982,2023-12-14,Hastings-Sunrise,49.27411,-123.04884,Entire home/apt,4,1 bath,2,$79.00,2,TRUE,FALSE,355,4.8,0,1
22102093,2023-12-14,Downtown,49.27665,-123.11686,Entire home/apt,2,1 bath,1,$90.00,30,FALSE,TRUE,0,NA,292,1
22103390,2023-12-14,Kensington-Cedar Cottage,49.25487,-123.07811,Private room,2,1 shared bath,1,NA,1,FALSE,FALSE,23,4.96,0,3
22131052,2023-12-14,Downtown,49.27833,-123.12059000000001,Entire home/apt,4,1 bath,1,$200.00,90,FALSE,FALSE,1,5,365,1
22228696,2023-12-13,Kerrisdale,49.22366,-123.14858,Private room,2,1 private bath,1,$200.00,30,FALSE,FALSE,16,5,179,1
22231178,2023-12-13,Fairview,49.26177,-123.12674,Entire home/apt,2,1 bath,1,$100.00,30,FALSE,FALSE,20,4.85,90,30
22251747,2023-12-14,Downtown,49.28939,-123.12581,Entire home/apt,3,2 baths,2,$158.00,30,TRUE,FALSE,18,4.94,241,1
22292913,2023-12-14,Downtown,49.27559,-123.12718,Entire home/apt,2,1 bath,1,NA,30,FALSE,FALSE,20,4.95,0,1
22295849,2023-12-14,Downtown,49.27951,-123.12739,Entire home/apt,4,1 bath,3,$300.00,3,FALSE,FALSE,109,4.78,219,1
22298691,2023-12-13,Fairview,49.25985,-123.12696,Entire home/apt,4,2 baths,2,$115.00,30,FALSE,FALSE,15,4,271,30
22298696,2023-12-13,Fairview,49.26045,-123.12819,Entire home/apt,1,1 bath,1,$100.00,30,FALSE,FALSE,13,4.38,225,30
22310305,2023-12-13,Hastings-Sunrise,49.29108,-123.04144,Entire home/apt,8,2 baths,4,$193.00,2,TRUE,TRUE,257,4.94,66,2
22324957,2023-12-13,Downtown Eastside,49.276791,-123.091484,Private room,2,1 shared bath,1,$40.00,30,TRUE,FALSE,62,4.84,59,2
22326190,2023-12-14,Renfrew-Collingwood,49.25459,-123.04589,Entire home/apt,2,1 bath,2,$94.00,2,TRUE,FALSE,273,4.85,0,1
22340533,2023-12-14,Mount Pleasant,49.26516,-123.09283,Entire home/apt,2,1 bath,1,$140.00,30,FALSE,FALSE,0,NA,173,1
22377264,2023-12-14,Downtown,49.281,-123.12565,Entire home/apt,2,1 bath,1,$92.00,31,FALSE,FALSE,17,4.94,19,1
22389548,2023-12-13,Fairview,49.26163,-123.12813,Entire home/apt,2,1 bath,1,$105.00,30,FALSE,FALSE,17,4.47,293,30
22391348,2023-12-14,Kensington-Cedar Cottage,49.25501,-123.0714,Entire home/apt,3,2 baths,2,$200.00,2,TRUE,FALSE,26,5,116,1
22422543,2023-12-14,Downtown Eastside,49.27823,-123.08676,Entire home/apt,10,1 bath,5,$40.00,30,TRUE,FALSE,520,4.83,90,2
22424497,2023-12-14,Hastings-Sunrise,49.2694,-123.03996,Private room,1,1 shared bath,1,NA,30,FALSE,FALSE,1,5,0,1
22434573,2023-12-14,Downtown,49.28104,-123.109,Private room,1,1 shared bath,1,$79.00,30,FALSE,FALSE,4,4.25,103,3
22434983,2023-12-14,West End,49.28815,-123.13616,Entire home/apt,2,1 bath,1,NA,5,FALSE,TRUE,19,4.68,0,3
22450798,2023-12-14,Fairview,49.26553,-123.12651,Entire home/apt,6,2.5 baths,4,NA,2,FALSE,FALSE,2,5,0,1
22505866,2023-12-14,Dunbar Southlands,49.25537,-123.19077,Hotel room,2,1 private bath,1,$150.00,1,FALSE,TRUE,35,4.77,5,3
22519199,2023-12-13,West End,49.2865,-123.13401,Private room,1,1 private bath,1,$75.00,30,FALSE,FALSE,74,4.72,88,10
22551920,2023-12-14,West End,49.28525,-123.13404,Private room,1,1 private bath,1,$75.00,30,FALSE,FALSE,73,4.75,153,10
22569894,2023-12-14,Downtown,49.27911,-123.11714,Entire home/apt,2,1 bath,1,$199.00,3,FALSE,FALSE,0,NA,0,1
22573163,2023-12-13,Hastings-Sunrise,49.29075,-123.04071,Entire home/apt,4,2 baths,2,$133.00,2,TRUE,TRUE,23,4.96,66,2
22587726,2023-12-14,Mount Pleasant,49.26578,-123.09339,Entire home/apt,2,1 bath,1,NA,2,FALSE,FALSE,47,4.89,0,1
22618949,2023-12-14,Kensington-Cedar Cottage,49.25133,-123.06182,Entire home/apt,6,2 baths,5,NA,10,FALSE,FALSE,21,4.9,0,1
22631875,2023-12-14,Kensington-Cedar Cottage,49.23591,-123.07813,Entire home/apt,4,1 bath,4,NA,2,FALSE,TRUE,36,4.11,0,1
22654289,2023-12-14,Kensington-Cedar Cottage,49.25852,-123.0697,Private room,2,1 private bath,1,$57.00,30,TRUE,FALSE,26,5,29,2
22659767,2023-12-13,Fairview,49.26182,-123.12821,Entire home/apt,2,1 bath,1,$100.00,30,FALSE,FALSE,18,4.61,261,30
22659967,2023-12-13,Fairview,49.26146,-123.12623,Entire home/apt,2,1 bath,1,$105.00,30,FALSE,FALSE,15,4.33,181,30
22660264,2023-12-14,Kensington-Cedar Cottage,49.2603,-123.07149,Entire home/apt,2,1 bath,1,$67.00,30,TRUE,FALSE,31,4.9,30,2
22692270,2023-12-14,Downtown,49.27268,-123.12848,Entire home/apt,4,1 bath,2,$176.00,30,FALSE,FALSE,36,4.36,153,1
22696589,2023-12-13,Downtown Eastside,49.277589999999996,-123.08576,Private room,2,1 private bath,1,$110.00,3,TRUE,FALSE,125,4.98,127,2
22698900,2023-12-13,West Point Grey,49.26226,-123.20874,Entire home/apt,2,1 bath,1,$128.00,5,TRUE,TRUE,141,4.85,275,1
22700703,2023-12-14,Riley Park,49.24757,-123.10317,Entire home/apt,2,1 bath,2,NA,365,FALSE,FALSE,0,NA,0,1
22702051,2023-12-14,West End,49.28427,-123.12747,Entire home/apt,4,1 bath,3,$129.00,30,FALSE,FALSE,0,NA,89,6
22702574,2023-12-14,Mount Pleasant,49.26175,-123.08837,Entire home/apt,5,2 baths,3,NA,2,FALSE,FALSE,13,5,0,1
22713698,2023-12-14,Hastings-Sunrise,49.2839,-123.04736,Entire home/apt,5,1.5 baths,3,NA,3,FALSE,FALSE,5,5,0,1
22718778,2023-12-14,Kensington-Cedar Cottage,49.2531,-123.08731,Entire home/apt,4,1 bath,2,$99.00,4,FALSE,TRUE,76,4.89,0,1
22729409,2023-12-14,Fairview,49.26172,-123.13058,Private room,2,1 private bath,1,$98.00,2,FALSE,FALSE,197,4.84,0,1
22735501,2023-12-14,Mount Pleasant,49.27265,-123.10265,Private room,2,1 private bath,1,NA,2,FALSE,FALSE,112,4.93,0,1
22754630,2023-12-13,Mount Pleasant,49.261452,-123.098,Entire home/apt,2,1 bath,1,$145.00,1,FALSE,FALSE,158,4.42,339,1
22817433,2023-12-14,Downtown,49.27189,-123.12569,Entire home/apt,4,2 baths,4,NA,3,FALSE,TRUE,44,4.55,0,1
22850980,2023-12-13,Kensington-Cedar Cottage,49.24684,-123.08154,Entire home/apt,2,1 bath,1,$80.00,2,TRUE,FALSE,196,4.92,25,1
22851367,2023-12-14,Downtown Eastside,49.27714,-123.09881,Entire home/apt,2,1 bath,1,NA,10,FALSE,FALSE,12,5,0,1
22903375,2023-12-13,Fairview,49.26017,-123.12838,Entire home/apt,4,2 baths,2,$120.00,30,FALSE,FALSE,9,4.56,236,30
22904512,2023-12-14,Victoria-Fraserview,49.22451,-123.0597,Entire home/apt,3,1 bath,2,NA,1,FALSE,FALSE,117,4.72,0,1
22905570,2023-12-13,Fairview,49.26204,-123.12803,Entire home/apt,2,1 bath,1,$100.00,30,FALSE,FALSE,11,4.64,290,30
22925127,2023-12-13,Kitsilano,49.27401,-123.14656,Entire home/apt,4,1 bath,2,$175.00,3,FALSE,FALSE,281,4.94,138,1
22943194,2023-12-14,Downtown,49.28021,-123.12512,Entire home/apt,4,1 bath,3,$132.00,1,FALSE,FALSE,403,4.71,0,1
22973593,2023-12-14,Hastings-Sunrise,49.27646,-123.04581,Entire home/apt,5,1 bath,4,NA,7,FALSE,TRUE,2,5,0,1
23002913,2023-12-14,Marpole,49.20875,-123.11862,Entire home/apt,6,1.5 baths,3,$175.00,2,FALSE,FALSE,154,4.48,0,2
23003777,2023-12-13,West Point Grey,49.25962,-123.18928,Entire home/apt,3,1 bath,2,$125.00,30,TRUE,FALSE,36,4.83,325,1
23020307,2023-12-14,South Cambie,49.25403,-123.11908,Entire home/apt,2,1 bath,1,NA,2,FALSE,FALSE,41,4.9,0,1
23056643,2023-12-14,Renfrew-Collingwood,49.25229,-123.0525,Private room,1,1 shared bath,1,NA,1,FALSE,TRUE,33,4.73,0,3
23062160,2023-12-14,Arbutus Ridge,49.24287,-123.1536,Entire home/apt,8,2 baths,8,NA,3,FALSE,TRUE,3,4.67,0,1
23065393,2023-12-13,Mount Pleasant,49.266361236572266,-123.11125946044922,Private room,2,2 baths,1,$154.00,2,TRUE,FALSE,64,4.8,351,3
23078420,2023-12-14,Renfrew-Collingwood,49.25162,-123.05272,Private room,1,1 shared bath,1,NA,1,FALSE,TRUE,15,4.8,0,3
23111130,2023-12-14,Downtown,49.27906,-123.12552,Entire home/apt,6,1 bath,3,$399.00,2,TRUE,FALSE,107,4.87,179,6
23121835,2023-12-13,Shaughnessy,49.24853,-123.13645,Entire home/apt,5,1 bath,3,$215.00,1,TRUE,TRUE,75,4.83,325,2
23125839,2023-12-14,Kitsilano,49.26965,-123.18132,Entire home/apt,6,2 baths,4,$485.00,7,FALSE,FALSE,3,4.67,0,1
23125977,2023-12-14,Downtown,49.27962,-123.12405,Entire home/apt,4,1 bath,2,$200.00,3,TRUE,TRUE,222,4.94,0,1
23126012,2023-12-14,Victoria-Fraserview,49.2316,-123.0628,Entire home/apt,8,2.5 baths,4,$185.00,2,FALSE,FALSE,159,4.74,74,1
23144970,2023-12-14,West End,49.28572,-123.13395,Private room,1,1 private bath,1,$65.00,30,FALSE,FALSE,76,4.72,159,10
23161454,2023-12-13,Kitsilano,49.27446,-123.15086,Entire home/apt,6,2 baths,3,$949.00,4,TRUE,FALSE,87,4.97,120,1
23172118,2023-12-13,Fairview,49.26001,-123.12607,Entire home/apt,2,1 bath,1,$100.00,30,FALSE,FALSE,20,4.65,262,30
23188025,2023-12-14,Downtown,49.28146,-123.11406,Private room,2,3 shared baths,1,$139.00,1,FALSE,FALSE,8,4.25,0,6
23205966,2023-12-14,Downtown,49.27433,-123.1261,Entire home/apt,4,1 bath,2,$240.00,30,TRUE,FALSE,6,5,341,41
23218832,2023-12-14,Marpole,49.21007,-123.12755,Private room,3,1 private bath,1,NA,1,FALSE,FALSE,141,4.87,0,1
23231348,2023-12-14,West End,49.2827,-123.13875,Entire home/apt,2,1 bath,1,NA,2,FALSE,FALSE,15,4.87,0,1
23237255,2023-12-13,Shaughnessy,49.24699,-123.1379,Private room,3,1 private bath,2,$114.00,1,TRUE,FALSE,61,4.87,333,3
23241231,2023-12-14,West End,49.28573,-123.12514,Entire home/apt,4,1 bath,2,$190.00,30,TRUE,TRUE,64,4.94,135,2
23274503,2023-12-14,Downtown,49.27732,-123.12063,Entire home/apt,4,2 baths,2,$199.00,90,TRUE,FALSE,9,5,213,1
23305871,2023-12-14,Riley Park,49.24639,-123.10578,Entire home/apt,4,1 bath,2,$90.00,30,FALSE,FALSE,7,5,221,1
23310375,2023-12-14,Grandview-Woodland,49.26288,-123.06293,Entire home/apt,5,1 bath,2,NA,5,FALSE,FALSE,25,4.64,0,1
23340054,2023-12-13,Downtown,49.27657,-123.12347,Entire home/apt,2,1 bath,1,$125.00,30,TRUE,TRUE,23,4.91,297,2
23370526,2023-12-14,Kitsilano,49.260679888094806,-123.1664723587952,Entire home/apt,4,1 bath,2,$185.00,3,TRUE,FALSE,28,4.96,234,1
23393580,2023-12-14,Mount Pleasant,49.26878,-123.10078,Entire home/apt,2,2 baths,1,NA,2,FALSE,FALSE,57,4.98,0,1
23413748,2023-12-14,Grandview-Woodland,49.27919,-123.06538,Private room,1,1 shared bath,1,NA,30,FALSE,FALSE,0,NA,0,1
23432805,2023-12-13,Mount Pleasant,49.26895,-123.1083,Entire home/apt,4,2 baths,2,$500.00,30,FALSE,FALSE,26,4.81,153,1
23436663,2023-12-14,Dunbar Southlands,49.24178,-123.17688,Entire home/apt,4,1 bath,2,NA,1,FALSE,FALSE,51,4.65,0,1
23467327,2023-12-14,Shaughnessy,49.25755,-123.13586,Entire home/apt,2,1 bath,2,$97.00,30,FALSE,FALSE,6,5,13,1
23481782,2023-12-13,Riley Park,49.24032,-123.10135,Private room,1,1 shared bath,1,$70.00,30,TRUE,FALSE,23,5,73,6
23482505,2023-12-13,Fairview,49.25985,-123.12793,Entire home/apt,2,1 bath,1,$100.00,30,FALSE,FALSE,16,4.63,275,30
23482800,2023-12-13,Fairview,49.26146,-123.12646,Entire home/apt,4,2 baths,2,$125.00,30,FALSE,FALSE,14,4.57,80,30
23485127,2023-12-13,Kitsilano,49.26746,-123.18358,Entire home/apt,4,1 bath,2,$250.00,2,TRUE,FALSE,91,4.92,71,1
23487994,2023-12-14,Shaughnessy,49.23871,-123.1462,Entire home/apt,3,1 bath,2,$92.00,1,TRUE,FALSE,362,4.97,0,3
23502564,2023-12-13,Downtown Eastside,49.27985,-123.08039,Entire home/apt,4,1.5 baths,2,$185.00,4,TRUE,FALSE,124,4.86,280,1
23507938,2023-12-13,Riley Park,49.24922,-123.10643,Entire home/apt,3,1 bath,2,$160.00,5,TRUE,FALSE,52,5,99,1
23519364,2023-12-14,Downtown,49.28082,-123.10843,Entire home/apt,4,1.5 baths,2,NA,2,FALSE,FALSE,48,4.92,0,1
23527106,2023-12-14,Strathcona,49.27341,-123.09975,Entire home/apt,4,2 baths,2,NA,3,FALSE,FALSE,21,4.81,0,1
23528634,2023-12-14,West End,49.28642,-123.1341,Private room,1,1 private bath,1,$70.00,30,FALSE,FALSE,61,4.72,179,10
23546911,2023-12-14,West End,49.28402,-123.12917,Entire home/apt,4,1.5 baths,2,$250.00,100,TRUE,FALSE,112,4.99,365,7
23547808,2023-12-14,Grandview-Woodland,49.27071,-123.06682,Entire home/apt,6,2 baths,4,$400.00,2,FALSE,FALSE,16,4.75,162,1
23559355,2023-12-14,Downtown,49.27384567260742,-123.12692260742188,Entire home/apt,4,1 bath,2,$250.00,30,TRUE,FALSE,9,4.89,274,41
23563987,2023-12-14,West End,49.28464672849994,-123.14188066372996,Entire home/apt,4,1 bath,2,NA,7,FALSE,FALSE,39,4.85,0,1
23576621,2023-12-14,Mount Pleasant,49.26986,-123.10616,Entire home/apt,2,1 bath,1,$150.00,30,TRUE,FALSE,12,5,11,1
23578800,2023-12-14,Downtown,49.27384567260742,-123.12692260742188,Entire home/apt,4,1 bath,2,$250.00,30,TRUE,FALSE,6,5,342,41
23583730,2023-12-14,Riley Park,49.2336,-123.10971,Private room,1,1 shared bath,1,NA,2,FALSE,FALSE,8,4.63,0,1
23593694,2023-12-13,Grandview-Woodland,49.28936,-123.0583,Entire home/apt,2,1 bath,1,$140.00,30,FALSE,FALSE,0,NA,180,1
23615592,2023-12-14,Downtown,49.27502,-123.12715,Entire home/apt,4,1 bath,2,$270.00,30,TRUE,FALSE,4,5,342,41
23615744,2023-12-14,Downtown,49.27384567260742,-123.12692260742188,Entire home/apt,4,1 bath,2,$270.00,30,TRUE,FALSE,3,5,256,41
23615892,2023-12-14,Downtown,49.27384567260742,-123.12692260742188,Entire home/apt,4,1 bath,2,$270.00,30,TRUE,FALSE,2,5,256,41
23616175,2023-12-14,Downtown,49.27384567260742,-123.12692260742188,Entire home/apt,6,2 baths,3,$395.00,31,TRUE,FALSE,1,5,332,41
23631177,2023-12-14,Downtown,49.27539,-123.13316,Entire home/apt,2,2 baths,1,$135.00,5,FALSE,FALSE,114,4.77,89,42
23667593,2023-12-14,Hastings-Sunrise,49.27574,-123.03745,Entire home/apt,8,4 baths,5,$599.00,3,TRUE,FALSE,66,4.94,317,1
23672204,2023-12-14,Killarney,49.22509,-123.03591,Entire home/apt,4,1 bath,2,NA,1,FALSE,FALSE,112,4.71,0,1
23769826,2023-12-14,Mount Pleasant,49.27024,-123.10181,Entire home/apt,4,1 bath,2,$129.00,30,TRUE,TRUE,52,4.81,0,1
23771188,2023-12-14,Downtown,49.28389,-123.11562,Entire home/apt,2,1 bath,1,$160.00,30,FALSE,FALSE,0,NA,365,2
23773053,2023-12-14,Downtown Eastside,49.2833,-123.10495,Entire home/apt,2,1 bath,1,$150.00,60,FALSE,FALSE,27,4.89,71,1
23800634,2023-12-14,Kerrisdale,49.2324,-123.15844,Entire home/apt,3,1 bath,2,$225.00,3,FALSE,FALSE,66,4.71,329,1
23816739,2023-12-14,Riley Park,49.23498,-123.09053,Private room,2,1 shared bath,1,NA,1,FALSE,FALSE,2,5,0,2
23822741,2023-12-14,West End,49.28518,-123.13326,Private room,1,1 private bath,1,$68.00,30,FALSE,FALSE,54,4.69,147,10
23862530,2023-12-14,Kensington-Cedar Cottage,49.24988,-123.0721,Entire home/apt,5,2.5 baths,4,$300.00,5,FALSE,TRUE,7,5,16,1
23885617,2023-12-13,Mount Pleasant,49.26873,-123.10876,Entire home/apt,4,1 bath,2,$55.00,31,NA,FALSE,133,4.9,91,1
23902297,2023-12-13,South Cambie,49.2546,-123.12656,Private room,1,1 bath,1,$30.00,30,FALSE,FALSE,1,4,315,2
23916822,2023-12-14,Kitsilano,49.26652,-123.18185,Entire home/apt,6,2.5 baths,3,$170.00,7,TRUE,FALSE,55,4.84,224,1
23949937,2023-12-14,Shaughnessy,49.23802,-123.12828,Private room,4,1 private bath,2,NA,1,FALSE,FALSE,75,4.33,0,1
23976574,2023-12-13,Mount Pleasant,49.26844,-123.109,Entire home/apt,4,1 bath,2,$125.00,30,TRUE,FALSE,42,4.88,153,2
23976814,2023-12-13,Mount Pleasant,49.27079,-123.10741,Entire home/apt,2,1 bath,1,$105.00,30,TRUE,FALSE,80,4.55,62,2
23981929,2023-12-14,Kitsilano,49.26513,-123.16712,Entire home/apt,5,2 baths,3,NA,2,TRUE,TRUE,250,4.91,0,2
23991651,2023-12-14,Kitsilano,49.26417,-123.16089,Entire home/apt,5,1 bath,4,$366.00,8,FALSE,FALSE,12,5,84,1
24024651,2023-12-14,Oakridge,49.22203,-123.11669,Entire home/apt,4,1 bath,2,NA,2,FALSE,TRUE,35,4.63,0,2
24066686,2023-12-13,Fairview,49.26163,-123.12808,Entire home/apt,4,1.5 baths,2,$115.00,30,FALSE,FALSE,11,4.64,338,30
24066913,2023-12-13,Fairview,49.26158,-123.12615,Entire home/apt,2,1 bath,1,$100.00,30,FALSE,FALSE,6,4.33,243,30
24088415,2023-12-14,Oakridge,49.22481,-123.11777,Entire home/apt,4,1.5 baths,2,NA,2,FALSE,TRUE,47,4.66,0,2
24119846,2023-12-13,Kitsilano,49.2733,-123.15572,Private room,2,2 baths,1,$97.00,30,FALSE,FALSE,15,4.73,313,1
24133046,2023-12-14,Downtown Eastside,49.28244,-123.08245,Entire home/apt,4,1 bath,2,NA,2,TRUE,FALSE,77,4.78,0,1
24134940,2023-12-13,Riley Park,49.24891,-123.09959,Entire home/apt,5,1.5 baths,4,$460.00,4,FALSE,FALSE,42,4.63,166,1
24140085,2023-12-14,Grandview-Woodland,49.28032,-123.05944,Entire home/apt,5,1.5 baths,4,$400.00,5,FALSE,TRUE,7,5,0,1
24160835,2023-12-14,Downtown,49.2778,-123.12404,Entire home/apt,2,1 bath,1,$99.00,30,TRUE,FALSE,30,5,61,1
24167131,2023-12-14,West End,49.2867,-123.12599,Entire home/apt,4,2 baths,2,$142.00,31,NA,FALSE,12,4.83,259,3
24183385,2023-12-14,Riley Park,49.2343,-123.10811,Entire home/apt,10,4.5 baths,5,$995.00,30,FALSE,FALSE,64,4.97,130,2
24183433,2023-12-14,Downtown,49.28861,-123.12006,Entire home/apt,4,2 baths,2,$320.00,6,TRUE,FALSE,21,4.95,32,1
24185448,2023-12-13,Kitsilano,49.26837,-123.15531,Entire home/apt,2,1 bath,1,$100.00,30,FALSE,FALSE,24,4.96,121,1
24250201,2023-12-14,Downtown,49.28327,-123.11642,Entire home/apt,2,1 bath,1,$96.00,30,FALSE,FALSE,8,4.75,180,42
24253909,2023-12-13,Dunbar Southlands,49.25533,-123.18469,Private room,2,1.5 baths,1,$120.00,2,FALSE,FALSE,91,4.76,180,1
24265852,2023-12-13,Dunbar Southlands,49.24308,-123.17209,Private room,4,1 private bath,2,$141.00,1,FALSE,TRUE,9,4.89,185,3
24290071,2023-12-14,Mount Pleasant,49.26175,-123.09172,Entire home/apt,8,2.5 baths,4,NA,1,FALSE,FALSE,139,4.91,0,1
24310129,2023-12-14,Riley Park,49.24531,-123.09538,Private room,2,1 private bath,1,$115.00,3,TRUE,FALSE,184,4.94,82,1
24313445,2023-12-13,Downtown Eastside,49.276779,-123.091438,Private room,2,1 shared bath,1,$59.00,1,TRUE,FALSE,380,4.81,39,2
24328404,2023-12-14,Downtown,49.27955,-123.12056,Entire home/apt,2,1 bath,1,NA,31,FALSE,FALSE,0,NA,0,1
24337332,2023-12-14,Kitsilano,49.26242,-123.17828,Entire home/apt,2,1 bath,1,$90.00,5,FALSE,FALSE,25,4.96,80,2
24358269,2023-12-14,Killarney,49.23098,-123.03564,Entire home/apt,4,1 bath,2,$115.00,1,TRUE,TRUE,122,4.73,322,2
24372539,2023-12-14,Downtown,49.28614,-123.12327,Entire home/apt,2,1 bath,1,$134.00,1,TRUE,FALSE,317,4.86,0,1
24377235,2023-12-13,Downtown,49.27502,-123.12303,Private room,1,1 private bath,1,$92.00,21,FALSE,FALSE,16,4.75,336,2
24379068,2023-12-14,Riley Park,49.24895,-123.09842,Entire home/apt,6,1 bath,2,$404.00,2,TRUE,FALSE,63,4.89,220,1
24379576,2023-12-14,Downtown,49.27914,-123.12078,Entire home/apt,3,1 bath,1,$243.00,4,TRUE,FALSE,100,4.86,106,1
24391564,2023-12-14,Mount Pleasant,49.27193,-123.10172,Entire home/apt,4,2 baths,2,NA,180,FALSE,FALSE,0,NA,0,1
24396414,2023-12-14,Downtown,49.27873,-123.10729,Entire home/apt,4,1 bath,3,$125.00,2,TRUE,FALSE,39,4.92,137,1
24413898,2023-12-14,Renfrew-Collingwood,49.24881,-123.04398,Entire home/apt,6,1 bath,3,NA,2,FALSE,FALSE,86,4.44,0,1
24448342,2023-12-14,Kerrisdale,49.23357,-123.17007,Entire home/apt,2,1 bath,1,$109.00,2,TRUE,TRUE,48,4.71,64,1
24450782,2023-12-13,Kitsilano,49.27097,-123.18327,Entire home/apt,2,1 bath,1,$105.00,3,FALSE,FALSE,221,4.82,73,2
24454936,2023-12-13,Marpole,49.2125,-123.11411,Private room,6,2.5 baths,3,$450.00,3,FALSE,FALSE,6,4.67,66,6
24455362,2023-12-13,Marpole,49.21422,-123.11421,Private room,2,1 shared bath,1,$96.00,3,FALSE,FALSE,17,4.82,73,6
24469246,2023-12-14,West Point Grey,49.26299,-123.20275,Entire home/apt,6,1.5 baths,4,NA,2,FALSE,FALSE,8,4.75,0,1
24474689,2023-12-14,Downtown Eastside,49.28182,-123.10361,Entire home/apt,6,1.5 baths,3,$237.00,2,TRUE,FALSE,196,4.89,337,2
24501265,2023-12-14,West End,49.28629,-123.125,Entire home/apt,2,1 bath,2,$191.00,3,TRUE,FALSE,396,4.91,21,1
24503070,2023-12-14,Grandview-Woodland,49.27972,-123.06113,Entire home/apt,9,3.5 baths,5,$400.00,4,FALSE,FALSE,13,4.85,2,1
24517031,2023-12-14,Kensington-Cedar Cottage,49.25614,-123.07643,Private room,1,1 shared bath,1,NA,1,FALSE,TRUE,2,5,0,3
24528249,2023-12-13,Marpole,49.21279,-123.11202,Entire home/apt,3,1 bath,4,$111.00,1,TRUE,FALSE,171,4.68,107,2
24559993,2023-12-14,Downtown,49.27757,-123.13088,Entire home/apt,2,1 bath,1,$85.00,30,TRUE,FALSE,43,4.81,97,1
24561319,2023-12-14,Victoria-Fraserview,49.21777,-123.06271,Entire home/apt,3,1 bath,2,$109.00,1,TRUE,FALSE,48,4.88,179,1
24574485,2023-12-14,Downtown,49.28994,-123.12727,Entire home/apt,4,2 baths,2,NA,30,TRUE,FALSE,6,5,0,2
24634635,2023-12-14,Kensington-Cedar Cottage,49.25214,-123.08713,Entire home/apt,4,1 bath,2,NA,3,FALSE,FALSE,2,5,0,1
24646416,2023-12-14,Riley Park,49.24618,-123.10192,Entire home/apt,4,1 bath,2,$193.00,2,TRUE,FALSE,269,4.94,0,2
24650295,2023-12-14,Downtown,49.29074,-123.12746,Entire home/apt,2,1 bath,1,NA,30,FALSE,FALSE,2,5,0,33
24653941,2023-12-14,Downtown Eastside,49.28342339988735,-123.10713609718051,Entire home/apt,3,1 bath,2,$191.00,3,FALSE,FALSE,10,5,86,1
24658451,2023-12-14,Fairview,49.26181,-123.13425,Entire home/apt,3,1 bath,1,NA,3,FALSE,FALSE,3,5,0,1
24671100,2023-12-14,Downtown Eastside,49.27893,-123.0827,Entire home/apt,4,1 bath,2,NA,2,FALSE,TRUE,58,4.82,0,1
24699111,2023-12-14,Sunset,49.23011,-123.0903,Entire home/apt,8,2 baths,4,$500.00,3,FALSE,FALSE,75,4.87,165,1
24703143,2023-12-14,Downtown,49.2791,-123.11925,Entire home/apt,6,1 bath,2,$169.00,2,FALSE,FALSE,282,4.68,66,1
24718014,2023-12-14,Arbutus Ridge,49.25461,-123.16567,Entire home/apt,2,1 bath,1,NA,30,TRUE,FALSE,4,5,0,4
24738177,2023-12-14,Kensington-Cedar Cottage,49.2575,-123.0569,Entire home/apt,3,1 bath,1,NA,4,FALSE,FALSE,3,5,0,1
24755125,2023-12-14,Arbutus Ridge,49.2424,-123.16399,Entire home/apt,6,1.5 baths,3,$220.00,2,FALSE,FALSE,38,4.61,89,1
24756081,2023-12-14,Kitsilano,49.26851,-123.15162,Entire home/apt,2,1 bath,1,$190.00,2,TRUE,FALSE,178,4.96,0,1
24759144,2023-12-13,Shaughnessy,49.24818,-123.13609,Private room,3,1 private bath,2,$124.00,1,TRUE,TRUE,77,4.95,341,3
24797319,2023-12-14,Riley Park,49.24476,-123.09356,Entire home/apt,3,1 bath,2,NA,3,FALSE,FALSE,8,4.63,0,1
24801728,2023-12-14,Grandview-Woodland,49.26871,-123.05945,Entire home/apt,4,1.5 baths,2,NA,3,FALSE,FALSE,3,4.67,0,1
24809164,2023-12-14,Hastings-Sunrise,49.27343,-123.03806,Entire home/apt,3,1 bath,2,$150.00,2,FALSE,FALSE,111,4.72,32,1
24832706,2023-12-14,Shaughnessy,49.25356,-123.14052,Entire home/apt,6,2 baths,4,NA,3,FALSE,TRUE,75,4.81,0,2
24835418,2023-12-13,Grandview-Woodland,49.27264,-123.06388,Entire home/apt,2,1 bath,2,$218.00,3,TRUE,FALSE,198,4.95,167,1
24853244,2023-12-14,Grandview-Woodland,49.27277,-123.06192,Private room,2,1 private bath,1,NA,4,FALSE,FALSE,6,4.17,0,1
24874294,2023-12-14,Dunbar Southlands,49.25236,-123.18453,Private room,2,1 private bath,1,NA,2,FALSE,FALSE,17,4.65,0,1
24886919,2023-12-14,Downtown,49.28041,-123.1249,Entire home/apt,2,1 bath,1,NA,2,FALSE,FALSE,8,4.63,0,1
24895883,2023-12-14,Kensington-Cedar Cottage,49.25204,-123.06112,Entire home/apt,6,2.5 baths,5,NA,4,FALSE,FALSE,4,5,0,1
24896061,2023-12-14,Downtown,49.2804,-123.12469,Entire home/apt,2,1 bath,1,$260.00,3,TRUE,FALSE,69,4.88,0,1
24918275,2023-12-13,Fairview,49.26196,-123.12665,Entire home/apt,4,1.5 baths,2,$135.00,30,FALSE,FALSE,9,4.44,233,30
24920942,2023-12-14,West End,49.28927,-123.13857,Entire home/apt,3,1 bath,1,NA,2,FALSE,FALSE,3,5,0,1
24946435,2023-12-14,Downtown,49.27887,-123.10727,Entire home/apt,5,2 baths,3,$288.00,3,TRUE,FALSE,124,4.89,362,1
24946452,2023-12-14,Kensington-Cedar Cottage,49.25446125968743,-123.08064978659344,Entire home/apt,4,1 bath,1,$150.00,30,FALSE,FALSE,0,NA,142,1
24948099,2023-12-14,Hastings-Sunrise,49.28201,-123.05644,Private room,2,1 shared bath,1,NA,4,FALSE,FALSE,1,5,0,3
24961531,2023-12-14,Downtown,49.28078,-123.12474,Entire home/apt,2,1 bath,1,$125.00,30,TRUE,TRUE,19,5,225,2
24968566,2023-12-14,Hastings-Sunrise,49.29005,-123.0551,Private room,2,1 private bath,1,$89.00,3,TRUE,FALSE,94,4.86,168,1
24972517,2023-12-14,Arbutus Ridge,49.25628,-123.17667,Entire home/apt,12,3.5 baths,8,$799.00,2,TRUE,TRUE,174,4.97,0,1
24983102,2023-12-13,Kitsilano,49.26297,-123.14766,Entire home/apt,2,1 bath,1,$187.00,30,FALSE,FALSE,1,5,180,1
24993810,2023-12-14,Downtown,49.28106,-123.12318,Entire home/apt,3,1 bath,2,$140.00,30,TRUE,FALSE,7,5,297,12
25015037,2023-12-13,Arbutus Ridge,49.25486,-123.15365,Private room,2,3 shared baths,1,$57.00,1,FALSE,TRUE,0,NA,77,2
25074332,2023-12-13,Fairview,49.26196,-123.12688,Entire home/apt,2,1 bath,1,$100.00,30,FALSE,FALSE,11,4.36,272,30
25076407,2023-12-13,Hastings-Sunrise,49.27696,-123.02632,Private room,2,2 baths,1,$120.00,30,TRUE,FALSE,20,5,89,4
25080824,2023-12-14,Kensington-Cedar Cottage,49.25586,-123.07623,Entire home/apt,5,2 baths,3,NA,3,FALSE,TRUE,1,5,0,3
25087027,2023-12-13,Kensington-Cedar Cottage,49.23362,-123.07861,Private room,2,1 private bath,1,$65.00,1,FALSE,TRUE,344,4.66,34,1
25102944,2023-12-13,Kensington-Cedar Cottage,49.25898,-123.06895,Entire home/apt,2,1 bath,1,$121.00,2,TRUE,FALSE,405,4.95,329,1
25109301,2023-12-14,West End,49.28627,-123.12757,Entire home/apt,7,2 baths,4,NA,1,FALSE,FALSE,23,4.91,0,2
25129693,2023-12-14,Riley Park,49.25278,-123.11125,Entire home/apt,4,1 bath,4,$500.00,3,TRUE,FALSE,9,5,32,1
25142791,2023-12-13,Grandview-Woodland,49.27416,-123.06224,Entire home/apt,4,1 bath,2,$95.00,2,FALSE,FALSE,156,4.88,9,1
25157667,2023-12-14,Riley Park,49.24383,-123.09361,Entire home/apt,2,1 bath,1,$100.00,30,FALSE,FALSE,3,5,255,1
25166793,2023-12-14,Kitsilano,49.26811,-123.16668,Entire home/apt,4,1 bath,2,$181.00,3,TRUE,FALSE,218,4.92,261,1
25168981,2023-12-13,Marpole,49.20659,-123.11822,Private room,2,1 private bath,1,$90.00,2,FALSE,FALSE,182,4.57,355,2
25181840,2023-12-13,Fairview,49.25998,-123.12644,Entire home/apt,3,1 bath,2,$100.00,30,FALSE,FALSE,15,4.67,244,30
25193115,2023-12-14,Dunbar Southlands,49.23426,-123.20294,Private room,2,1 shared bath,1,NA,2,FALSE,FALSE,50,4.56,0,2
25193768,2023-12-13,Hastings-Sunrise,49.29192,-123.04486,Entire home/apt,4,1 bath,3,$98.00,30,TRUE,FALSE,42,4.71,263,1
25216365,2023-12-14,Downtown,49.27795,-123.11706,Entire home/apt,3,1 bath,1,$145.00,29,FALSE,FALSE,32,4.78,166,2
25234314,2023-12-14,Downtown,49.27891,-123.123,Entire home/apt,2,1 bath,2,$122.00,1,TRUE,FALSE,297,4.79,65,1
25256952,2023-12-13,Dunbar Southlands,49.24477,-123.17147,Private room,2,1 private bath,1,$119.00,1,FALSE,TRUE,0,NA,99,3
25264363,2023-12-14,Dunbar Southlands,49.23403,-123.1913,Entire home/apt,8,2 baths,4,NA,2,FALSE,FALSE,8,4.88,0,1
25270770,2023-12-13,Oakridge,49.22632,-123.11572,Private room,2,1 shared bath,1,$72.00,3,TRUE,FALSE,303,4.82,48,3
25314294,2023-12-13,Fairview,49.25997,-123.1276,Entire home/apt,2,1 bath,1,$100.00,30,FALSE,FALSE,17,4.59,293,30
25320714,2023-12-14,Riley Park,49.24234,-123.09658,Entire home/apt,4,2.5 baths,3,$300.00,4,FALSE,FALSE,3,5,184,1
25346154,2023-12-14,Downtown,49.2766,-123.12696,Entire home/apt,3,2 baths,2,$210.00,30,FALSE,FALSE,4,5,341,1
25352164,2023-12-14,West End,49.27672,-123.1347,Entire home/apt,4,1 bath,2,NA,1,FALSE,TRUE,73,4.7,0,1
25352392,2023-12-13,Shaughnessy,49.25711,-123.15114,Entire home/apt,7,3 baths,4,$486.00,14,FALSE,FALSE,56,4.95,57,1
25369132,2023-12-14,Downtown,49.28834,-123.12292,Entire home/apt,2,1 bath,2,$194.00,2,TRUE,FALSE,206,4.9,48,1
25412425,2023-12-14,West End,49.28607,-123.13694,Private room,2,1 shared bath,1,$350.00,3,FALSE,FALSE,84,4.46,130,1
25432407,2023-12-14,Kensington-Cedar Cottage,49.23578,-123.06114,Private room,1,1 shared bath,1,$65.00,3,FALSE,FALSE,0,NA,0,1
25479410,2023-12-14,Downtown,49.27892,-123.11946,Entire home/apt,3,1 bath,1,NA,2,FALSE,FALSE,9,4.67,0,1
25492892,2023-12-14,Arbutus Ridge,49.25431,-123.15568,Entire home/apt,3,1.5 baths,2,$200.00,30,FALSE,FALSE,7,5,171,1
25514583,2023-12-14,Downtown,49.28041,-123.12469,Entire home/apt,2,1 bath,1,$139.00,1,TRUE,TRUE,310,4.83,89,1
25521321,2023-12-14,Riley Park,49.25556,-123.09971,Entire home/apt,3,1 bath,1,NA,2,FALSE,FALSE,1,5,0,1
25549877,2023-12-13,Oakridge,49.22632,-123.11572,Private room,2,1 shared bath,1,$71.00,3,TRUE,FALSE,305,4.81,35,3
25618187,2023-12-13,Oakridge,49.22598,-123.11432,Private room,2,1 shared bath,NA,$65.00,30,FALSE,TRUE,23,4.83,82,20
25670128,2023-12-13,Hastings-Sunrise,49.27834,-123.0267,Private room,2,1 shared bath,1,$120.00,30,TRUE,FALSE,16,5,89,4
25670214,2023-12-13,Hastings-Sunrise,49.27867,-123.02488,Private room,2,1 private bath,1,$119.00,30,TRUE,FALSE,32,4.97,89,4
25731269,2023-12-13,Kensington-Cedar Cottage,49.2506,-123.07084,Entire home/apt,3,1 bath,1,$88.00,2,TRUE,FALSE,283,4.86,145,1
25747863,2023-12-14,Downtown,49.27562,-123.13298,Entire home/apt,4,1 bath,1,$271.00,30,FALSE,TRUE,4,5,331,1
25749994,2023-12-14,Fairview,49.2655,-123.14134,Entire home/apt,6,2 baths,3,NA,4,FALSE,FALSE,3,5,0,1
25750741,2023-12-14,Grandview-Woodland,49.27114,-123.07216,Entire home/apt,6,2 baths,3,NA,5,FALSE,FALSE,14,5,0,1
25751097,2023-12-14,Marpole,49.21307,-123.13501,Private room,2,1 private bath,1,$65.00,2,TRUE,TRUE,50,4.88,31,3
25752951,2023-12-13,Oakridge,49.22632,-123.11572,Private room,1,1 shared bath,1,$49.00,6,TRUE,FALSE,212,4.85,33,3
25808265,2023-12-14,Kensington-Cedar Cottage,49.23683,-123.08845,Entire home/apt,5,1 bath,2,NA,2,FALSE,FALSE,1,5,0,1
25811044,2023-12-14,Shaughnessy,49.25584,-123.14139,Entire home/apt,2,1 bath,2,NA,3,FALSE,FALSE,99,4.68,0,2
25831764,2023-12-13,Hastings-Sunrise,49.2637,-123.03999,Private room,2,1 private bath,1,$55.00,30,FALSE,FALSE,88,4.61,40,8
25841119,2023-12-14,Riley Park,49.2492,-123.09115,Entire home/apt,4,1 bath,2,NA,2,FALSE,FALSE,0,NA,0,1
25863673,2023-12-14,Downtown,49.28594,-123.12242,Entire home/apt,2,1 bath,1,NA,2,FALSE,FALSE,19,5,0,1
25875124,2023-12-14,Downtown,49.27588,-123.12391,Entire home/apt,5,2 baths,2,NA,2,FALSE,FALSE,10,4.8,0,1
25895164,2023-12-14,Downtown Eastside,49.28056,-123.09968,Entire home/apt,2,1 bath,1,$218.00,3,TRUE,FALSE,70,4.94,45,1
25915148,2023-12-14,Arbutus Ridge,49.25578,-123.16912,Entire home/apt,4,1 bath,2,NA,4,FALSE,FALSE,28,4.5,0,1
25943082,2023-12-13,Renfrew-Collingwood,49.23473,-123.03126,Private room,2,1 private bath,1,$56.00,4,TRUE,FALSE,183,4.87,283,2
25943228,2023-12-14,Kitsilano,49.26705175309153,-123.1769489401238,Entire home/apt,2,1 bath,1,$321.00,3,TRUE,FALSE,24,5,99,1
25944851,2023-12-14,West End,49.28997,-123.13720000000001,Entire home/apt,2,1 bath,1,NA,3,FALSE,TRUE,2,5,0,1
25947820,2023-12-13,Kitsilano,49.25798,-123.15148,Entire home/apt,2,1 bath,1,$115.00,3,TRUE,FALSE,188,4.93,17,1
26007923,2023-12-13,Fairview,49.25999,-123.12701,Entire home/apt,2,1 bath,1,$100.00,30,FALSE,FALSE,11,4.45,277,30
26034304,2023-12-13,Fairview,49.26186,-123.12752,Entire home/apt,4,1.5 baths,2,$115.00,30,FALSE,FALSE,10,4.6,278,30
26043557,2023-12-14,Downtown,49.28211,-123.12338,Entire home/apt,2,1 bath,1,$150.00,30,TRUE,TRUE,13,4.92,222,8
26058626,2023-12-13,Mount Pleasant,49.26909,-123.10734,Entire home/apt,2,1 bath,1,$89.00,60,FALSE,FALSE,54,4.94,134,1
26127040,2023-12-14,Downtown,49.27992,-123.10749,Private room,2,1 private bath,1,NA,3,FALSE,FALSE,110,4.96,0,1
26160268,2023-12-14,Mount Pleasant,49.26879,-123.10977,Entire home/apt,3,1 bath,1,NA,2,FALSE,FALSE,13,4.77,0,1
26191400,2023-12-14,Sunset,49.23181,-123.0941,Private room,2,1 private bath,1,NA,1,FALSE,FALSE,21,4.95,0,2
26193323,2023-12-14,Kitsilano,49.25852,-123.15032,Entire home/apt,2,1 bath,1,$142.00,4,FALSE,FALSE,210,4.92,0,1
26204770,2023-12-14,Downtown,49.2795,-123.12098,Private room,1,1 shared bath,1,$52.00,30,FALSE,FALSE,119,4.78,365,6
26231164,2023-12-14,Downtown,49.2772,-123.11778,Entire home/apt,2,1 bath,1,$89.00,30,FALSE,FALSE,1,5,64,1
26235197,2023-12-13,Victoria-Fraserview,49.21378226960226,-123.06733476744492,Entire home/apt,12,4 baths,6,$320.00,3,TRUE,FALSE,149,4.58,69,1
26235906,2023-12-14,Downtown,49.27732,-123.12025,Entire home/apt,2,1 bath,2,NA,30,FALSE,FALSE,9,4.78,0,1
26259104,2023-12-14,Grandview-Woodland,49.27262,-123.05987,Entire home/apt,5,1 bath,2,NA,3,FALSE,FALSE,3,5,0,1
26284294,2023-12-25,Downtown,49.27851,-123.10834,Entire home/apt,6,2 baths,3,$331.00,2,TRUE,FALSE,188,4.71,0,1
26295935,2023-12-13,Strathcona,49.27005,-123.10021,Entire home/apt,2,1 bath,1,$111.00,2,TRUE,FALSE,75,4.91,42,1
26305770,2023-12-14,Downtown Eastside,49.28178,-123.10179,Entire home/apt,4,1 bath,2,$400.00,3,TRUE,FALSE,73,4.67,361,1
26306399,2023-12-13,Marpole,49.21135,-123.10927,Entire home/apt,2,1 bath,1,$96.00,1,TRUE,FALSE,360,4.81,312,1
26307955,2023-12-14,Kensington-Cedar Cottage,49.24088,-123.06857,Entire home/apt,3,1.5 baths,2,NA,2,FALSE,FALSE,6,4.83,0,1
26312844,2023-12-13,Kitsilano,49.26249,-123.17031,Private room,2,1 shared bath,1,$81.00,30,FALSE,FALSE,23,4.7,113,2
26323484,2023-12-14,Downtown Eastside,49.28137,-123.09992,Entire home/apt,2,1 bath,1,NA,2,FALSE,FALSE,21,4.86,0,1
26337636,2023-12-14,Riley Park,49.2508,-123.10131,Private room,4,2 baths,2,NA,1,FALSE,TRUE,24,4.79,0,1
26342358,2023-12-14,West End,49.28057,-123.13068,Private room,1,1 shared bath,1,$49.00,30,FALSE,TRUE,18,4.28,29,6
26356375,2023-12-14,Kensington-Cedar Cottage,49.25693,-123.06755,Entire home/apt,5,1.5 baths,3,NA,2,FALSE,FALSE,47,4.85,0,1
26365689,2023-12-13,Kitsilano,49.271015,-123.184181,Entire home/apt,6,4 baths,5,$348.00,5,TRUE,FALSE,9,4.56,23,1
26367350,2023-12-14,Kensington-Cedar Cottage,49.24665,-123.06903,Entire home/apt,6,1 bath,3,$270.00,5,TRUE,FALSE,60,4.93,360,1
26396039,2023-12-14,Downtown,49.28821,-123.12152,Entire home/apt,5,2.5 baths,4,"$2,113.00",3,FALSE,FALSE,0,NA,179,30
26396221,2023-12-14,Downtown,49.28824,-123.1155,Entire home/apt,5,2.5 baths,2,$834.00,21,FALSE,FALSE,1,5,179,30
26396327,2023-12-14,Downtown,49.27872,-123.12722,Entire home/apt,4,2 baths,2,NA,2,TRUE,FALSE,9,4.89,0,1
26405239,2023-12-14,Downtown,49.27603,-123.11557,Entire home/apt,2,1 bath,1,NA,2,FALSE,FALSE,13,4.62,0,1
26419301,2023-12-13,Fairview,49.25997,-123.12763,Entire home/apt,2,1 bath,1,$100.00,30,FALSE,FALSE,8,4.63,244,30
26425408,2023-12-14,Riley Park,49.24948,-123.11406,Entire home/apt,6,1 bath,5,$375.00,1,FALSE,FALSE,15,4.8,6,1
26471674,2023-12-13,Oakridge,49.2272,-123.11212,Private room,1,1 private bath,1,$55.00,30,FALSE,TRUE,18,4.22,64,20
26473360,2023-12-14,Downtown,49.27962,-123.12008,Entire home/apt,2,1 bath,1,$125.00,30,TRUE,FALSE,78,4.53,61,1
26497482,2023-12-14,Renfrew-Collingwood,49.24124,-123.0276,Entire home/apt,4,1 bath,3,$150.00,1,TRUE,FALSE,82,4.89,285,2
26503859,2023-12-14,Grandview-Woodland,49.27431,-123.06129,Entire home/apt,6,3 baths,3,$240.00,3,FALSE,FALSE,11,5,0,1
26505492,2023-12-14,Oakridge,49.22764,-123.11392,Private room,1,1 private bath,1,$40.00,30,FALSE,TRUE,14,4.21,108,20
26521642,2023-12-14,Kensington-Cedar Cottage,49.2531,-123.06785,Entire home/apt,5,2 baths,3,NA,75,FALSE,FALSE,0,NA,0,1
26524234,2023-12-13,Kitsilano,49.26832,-123.15837,Entire home/apt,3,1 bath,1,$116.00,1,FALSE,FALSE,367,4.79,88,1
26532098,2023-12-14,Killarney,49.23109,-123.03373,Entire home/apt,5,1 bath,3,$220.00,2,TRUE,FALSE,21,4.76,346,2
26574530,2023-12-13,Downtown Eastside,49.2781,-123.08991,Entire home/apt,4,1 bath,2,$149.00,2,TRUE,FALSE,292,4.79,166,1
26596904,2023-12-14,Downtown,49.28264,-123.11427,Private room,2,1 private bath,2,$169.00,1,FALSE,FALSE,8,4.75,141,6
26605128,2023-12-13,Mount Pleasant,49.26042,-123.11013,Entire home/apt,4,1 bath,2,$85.00,30,TRUE,FALSE,97,4.97,71,2
26639179,2023-12-14,Riley Park,49.24614,-123.10186,Entire home/apt,3,1 bath,2,NA,3,FALSE,FALSE,8,5,0,1
26641669,2023-12-14,West End,49.28721,-123.12752,Entire home/apt,3,1 bath,1,$393.00,2,FALSE,FALSE,135,4.62,179,1
26717650,2023-12-14,Downtown,49.27551,-123.12575,Entire home/apt,5,2 baths,2,$750.00,2,FALSE,FALSE,1,5,88,30
26755517,2023-12-14,Downtown,49.27743,-123.12961,Entire home/apt,2,1 bath,1,$235.00,90,FALSE,FALSE,37,4.97,109,1
26755609,2023-12-14,Downtown,49.27909,-123.10886,Entire home/apt,3,1 bath,2,NA,2,FALSE,FALSE,52,4.73,0,1
26756317,2023-12-14,Kitsilano,49.27032,-123.14916,Entire home/apt,3,1 bath,1,NA,1,FALSE,FALSE,4,4.5,0,1
26777676,2023-12-14,Dunbar Southlands,49.25412,-123.1905,Hotel room,2,1 private bath,1,NA,3,FALSE,TRUE,16,4.81,0,3
26779568,2023-12-13,Fairview,49.26177,-123.12837,Entire home/apt,2,1 bath,1,$100.00,30,FALSE,TRUE,14,4.79,266,30
26788017,2023-12-14,Downtown Eastside,49.28191,-123.10273,Entire home/apt,2,1 bath,1,NA,2,FALSE,FALSE,44,4.45,0,1
26790723,2023-12-14,Hastings-Sunrise,49.2644,-123.04395,Entire home/apt,5,1 bath,2,$209.00,1,TRUE,FALSE,223,4.92,0,1
26801360,2023-12-13,Hastings-Sunrise,49.2637,-123.03999,Private room,2,1 private bath,1,$58.00,30,FALSE,FALSE,82,4.39,101,8
26815901,2023-12-14,Strathcona,49.26541,-123.07894,Entire home/apt,4,1 bath,2,NA,30,FALSE,FALSE,0,NA,0,1
26840662,2023-12-14,Fairview,49.25897,-123.13424,Entire home/apt,3,1 bath,1,NA,30,FALSE,FALSE,8,4.88,0,1
26843460,2023-12-13,Fairview,49.260980000000004,-123.11539,Entire home/apt,2,1 bath,1,$189.00,13,TRUE,FALSE,52,4.94,333,1
26846418,2023-12-14,Downtown,49.28796,-123.12499,Entire home/apt,4,2 baths,2,$300.00,2,FALSE,FALSE,203,4.71,154,1
26870031,2023-12-14,Kitsilano,49.26914,-123.16404,Entire home/apt,4,2 baths,2,$189.00,30,FALSE,FALSE,24,4.92,264,1
26872346,2023-12-14,Dunbar Southlands,49.25495,-123.19067,Hotel room,2,1 private bath,1,NA,3,FALSE,TRUE,24,4.67,0,3
26878524,2023-12-14,Downtown,49.27305,-123.12057,Entire home/apt,4,1 bath,2,$150.00,1,FALSE,TRUE,108,4.78,0,1
26905511,2023-12-14,Grandview-Woodland,49.26239,-123.07531,Entire home/apt,5,1 bath,3,$84.00,1,TRUE,FALSE,300,4.91,110,1
26945692,2023-12-13,Hastings-Sunrise,49.2637,-123.03999,Private room,2,1 private bath,1,$52.00,30,FALSE,FALSE,41,4.56,130,8
26993575,2023-12-14,Downtown,49.27948,-123.12508,Entire home/apt,4,1 bath,2,$450.00,2,FALSE,TRUE,0,NA,0,1
27023757,2023-12-14,West End,49.28619,-123.14039,Entire home/apt,3,1 bath,1,NA,2,FALSE,FALSE,23,4.87,0,1
27030333,2023-12-14,Mount Pleasant,49.2578,-123.10993,Private room,2,1 private bath,1,NA,3,FALSE,FALSE,27,4.89,0,1
27054773,2023-12-14,Kensington-Cedar Cottage,49.25475,-123.06847,Entire home/apt,4,1 bath,2,$139.00,1,TRUE,FALSE,60,4.85,0,1
27057251,2023-12-14,Victoria-Fraserview,49.2246,-123.06162,Entire home/apt,2,1 bath,1,$94.00,1,TRUE,FALSE,104,4.71,102,1
27092584,2023-12-14,West End,49.28614,-123.12481,Entire home/apt,6,2 baths,3,$293.00,3,TRUE,FALSE,226,4.85,21,1
27110258,2023-12-13,Downtown Eastside,49.27788,-123.09358,Entire home/apt,2,1 bath,2,$154.00,3,TRUE,FALSE,97,4.79,292,1
27112358,2023-12-14,Kitsilano,49.26638,-123.1603,Entire home/apt,2,1 bath,1,NA,5,FALSE,TRUE,8,4.75,0,1
27133016,2023-12-13,Kitsilano,49.25875,-123.16869,Private room,2,1 shared bath,1,$121.00,2,FALSE,FALSE,74,4.65,147,1
27138486,2023-12-14,Kensington-Cedar Cottage,49.25937,-123.07393,Entire home/apt,4,1 bath,2,$92.00,2,TRUE,FALSE,181,4.8,0,1
27142122,2023-12-14,Grandview-Woodland,49.26441,-123.05764,Entire home/apt,8,2 baths,5,$275.00,5,FALSE,FALSE,10,5,0,1
27143209,2023-12-14,Riley Park,49.24944,-123.11123,Private room,2,1 shared bath,1,NA,1,FALSE,FALSE,15,4.67,0,1
27201911,2023-12-14,West End,49.28993,-123.13938,Entire home/apt,2,1 bath,1,NA,6,FALSE,FALSE,25,4.88,0,2
27225802,2023-12-13,Downtown,49.2749,-123.11328,Entire home/apt,2,1 bath,1,$125.00,30,FALSE,FALSE,6,4.67,285,42
27257931,2023-12-14,Downtown,49.280029999999996,-123.11121,Entire home/apt,4,1 bath,1,$301.00,2,FALSE,FALSE,8,3,88,1
27265522,2023-12-13,Mount Pleasant,49.25887,-123.08148,Private room,2,1 shared bath,1,$76.00,2,TRUE,FALSE,120,4.9,355,3
27268683,2023-12-14,Renfrew-Collingwood,49.24196,-123.03763,Entire home/apt,5,1.5 baths,2,NA,2,FALSE,TRUE,0,NA,0,1
27281997,2023-12-14,Sunset,49.22481,-123.09307,Entire home/apt,6,3 baths,3,$175.00,30,FALSE,FALSE,1,4,173,2
27283748,2023-12-13,Mount Pleasant,49.27116057696156,-123.10244587843091,Entire home/apt,2,1 bath,1,$150.00,2,TRUE,FALSE,105,4.91,7,1
27314632,2023-12-14,Downtown,49.27958,-123.1196,Entire home/apt,4,1 bath,2,NA,1,FALSE,FALSE,0,NA,0,1
27316956,2023-12-14,Kensington-Cedar Cottage,49.24996,-123.08181,Entire home/apt,4,1 bath,2,NA,1,FALSE,FALSE,0,NA,0,1
27350645,2023-12-14,Downtown,49.27809,-123.12243,Entire home/apt,4,1 bath,1,$231.00,30,TRUE,FALSE,12,4.75,0,5
27377931,2023-12-13,Downtown Eastside,49.2815,-123.08059,Entire home/apt,3,1 bath,1,$100.00,1,FALSE,FALSE,227,4.68,69,1
27391721,2023-12-14,Downtown,49.27652,-123.12016,Entire home/apt,2,1 bath,1,$236.00,30,TRUE,FALSE,38,4.95,18,1
27393918,2023-12-14,Downtown,49.27877,-123.12251,Entire home/apt,4,1 bath,2,NA,30,FALSE,TRUE,30,4.87,0,1
27399165,2023-12-14,Strathcona,49.28317,-123.08406,Entire home/apt,4,1 bath,1,$108.00,1,TRUE,FALSE,264,4.78,0,1
27399318,2023-12-14,West End,49.28634,-123.1295,Private room,4,1 shared bath,3,$90.00,2,FALSE,TRUE,19,5,0,2
27459230,2023-12-14,Kerrisdale,49.22958673793841,-123.1780034187543,Entire home/apt,2,1 bath,1,$232.00,2,TRUE,FALSE,95,4.96,82,2
27459578,2023-12-14,Downtown,49.28734,-123.11503,Entire home/apt,1,1 bath,1,$245.00,30,FALSE,FALSE,1,5,0,1
27466923,2023-12-13,Downtown,49.27194,-123.12195,Entire home/apt,4,2 baths,2,$250.00,30,FALSE,FALSE,2,5,310,42
27492885,2023-12-14,Arbutus Ridge,49.25023,-123.16585,Private room,2,1 private bath,1,NA,2,FALSE,FALSE,1,5,0,1
27508424,2023-12-14,Renfrew-Collingwood,49.23851,-123.0469,Entire home/apt,3,1 bath,2,$83.00,2,TRUE,FALSE,44,4.76,0,5
27509280,2023-12-13,Renfrew-Collingwood,49.23848,-123.04738,Private room,2,1 shared bath,2,$44.00,1,TRUE,FALSE,38,4.66,12,5
27514047,2023-12-13,Riley Park,49.23668,-123.10929,Private room,3,1 shared bath,4,$107.00,2,FALSE,TRUE,42,4.6,201,2
27530828,2023-12-13,Riley Park,49.23644,-123.10927,Private room,2,1 shared bath,1,$107.00,2,FALSE,FALSE,33,4.64,200,2
27546921,2023-12-14,Downtown,49.28013,-123.11874,Entire home/apt,2,1 bath,1,NA,31,FALSE,FALSE,1,5,0,38
27554125,2023-12-14,Grandview-Woodland,49.28855,-123.05989,Entire home/apt,2,1 bath,1,NA,4,FALSE,FALSE,80,4.71,0,2
27561314,2023-12-14,Downtown,49.27666,-123.12875,Private room,2,1 private bath,2,NA,1,FALSE,FALSE,2,5,0,1
27575920,2023-12-14,Downtown Eastside,49.27863,-123.09925,Entire home/apt,2,2 baths,1,NA,90,FALSE,TRUE,0,NA,0,1
27614109,2023-12-14,West End,49.28887,-123.13784,Shared room,1,1 shared bath,1,NA,3,FALSE,FALSE,7,4.86,0,2
27638711,2023-12-14,Downtown,49.2786,-123.12892,Entire home/apt,1,1 bath,1,NA,2,FALSE,FALSE,1,5,0,1
27641406,2023-12-14,Downtown,49.27861,-123.12484,Entire home/apt,4,2 baths,2,$677.00,30,FALSE,FALSE,0,NA,226,1
27662224,2023-12-13,Shaughnessy,49.25681686401367,-123.1409149169922,Entire home/apt,4,1 bath,3,$216.00,4,TRUE,TRUE,82,4.8,83,1
27676888,2023-12-14,Downtown,49.27889,-123.10794,Entire home/apt,2,1 bath,1,$151.00,4,TRUE,FALSE,124,4.84,22,1
27695390,2023-12-14,Riley Park,49.24393,-123.0923,Entire home/apt,6,3 baths,4,$650.00,6,TRUE,FALSE,5,5,18,2
27706117,2023-12-14,Renfrew-Collingwood,49.25891,-123.05207,Entire home/apt,8,2 baths,4,$249.00,1,TRUE,FALSE,203,4.91,233,1
27706507,2023-12-14,Grandview-Woodland,49.2839,-123.05968,Entire home/apt,4,1 bath,2,NA,5,FALSE,FALSE,0,NA,0,1
27738173,2023-12-14,Kitsilano,49.26616,-123.1608,Private room,1,2 baths,1,$156.00,4,TRUE,FALSE,9,5,0,5
27740401,2023-12-14,Kensington-Cedar Cottage,49.24059,-123.0787,Entire home/apt,6,1 bath,3,$114.00,1,FALSE,FALSE,356,4.78,0,1
27753261,2023-12-14,Downtown,49.27533,-123.11453,Entire home/apt,4,2 baths,2,NA,30,FALSE,FALSE,0,NA,0,1
27759917,2023-12-14,Sunset,49.23244,-123.10406,Entire home/apt,4,2 baths,2,$122.00,3,FALSE,FALSE,30,4.87,161,1
27763197,2023-12-14,Downtown,49.27846,-123.10824,Entire home/apt,2,1 bath,1,NA,180,TRUE,FALSE,21,4.81,0,2
27778807,2023-12-14,Fairview,49.26628,-123.13326,Private room,2,1 shared bath,1,$400.00,3,FALSE,FALSE,33,4.88,0,1
27791241,2023-12-14,West End,49.28671,-123.12758,Entire home/apt,5,2 baths,3,$234.00,30,TRUE,FALSE,50,4.9,336,1
27833919,2023-12-14,Downtown Eastside,49.27674,-123.10039,Entire home/apt,3,1 bath,1,NA,1,FALSE,FALSE,131,4.85,0,1
27837513,2023-12-13,Riley Park,49.23564,-123.11403,Private room,1,1 private bath,1,$85.00,30,TRUE,FALSE,60,4.98,40,5
27849505,2023-12-13,Riley Park,49.23596,-123.11286,Private room,1,1 private bath,1,$83.00,30,TRUE,FALSE,34,4.97,89,5
27875647,2023-12-14,Downtown Eastside,49.28142,-123.10315,Entire home/apt,2,1 bath,1,NA,2,FALSE,FALSE,26,4.85,0,1
27878050,2023-12-13,Mount Pleasant,49.26663,-123.09157,Entire home/apt,2,1 bath,1,$73.00,2,TRUE,TRUE,74,4.58,194,1
27880864,2023-12-14,West End,49.28898,-123.13589,Entire home/apt,6,1 bath,3,$120.00,2,FALSE,TRUE,6,5,0,3
27900319,2023-12-14,Kitsilano,49.27096,-123.17555,Entire home/apt,6,2.5 baths,2,$460.00,1,FALSE,TRUE,64,4.78,250,3
27903059,2023-12-14,West End,49.28963,-123.13362,Private room,2,1 shared bath,1,NA,2,FALSE,TRUE,5,4.8,0,3
27903066,2023-12-14,Downtown Eastside,49.27881,-123.09893,Entire home/apt,4,1 bath,2,$162.00,4,TRUE,FALSE,165,4.78,199,1
28008912,2023-12-14,Sunset,49.22197,-123.08764,Entire home/apt,6,2 baths,3,$115.00,2,FALSE,FALSE,114,4.65,0,1
28015083,2023-12-14,Riley Park,49.2366,-123.09677,Entire home/apt,1,1 bath,1,$100.00,30,TRUE,FALSE,49,4.94,27,1
28032949,2023-12-14,Sunset,49.21619,-123.0864,Private room,2,1 shared bath,1,NA,2,FALSE,FALSE,0,NA,0,1
28049283,2023-12-14,Riley Park,49.25571,-123.09759,Entire home/apt,6,2 baths,3,NA,30,FALSE,FALSE,104,4.91,0,1
28053100,2023-12-13,Riley Park,49.24377,-123.0937,Entire home/apt,2,1 bath,1,$106.00,2,TRUE,FALSE,142,4.86,7,1
28083134,2023-12-14,Fairview,49.2583,-123.1182,Entire home/apt,2,1 bath,1,NA,30,FALSE,FALSE,0,NA,0,1
28107117,2023-12-14,Arbutus Ridge,49.24804,-123.15723,Entire home/apt,4,1.5 baths,2,NA,1,FALSE,FALSE,8,4.75,0,1
28127771,2023-12-14,Sunset,49.2193,-123.08204,Entire home/apt,7,2 baths,3,$160.00,7,FALSE,FALSE,11,4.82,28,2
28127976,2023-12-14,Downtown,49.27349,-123.12701,Entire home/apt,2,1 bath,1,$236.00,4,FALSE,FALSE,33,4.82,5,1
28154661,2023-12-14,Downtown,49.27875,-123.11443,Entire home/apt,3,1 bath,2,$155.00,30,TRUE,FALSE,15,4.73,141,12
28207765,2023-12-13,Kitsilano,49.27034,-123.15893,Entire home/apt,2,1 bath,1,$95.00,30,TRUE,FALSE,24,4.83,107,3
28220710,2023-12-13,Renfrew-Collingwood,49.23739,-123.04725,Private room,2,1 shared bath,1,$50.00,1,TRUE,FALSE,18,4.89,8,5
28225952,2023-12-13,Marpole,49.21315,-123.11638,Private room,1,1 shared bath,1,$80.00,3,FALSE,FALSE,42,4.88,66,6
28227836,2023-12-14,Downtown,49.27541,-123.12821,Entire home/apt,4,2 baths,2,$203.00,3,FALSE,FALSE,4,5,7,1
28228002,2023-12-13,Mount Pleasant,49.26766,-123.10797,Entire home/apt,3,1 bath,2,$128.00,90,TRUE,TRUE,13,5,216,3
28229609,2023-12-13,Kensington-Cedar Cottage,49.24086,-123.0825,Entire home/apt,2,1 bath,1,$105.00,3,TRUE,FALSE,67,4.99,24,1
28233949,2023-12-14,Killarney,49.21893,-123.04533,Entire home/apt,6,1 bath,3,$237.00,2,FALSE,TRUE,12,4.17,0,1
28256722,2023-12-13,Hastings-Sunrise,49.29007,-123.04229,Entire home/apt,4,1 bath,2,$140.00,1,TRUE,FALSE,43,4.58,270,3
28311114,2023-12-14,Kerrisdale,49.22227,-123.14385,Private room,2,1 shared bath,1,NA,4,FALSE,FALSE,5,4.2,0,4
28317472,2023-12-13,Downtown Eastside,49.27775,-123.08402,Entire home/apt,4,2 baths,2,$170.00,5,TRUE,FALSE,14,4.93,141,2
28318264,2023-12-14,Downtown,49.27843,-123.12337,Entire home/apt,3,1 bath,1,$110.00,2,FALSE,FALSE,237,4.66,0,2
28320956,2023-12-13,Riley Park,49.24938,-123.09775,Entire home/apt,2,1 bath,1,$92.00,1,TRUE,FALSE,199,4.77,312,3
28331525,2023-12-13,Riley Park,49.25137192081954,-123.09585109632144,Entire home/apt,4,1 bath,2,$200.00,3,TRUE,FALSE,113,4.94,7,1
28334569,2023-12-13,Downtown Eastside,49.28016,-123.08505,Entire home/apt,3,1 bath,2,$170.00,2,TRUE,FALSE,171,4.9,161,1
28364428,2023-12-14,Downtown,49.27956,-123.1198,Entire home/apt,2,1 bath,1,$95.00,30,FALSE,FALSE,12,4.25,165,42
28374232,2023-12-14,Downtown,49.28326,-123.116547,Entire home/apt,2,1 bath,1,$107.00,30,TRUE,FALSE,14,5,113,1
28390229,2023-12-14,Grandview-Woodland,49.28333,-123.05654,Entire home/apt,4,1 bath,2,$94.00,14,FALSE,FALSE,3,4.33,0,3
28412613,2023-12-13,Riley Park,49.24936,-123.10836,Entire home/apt,4,1 bath,1,$140.00,3,TRUE,FALSE,194,4.75,122,1
28443544,2023-12-14,Kerrisdale,49.22216,-123.14425,Private room,5,1 shared bath,3,NA,4,FALSE,FALSE,11,4.55,0,4
28444036,2023-12-13,Grandview-Woodland,49.26558,-123.06377,Entire home/apt,2,1 bath,1,$147.00,4,TRUE,FALSE,211,4.98,334,1
28446375,2023-12-14,Kerrisdale,49.22404,-123.14385,Private room,2,1 bath,1,NA,3,FALSE,FALSE,4,4.5,0,4
28498818,2023-12-14,Grandview-Woodland,49.26861,-123.07135,Entire home/apt,4,2 baths,2,NA,5,FALSE,FALSE,0,NA,0,1
28544724,2023-12-14,Hastings-Sunrise,49.27688,-123.02622,Private room,2,1 shared bath,1,NA,30,TRUE,FALSE,12,4.67,0,4
28583815,2023-12-13,Kensington-Cedar Cottage,49.26192,-123.0744,Entire home/apt,4,1 bath,2,$104.00,5,TRUE,FALSE,200,4.86,22,1
28586415,2023-12-14,Hastings-Sunrise,49.29069,-123.05507,Entire home/apt,4,1 bath,2,$264.00,5,FALSE,FALSE,25,4.92,0,1
28604839,2023-12-14,Downtown Eastside,49.28117,-123.09964,Entire home/apt,2,1 bath,2,$115.00,90,FALSE,FALSE,4,4.75,219,1
28605400,2023-12-14,Downtown,49.2795,-123.11698,Entire home/apt,4,2 baths,2,$199.00,30,FALSE,FALSE,2,5,0,1
28674567,2023-12-13,Downtown,49.27636,-123.13203,Entire home/apt,5,2 baths,2,$204.00,2,TRUE,TRUE,285,4.9,212,1
28697899,2023-12-14,Renfrew-Collingwood,49.26035,-123.0538,Entire home/apt,8,2 baths,4,$303.00,1,TRUE,FALSE,420,4.91,303,1
28699576,2023-12-13,Kitsilano,49.27235,-123.14831,Entire home/apt,5,2 baths,2,$180.00,30,FALSE,FALSE,6,4.83,344,5
28715022,2023-12-14,Downtown,49.29041,-123.12514,Entire home/apt,2,1 bath,1,NA,30,FALSE,FALSE,4,5,0,33
28718335,2023-12-14,Dunbar Southlands,49.25618,-123.18056,Entire home/apt,2,1 bath,1,$150.00,30,FALSE,FALSE,4,5,0,1
28722085,2023-12-14,Oakridge,49.22462,-123.13612,Entire home/apt,16,6 baths,12,"$1,294.00",2,TRUE,TRUE,126,4.92,0,1
28722542,2023-12-14,Downtown,49.28053,-123.10803,Entire home/apt,6,2 baths,3,$302.00,2,FALSE,TRUE,288,4.76,132,1
28740196,2023-12-14,Grandview-Woodland,49.275238,-123.066353,Entire home/apt,2,1 bath,1,$103.00,2,TRUE,FALSE,249,4.98,0,1
28760438,2023-12-14,Killarney,49.23149,-123.02698,Entire home/apt,6,1 bath,3,$109.00,6,TRUE,FALSE,68,4.74,305,2
28815819,2023-12-14,Kensington-Cedar Cottage,49.24215,-123.08469,Entire home/apt,6,2.5 baths,3,NA,5,FALSE,TRUE,3,5,0,1
28873745,2023-12-13,Mount Pleasant,49.26088,-123.08825,Entire home/apt,3,1 bath,1,$108.00,4,TRUE,FALSE,140,4.91,73,1
28910369,2023-12-14,Downtown,49.27731,-123.13045,Entire home/apt,4,1 bath,1,$179.00,2,TRUE,FALSE,136,4.71,255,1
28934999,2023-12-14,Downtown Eastside,49.28183,-123.10465,Entire home/apt,2,1 bath,1,$151.00,30,FALSE,FALSE,54,4.48,365,1
28941586,2023-12-14,Shaughnessy,49.24718,-123.14192,Entire home/apt,4,1 bath,2,NA,1,FALSE,FALSE,0,NA,0,1
28955616,2023-12-13,Renfrew-Collingwood,49.23777,-123.03376,Private room,2,1 shared bath,1,$103.00,1,TRUE,FALSE,43,4.93,84,1
28986945,2023-12-13,Marpole,49.21415,-123.11351,Private room,2,1 shared bath,1,$55.00,30,TRUE,FALSE,14,5,71,4
28987551,2023-12-13,Marpole,49.21356,-123.11131,Private room,2,1 shared bath,1,$45.00,30,TRUE,FALSE,3,5,71,4
28987554,2023-12-13,Marpole,49.21206,-123.112,Private room,2,1 shared bath,1,$45.00,30,TRUE,FALSE,16,4.94,74,4
29015803,2023-12-14,Downtown Eastside,49.27672,-123.10049,Entire home/apt,4,1 bath,2,$79.00,2,FALSE,TRUE,81,4.85,0,1
29038663,2023-12-14,Shaughnessy,49.23574,-123.14402,Private room,2,1 private bath,1,$102.00,1,TRUE,TRUE,49,4.82,0,3
29038862,2023-12-14,Downtown,49.2796,-123.12021,Private room,1,1 shared bath,1,$69.00,30,FALSE,FALSE,148,4.7,358,6
29075223,2023-12-14,Renfrew-Collingwood,49.23699,-123.04737,Entire home/apt,6,1 bath,4,$239.00,2,TRUE,FALSE,13,4.85,10,5
29131502,2023-12-13,Downtown Eastside,49.28238,-123.08353,Entire home/apt,2,1 bath,1,$96.00,2,TRUE,FALSE,156,4.66,159,1
29149436,2023-12-13,Hastings-Sunrise,49.28825,-123.04841,Private room,2,1 private bath,2,$81.00,1,FALSE,FALSE,110,4.63,64,3
29158901,2023-12-14,Downtown,49.28046,-123.11882,Entire home/apt,4,1 bath,2,NA,4,FALSE,TRUE,11,5,0,1
29177848,2023-12-13,Hastings-Sunrise,49.28987,-123.0492,Private room,2,1 shared bath,1,$79.00,1,FALSE,FALSE,109,4.61,76,3
29184741,2023-12-13,Kitsilano,49.27672,-123.14587,Entire home/apt,2,1 bath,1,$144.00,3,TRUE,FALSE,286,4.9,150,1
29187281,2023-12-14,Downtown Eastside,49.28053,-123.0852,Entire home/apt,2,1 bath,1,$112.00,2,TRUE,TRUE,80,4.99,0,1
29210356,2023-12-14,West End,49.28701,-123.13661,Entire home/apt,2,1 bath,1,NA,90,FALSE,FALSE,2,4,0,33
29214094,2023-12-14,Downtown,49.29046,-123.12644,Entire home/apt,4,2 baths,2,NA,30,FALSE,FALSE,2,5,0,33
29236428,2023-12-14,Fairview,49.26463,-123.12388,Entire home/apt,4,2 baths,2,NA,3,FALSE,FALSE,20,4.85,0,1
29238817,2023-12-14,Downtown,49.28124,-123.11812,Entire home/apt,2,1 bath,1,$250.00,2,FALSE,FALSE,19,4.68,0,1
29244633,2023-12-14,Kensington-Cedar Cottage,49.2533,-123.07999,Entire home/apt,11,2 baths,6,NA,1,FALSE,FALSE,97,4.85,0,1
29266447,2023-12-13,Mount Pleasant,49.26089,-123.10111,Entire home/apt,4,1 bath,2,$158.00,10,TRUE,TRUE,91,4.85,235,1
29279647,2023-12-14,Sunset,49.21456,-123.10065,Private room,2,1 private bath,1,$129.00,2,TRUE,FALSE,46,4.91,70,1
29346974,2023-12-13,Downtown,49.29363,-123.13424,Private room,1,1 shared bath,1,$40.00,93,FALSE,TRUE,0,NA,90,1
29393169,2023-12-14,Downtown,49.28014,-123.12497,Entire home/apt,4,1 bath,2,$131.00,1,FALSE,FALSE,224,4.77,0,1
29462560,2023-12-14,Sunset,49.21282,-123.08991,Entire home/apt,5,1 bath,3,$89.00,2,FALSE,FALSE,59,4.69,0,1
29481528,2023-12-14,Downtown,49.27766,-123.13083,Private room,1,1 shared bath,1,NA,30,FALSE,FALSE,0,NA,0,1
29548839,2023-12-13,Dunbar Southlands,49.253,-123.18431,Entire home/apt,2,1 bath,1,$175.00,1,TRUE,TRUE,192,4.89,140,1
29593493,2023-12-13,West Point Grey,49.27239,-123.20732,Entire home/apt,3,1 bath,1,$300.00,3,FALSE,FALSE,54,4.56,364,1
29649427,2023-12-14,Grandview-Woodland,49.26811,-123.06223,Entire home/apt,12,3.5 baths,6,NA,3,FALSE,FALSE,3,5,0,1
29659260,2023-12-14,Downtown Eastside,49.27726,-123.09873,Entire home/apt,1,1 bath,1,NA,31,FALSE,FALSE,0,NA,0,1
29679599,2023-12-13,Mount Pleasant,49.26033134666716,-123.09334103504432,Entire home/apt,9,2 baths,5,$527.00,1,TRUE,FALSE,66,4.95,101,1
29703650,2023-12-14,Downtown,49.27987,-123.12306,Entire home/apt,3,1 bath,1,$89.00,30,FALSE,FALSE,12,4.67,89,6
29736759,2023-12-14,Downtown Eastside,49.28301,-123.09135,Entire home/apt,2,1 bath,1,NA,3,FALSE,FALSE,21,4.71,0,1
29742641,2023-12-14,Downtown,49.2769,-123.11652,Entire home/apt,3,1 bath,1,NA,30,FALSE,FALSE,62,4.77,0,2
29765542,2023-12-14,West End,49.28054,-123.13063,Private room,2,1 shared bath,1,$60.00,30,FALSE,TRUE,39,4.49,30,6
29778330,2023-12-14,Riley Park,49.25028,-123.10089,Entire home/apt,6,1 bath,5,NA,2,FALSE,TRUE,3,5,0,1
29780872,2023-12-14,Downtown,49.2801,-123.12652,Entire home/apt,2,2 baths,1,$100.00,30,FALSE,FALSE,3,5,0,1
29795231,2023-12-14,West End,49.29090571707274,-123.13908873467038,Entire home/apt,4,1 bath,3,$141.00,2,FALSE,FALSE,171,4.64,9,1
29799311,2023-12-14,Hastings-Sunrise,49.26689,-123.0564,Entire home/apt,2,1 bath,1,$104.00,2,TRUE,FALSE,55,4.82,0,1
29802812,2023-12-14,Downtown,49.281,-123.10746,Entire home/apt,5,1 bath,3,$136.00,2,FALSE,FALSE,131,4.61,0,2
29802861,2023-12-14,Kensington-Cedar Cottage,49.247,-123.07462,Entire home/apt,8,2.5 baths,4,$219.00,3,FALSE,FALSE,72,4.92,2,1
29803139,2023-12-14,Downtown,49.28019,-123.12316,Entire home/apt,2,1 bath,1,$158.00,2,TRUE,FALSE,64,4.92,18,1
29806602,2023-12-14,West End,49.29208210830669,-123.14210269481684,Entire home/apt,4,2 baths,1,$200.00,30,FALSE,TRUE,0,NA,364,1
29826279,2023-12-14,Marpole,49.21615,-123.14643,Entire home/apt,4,1 bath,3,$140.00,2,TRUE,FALSE,144,4.85,168,1
29835925,2023-12-14,Downtown,49.27389,-123.11694,Private room,1,1 shared bath,1,NA,30,FALSE,FALSE,0,NA,0,2
29860889,2023-12-14,Mount Pleasant,49.2631,-123.08112,Entire home/apt,2,1 bath,1,NA,1,FALSE,FALSE,1,5,0,1
29900725,2023-12-14,Downtown,49.28873,-123.11745,Entire home/apt,5,2.5 baths,3,$704.00,15,FALSE,FALSE,0,NA,179,30
29902621,2023-12-14,Fairview,49.25983,-123.13621,Entire home/apt,4,1 bath,2,NA,31,FALSE,TRUE,0,NA,0,1
29970776,2023-12-14,Downtown,49.28798,-123.12452,Private room,2,1 shared bath,1,NA,31,FALSE,FALSE,0,NA,0,1
29987830,2023-12-13,Kitsilano,49.26024,-123.17907,Entire home/apt,2,1 bath,1,$200.00,15,FALSE,FALSE,3,5,158,2
29998069,2023-12-14,Riley Park,49.24196,-123.10166,Entire home/apt,4,1 bath,3,$147.00,5,TRUE,FALSE,31,4.81,331,1
29998095,2023-12-14,Downtown,49.27606,-123.12951,Entire home/apt,2,1 bath,2,NA,2,FALSE,FALSE,6,5,0,1
30012715,2023-12-13,Downtown,49.27507,-123.11667,Entire home/apt,2,1 bath,1,$110.00,30,TRUE,FALSE,15,5,101,1
30013824,2023-12-13,Riley Park,49.24779510498047,-123.09845733642578,Entire home/apt,2,1 bath,1,$156.00,14,FALSE,FALSE,11,5,177,1
30014538,2023-12-13,Grandview-Woodland,49.27384,-123.06744,Entire home/apt,2,1 bath,NA,$85.00,3,FALSE,FALSE,130,4.41,223,2
30017511,2023-12-14,Riley Park,49.23336,-123.09936,Entire home/apt,6,1.5 baths,3,NA,3,FALSE,FALSE,74,4.78,0,1
30051172,2023-12-14,Kensington-Cedar Cottage,49.24002,-123.07362,Entire home/apt,8,1 bath,4,$218.00,3,TRUE,FALSE,119,4.92,169,1
30069730,2023-12-14,Downtown,49.27815,-123.10628,Entire home/apt,2,1 bath,1,$150.00,2,TRUE,FALSE,147,4.9,45,1
30112138,2023-12-13,Kensington-Cedar Cottage,49.25334,-123.08245,Entire home/apt,2,1 bath,1,$100.00,3,TRUE,FALSE,73,4.79,164,1
30130446,2023-12-14,Mount Pleasant,49.27105,-123.10296,Entire home/apt,2,1 bath,1,NA,30,FALSE,FALSE,2,4,0,2
30133503,2023-12-13,Hastings-Sunrise,49.26576,-123.05503,Entire home/apt,2,1 bath,1,$75.00,1,FALSE,FALSE,108,4.61,154,1
30147059,2023-12-14,Kerrisdale,49.22245,-123.1458,Private room,2,1 shared bath,1,NA,5,FALSE,FALSE,3,4.33,0,4
30180834,2023-12-14,Dunbar Southlands,49.25084,-123.18862,Private room,2,1 private bath,1,$91.00,1,TRUE,FALSE,28,4.96,56,1
30204180,2023-12-14,Renfrew-Collingwood,49.23414,-123.04269,Entire home/apt,12,3 baths,6,$406.00,4,TRUE,FALSE,119,4.9,137,1
30206363,2023-12-14,West Point Grey,49.26077,-123.1995,Entire home/apt,4,2.5 baths,2,NA,3,FALSE,FALSE,5,5,0,1
30207221,2023-12-14,Downtown Eastside,49.28123,-123.08986,Entire home/apt,4,1.5 baths,2,NA,2,FALSE,FALSE,24,4.92,0,1
30213093,2023-12-14,West End,49.28718,-123.13794,Private room,2,1 shared bath,1,$50.00,1,FALSE,FALSE,27,4.89,0,1
30229887,2023-12-14,West End,49.28307,-123.12555,Entire home/apt,2,1 bath,1,$118.00,30,FALSE,FALSE,3,3.67,199,42
30238086,2023-12-14,Kensington-Cedar Cottage,49.25258,-123.07974,Entire home/apt,3,1 bath,2,$130.00,10,TRUE,FALSE,40,5,6,1
30270074,2023-12-14,Grandview-Woodland,49.26601,-123.06202,Entire home/apt,2,1 bath,1,$175.00,31,FALSE,FALSE,2,5,177,1
30318796,2023-12-14,Downtown,49.27524,-123.1295,Entire home/apt,2,1 bath,1,$104.00,30,TRUE,FALSE,12,5,340,1
30322369,2023-12-13,Kitsilano,49.26574,-123.16033,Entire home/apt,2,1 bath,1,$159.00,5,TRUE,FALSE,113,4.96,230,1
30329954,2023-12-14,Sunset,49.22564,-123.08796,Entire home/apt,5,1.5 baths,1,NA,30,FALSE,FALSE,0,NA,0,1
30345097,2023-12-13,Downtown,49.27547,-123.12861,Entire home/apt,3,1 bath,3,$176.00,2,TRUE,FALSE,177,4.86,191,1
30346694,2023-12-13,Grandview-Woodland,49.27099,-123.05703,Entire home/apt,2,1 bath,1,$175.00,1,TRUE,FALSE,101,4.83,160,1
30346862,2023-12-14,Downtown,49.27539,-123.13316,Entire home/apt,5,2 baths,3,$314.00,3,TRUE,FALSE,150,4.85,316,4
30352025,2023-12-14,Fairview,49.26724,-123.14109,Entire home/apt,6,3 baths,3,NA,3,FALSE,FALSE,0,NA,0,1
30355890,2023-12-14,Grandview-Woodland,49.28154,-123.06002,Entire home/apt,4,2 baths,2,NA,2,FALSE,FALSE,19,4.84,0,1
30371290,2023-12-14,Sunset,49.23119,-123.09892,Entire home/apt,10,5 baths,5,$335.00,2,FALSE,FALSE,7,4.86,25,2
30373419,2023-12-14,Sunset,49.23157,-123.09974,Entire home/apt,14,6 baths,7,$594.00,3,FALSE,FALSE,38,4.84,93,2
30431283,2023-12-14,Kitsilano,49.26806,-123.1644,Entire home/apt,6,2 baths,4,$228.00,30,TRUE,FALSE,8,4.88,235,2
30447982,2023-12-14,Grandview-Woodland,49.27273,-123.07279,Entire home/apt,6,1.5 baths,2,NA,3,FALSE,FALSE,12,4.75,0,2
30464949,2023-12-14,Kitsilano,49.27214,-123.16703,Entire home/apt,4,2 baths,2,NA,30,FALSE,FALSE,0,NA,0,1
30487322,2023-12-14,Fairview,49.26671,-123.14494,Entire home/apt,6,1 bath,2,$232.00,3,FALSE,TRUE,6,4.17,0,1
30502873,2023-12-14,Killarney,49.22767,-123.03541,Entire home/apt,12,4 baths,5,$384.00,3,TRUE,FALSE,123,4.91,153,1
30557868,2023-12-14,Renfrew-Collingwood,49.23858,-123.02487,Entire home/apt,4,1 bath,2,NA,4,FALSE,FALSE,40,4.93,0,1
30559784,2023-12-14,Fairview,49.26181,-123.14399,Entire home/apt,2,1 bath,1,NA,3,FALSE,FALSE,18,4.33,0,1
30584324,2023-12-14,Fairview,49.26002,-123.12768,Entire home/apt,4,2 baths,2,$142.00,30,FALSE,FALSE,11,4.45,0,30
30589887,2023-12-14,Downtown,49.28038,-123.12471,Entire home/apt,4,1 bath,3,NA,2,FALSE,TRUE,82,4.52,0,1
30592428,2023-12-14,Downtown,49.27701,-123.124,Entire home/apt,2,1 bath,1,NA,30,FALSE,FALSE,0,NA,0,1
30692099,2023-12-25,Downtown,49.2789,-123.10792,Entire home/apt,5,2 baths,3,"$1,026.00",2,TRUE,FALSE,32,4.73,0,2
30743154,2023-12-14,Downtown,49.27652,-123.12496,Entire home/apt,2,1 bath,1,$194.00,60,FALSE,TRUE,0,NA,124,5
30743342,2023-12-14,Downtown,49.27532,-123.12493,Entire home/apt,2,1 bath,1,$199.00,30,FALSE,FALSE,0,NA,363,1
30768655,2023-12-13,Fairview,49.25974,-123.12675,Entire home/apt,2,1 bath,1,$100.00,30,FALSE,FALSE,11,4.73,244,30
30801826,2023-12-14,Mount Pleasant,49.26137,-123.08884,Private room,2,1 bath,1,$42.00,31,FALSE,FALSE,0,NA,0,1
30856530,2023-12-14,Mount Pleasant,49.26513,-123.10181,Entire home/apt,2,1 bath,1,$125.00,2,FALSE,FALSE,0,NA,0,3
30885025,2023-12-14,Dunbar Southlands,49.25095,-123.18333,Entire home/apt,4,1 bath,2,$267.00,1,FALSE,FALSE,4,4.75,364,1
30892524,2023-12-14,Downtown,49.28029,-123.12292,Entire home/apt,3,1 bath,2,$165.00,30,TRUE,FALSE,11,5,233,12
30914254,2023-12-14,Downtown Eastside,49.28159,-123.10816,Entire home/apt,3,1 bath,1,$186.00,3,FALSE,FALSE,78,4.77,232,1
30965700,2023-12-14,Downtown,49.28108,-123.10876,Private room,1,1 shared bath,1,NA,3,FALSE,FALSE,3,4.67,0,1
30994676,2023-12-14,Kitsilano,49.25979,-123.16979,Private room,6,1 private bath,3,NA,1,FALSE,FALSE,60,4.6,0,1
31018794,2023-12-14,West End,49.28714,-123.12987,Entire home/apt,4,1 bath,2,$124.00,31,FALSE,FALSE,3,4.67,161,19
31039997,2023-12-13,Arbutus Ridge,49.24876,-123.16433,Private room,2,1 shared bath,2,$124.00,30,FALSE,TRUE,1,5,322,8
31101733,2023-12-14,Dunbar Southlands,49.24557,-123.19187,Entire home/apt,6,1 bath,2,$102.00,1,TRUE,TRUE,109,4.82,315,1
31122370,2023-12-13,Hastings-Sunrise,49.27744,-123.05046,Entire home/apt,2,1 bath,1,$65.00,30,TRUE,FALSE,12,5,94,1
31124621,2023-12-14,Hastings-Sunrise,49.27685,-123.03291,Entire home/apt,2,1 bath,1,$79.00,1,TRUE,FALSE,105,4.87,0,1
31128900,2023-12-14,Downtown,49.27867039102113,-123.10906699766464,Entire home/apt,2,1 bath,1,NA,2,TRUE,TRUE,23,4.83,0,1
31147902,2023-12-14,West End,49.28192,-123.12952,Private room,1,4 baths,1,$58.00,30,FALSE,TRUE,19,4.37,30,6
31178487,2023-12-14,Grandview-Woodland,49.27017,-123.06409,Entire home/apt,7,1.5 baths,4,NA,4,FALSE,FALSE,0,NA,0,1
31221804,2023-12-14,Downtown,49.27622,-123.11734,Entire home/apt,4,1 bath,1,$108.00,180,FALSE,FALSE,1,4,365,13
31239574,2023-12-13,Arbutus Ridge,49.24909,-123.16779,Private room,2,1 shared bath,2,$117.00,30,FALSE,FALSE,0,NA,321,8
31240187,2023-12-13,Arbutus Ridge,49.24668,-123.16321,Private room,2,1 shared bath,2,$120.00,30,FALSE,FALSE,0,NA,322,8
31242596,2023-12-14,Arbutus Ridge,49.24731,-123.16555,Entire home/apt,9,2 baths,6,$239.00,30,FALSE,TRUE,58,4.71,323,8
31264316,2023-12-14,Riley Park,49.24679,-123.09755,Entire home/apt,6,2 baths,3,NA,5,FALSE,TRUE,5,5,0,1
31317039,2023-12-14,West End,49.2884,-123.12755,Entire home/apt,2,1 bath,1,$118.00,30,TRUE,FALSE,9,4.33,340,2
31317042,2023-12-14,Kensington-Cedar Cottage,49.26087,-123.05738,Entire home/apt,6,1 bath,3,NA,3,FALSE,FALSE,26,4.96,0,2
31339164,2023-12-14,Renfrew-Collingwood,49.24117,-123.02709,Private room,2,1 private bath,2,$100.00,30,TRUE,FALSE,43,4.88,17,2
31340160,2023-12-14,Kensington-Cedar Cottage,49.26054,-123.05792,Private room,2,1 shared bath,1,NA,1,FALSE,TRUE,70,4.96,0,2
31387750,2023-12-14,Kitsilano,49.27082,-123.18064,Entire home/apt,2,2.5 baths,3,NA,30,FALSE,FALSE,0,NA,0,1
31388423,2023-12-13,Mount Pleasant,49.26017,-123.09725,Entire home/apt,3,1 bath,2,$123.00,4,TRUE,TRUE,68,4.82,44,1
31419801,2023-12-13,Arbutus Ridge,49.24687,-123.16086,Private room,2,1 private bath,1,$67.00,2,TRUE,FALSE,183,4.81,140,2
31444609,2023-12-14,Downtown,49.27807,-123.12233,Entire home/apt,2,1 bath,1,$240.00,30,TRUE,FALSE,45,4.76,341,41
31444945,2023-12-14,Downtown,49.27807,-123.12233,Entire home/apt,2,1 bath,1,$290.00,1,TRUE,FALSE,188,4.63,354,41
31444953,2023-12-14,Downtown,49.27807235717773,-123.12232971191406,Entire home/apt,4,1 bath,2,$260.00,30,TRUE,FALSE,36,4.72,365,41
31445122,2023-12-14,Downtown,49.27807,-123.12233,Entire home/apt,4,1 bath,1,$313.00,1,TRUE,FALSE,76,4.63,356,41
31445146,2023-12-14,Downtown,49.27807235717773,-123.12232971191406,Entire home/apt,4,1 bath,2,$260.00,30,TRUE,FALSE,23,4.57,365,41
31489238,2023-12-14,Renfrew-Collingwood,49.24089,-123.05802,Entire home/apt,4,1 bath,2,$95.00,90,FALSE,FALSE,3,5,286,1
31494152,2023-12-14,Downtown Eastside,49.28267,-123.10929,Entire home/apt,4,2 baths,2,$287.00,2,TRUE,FALSE,62,4.98,0,1
31543440,2023-12-14,Downtown,49.27339,-123.12682,Entire home/apt,2,1 bath,1,$175.00,2,FALSE,FALSE,4,5,0,1
31558615,2023-12-14,Kensington-Cedar Cottage,49.23486,-123.06865,Entire home/apt,4,1 bath,2,$100.00,30,TRUE,FALSE,22,4.95,280,4
31570080,2023-12-14,West Point Grey,49.2677,-123.1865,Private room,2,1 shared bath,1,NA,2,FALSE,FALSE,5,4.8,0,1
31646868,2023-12-14,Mount Pleasant,49.26047,-123.1076,Entire home/apt,2,1 bath,1,NA,5,FALSE,FALSE,4,5,0,1
31667932,2023-12-13,Downtown,49.27301,-123.12007,Entire home/apt,5,1 bath,3,$210.00,30,FALSE,TRUE,0,NA,363,1
31669586,2023-12-14,Grandview-Woodland,49.28101,-123.05851,Entire home/apt,4,1 bath,2,NA,2,TRUE,FALSE,140,4.88,0,1
31758873,2023-12-13,Kitsilano,49.27286,-123.1511,Entire home/apt,4,1 bath,1,$293.00,30,TRUE,FALSE,122,4.81,245,3
31760440,2023-12-14,Downtown,49.28036,-123.12206,Entire home/apt,3,1 bath,1,$264.00,3,TRUE,FALSE,181,4.77,11,1
31799624,2023-12-14,West End,49.2901,-123.13296,Entire home/apt,2,1 bath,1,$125.00,30,TRUE,FALSE,11,4.55,236,37
31800789,2023-12-14,West End,49.29161,-123.13427,Entire home/apt,2,1 bath,1,$125.00,30,TRUE,FALSE,15,4.73,237,37
31806238,2023-12-14,West End,49.28614,-123.1268,Entire home/apt,4,2 baths,2,$259.00,1,TRUE,FALSE,44,4.93,110,1
31808407,2023-12-13,Downtown,49.27431,-123.12379,Entire home/apt,5,1 bath,3,$170.00,30,FALSE,FALSE,5,5,167,42
31854395,2023-12-14,Dunbar Southlands,49.23641,-123.19358,Entire home/apt,4,1 bath,2,$266.00,2,FALSE,FALSE,36,4.86,164,1
31898791,2023-12-14,Riley Park,49.25602,-123.11392,Entire home/apt,9,3.5 baths,6,NA,5,FALSE,FALSE,1,5,0,1
31909553,2023-12-14,Downtown,49.27772,-123.11118,Entire home/apt,2,1 bath,1,$106.00,3,TRUE,TRUE,68,4.82,54,1
31929412,2023-12-14,Downtown,49.28036,-123.10741,Entire home/apt,6,2 baths,5,$160.00,30,TRUE,FALSE,138,4.81,253,1
31934285,2023-12-14,Grandview-Woodland,49.28058,-123.07253,Entire home/apt,2,1 bath,1,$43.00,1,FALSE,FALSE,108,4.59,0,1
31941008,2023-12-13,Riley Park,49.25466,-123.09249,Entire home/apt,8,2 baths,6,$82.00,5,FALSE,TRUE,64,4.63,130,1
32013288,2023-12-14,Oakridge,49.22389,-123.13323,Entire home/apt,16,6 baths,10,"$1,359.00",2,TRUE,FALSE,91,4.91,354,9
32041648,2023-12-14,Mount Pleasant,49.25741,-123.07923,Entire home/apt,5,2.5 baths,3,NA,3,FALSE,FALSE,1,5,0,1
32043949,2023-12-13,Arbutus Ridge,49.24123,-123.15481,Private room,1,1 private bath,1,$62.00,3,TRUE,FALSE,153,4.87,61,2
32044207,2023-12-14,Downtown,49.27785,-123.12058,Entire home/apt,2,1 bath,1,$83.00,30,FALSE,FALSE,0,NA,0,2
32069175,2023-12-14,Downtown,49.27915,-123.10546,Entire home/apt,4,1 bath,2,$500.00,60,FALSE,FALSE,35,4.63,125,1
32073274,2023-12-14,West End,49.28147,-123.12635,Entire home/apt,6,2 baths,3,NA,30,TRUE,TRUE,102,4.94,0,1
32089495,2023-12-13,Grandview-Woodland,49.26755,-123.06032,Private room,2,2 shared baths,1,$100.00,1,TRUE,FALSE,45,4.64,168,3
32095549,2023-12-14,West End,49.27686,-123.13359,Entire home/apt,4,1 bath,2,NA,30,TRUE,FALSE,64,4.89,0,4
32108967,2023-12-14,Downtown,49.28004,-123.12225,Entire home/apt,4,1 bath,1,$150.00,2,FALSE,FALSE,41,4.59,0,1
32115125,2023-12-13,Riley Park,49.24897,-123.09944,Entire home/apt,2,1 bath,1,$81.00,1,TRUE,FALSE,139,4.86,310,3
32135798,2023-12-14,Downtown,49.27939,-123.1205,Private room,1,1 shared bath,1,$49.00,30,FALSE,FALSE,10,4.7,271,6
32160848,2023-12-14,Downtown,49.27603,-123.11703,Entire home/apt,2,1 bath,1,NA,1,FALSE,FALSE,0,NA,0,1
32162289,2023-12-13,Fairview,49.26523,-123.12232,Entire home/apt,6,1 bath,3,$202.00,3,TRUE,FALSE,148,4.85,129,1
32164701,2023-12-14,Riley Park,49.24392,-123.09669,Entire home/apt,4,1 bath,2,$113.00,30,TRUE,FALSE,15,5,325,1
32186644,2023-12-14,South Cambie,49.25161,-123.11842,Entire home/apt,2,1 bath,1,$125.00,2,TRUE,FALSE,174,4.98,1,1
32195144,2023-12-14,Downtown,49.27524,-123.13402,Entire home/apt,4,1 bath,2,$157.00,4,TRUE,FALSE,127,4.83,25,1
32239730,2023-12-13,Kitsilano,49.26634,-123.15949,Entire home/apt,3,1 bath,2,$100.00,30,TRUE,FALSE,24,4.88,68,1
32257227,2023-12-14,Downtown,49.27923,-123.12314,Entire home/apt,4,1 bath,2,$120.00,1,FALSE,FALSE,254,4.72,0,1
32312468,2023-12-13,Kensington-Cedar Cottage,49.23499,-123.08769,Private room,1,1.5 shared baths,1,$40.00,60,FALSE,FALSE,0,NA,286,1
32420319,2023-12-14,Dunbar Southlands,49.23933,-123.19086,Entire home/apt,2,1 bath,2,$185.00,5,TRUE,FALSE,52,4.88,63,1
32550553,2023-12-13,Fairview,49.26737,-123.14052,Entire home/apt,6,1 bath,3,$140.00,30,TRUE,FALSE,49,4.88,365,4
32571178,2023-12-14,Dunbar Southlands,49.25176,-123.17397,Private room,2,1 private bath,2,NA,1,FALSE,FALSE,24,4.92,0,1
32571675,2023-12-14,Downtown,49.27989,-123.12096,Entire home/apt,2,1 bath,1,$230.00,31,FALSE,FALSE,0,NA,20,38
32587632,2023-12-13,Hastings-Sunrise,49.28026,-123.02392999999999,Entire home/apt,2,1 bath,1,$68.00,20,FALSE,FALSE,46,4.65,35,1
32609766,2023-12-13,Hastings-Sunrise,49.29295,-123.04857,Entire home/apt,2,1 bath,2,$91.00,2,TRUE,FALSE,92,4.97,88,1
32611986,2023-12-14,Downtown Eastside,49.2809,-123.10524,Entire home/apt,4,1 bath,2,$105.00,30,FALSE,FALSE,58,4.66,275,2
32620540,2023-12-14,Grandview-Woodland,49.26845,-123.07265,Entire home/apt,3,1 bath,1,$175.00,3,FALSE,FALSE,19,4.53,0,1
32631477,2023-12-14,Riley Park,49.23514,-123.10575,Entire home/apt,6,1.5 baths,3,$169.00,7,TRUE,FALSE,133,4.96,0,1
32638572,2023-12-14,Downtown Eastside,49.28366,-123.10672,Entire home/apt,2,0 baths,2,$200.00,4,FALSE,FALSE,10,4.7,365,3
32640895,2023-12-13,Shaughnessy,49.23506,-123.14177,Private room,2,1 private bath,1,$128.00,1,TRUE,TRUE,18,5,135,3
32641690,2023-12-14,Kensington-Cedar Cottage,49.24284,-123.07443,Entire home/apt,6,1 bath,3,NA,1,FALSE,TRUE,44,4.82,0,1
32645619,2023-12-14,Kensington-Cedar Cottage,49.25177,-123.06269,Entire home/apt,6,1 bath,2,$250.00,5,FALSE,TRUE,7,5,0,1
32646786,2023-12-13,Kitsilano,49.27173,-123.16328,Entire home/apt,2,1 bath,1,$122.00,1,TRUE,FALSE,306,4.87,67,1
32697640,2023-12-14,Kensington-Cedar Cottage,49.23912,-123.06857,Entire home/apt,4,1.5 baths,3,NA,4,FALSE,TRUE,3,5,0,1
32715187,2023-12-14,West End,49.28963,-123.13398,Entire home/apt,2,1 bath,1,$110.00,30,TRUE,FALSE,18,4.61,237,37
32726611,2023-12-13,Strathcona,49.27056745805709,-123.10015622883488,Entire home/apt,3,1.5 baths,1,$201.00,2,FALSE,FALSE,26,4.62,348,1
32728464,2023-12-13,Kitsilano,49.2678,-123.15736,Entire home/apt,2,1 bath,1,$110.00,2,FALSE,FALSE,18,4.5,8,1
32750167,2023-12-13,Hastings-Sunrise,49.2834,-123.0552,Entire home/apt,6,2 baths,3,$213.00,2,TRUE,FALSE,97,4.92,131,1
32751875,2023-12-14,Downtown,49.27459,-123.12875,Private room,1,1 bath,1,$163.00,1,FALSE,FALSE,10,4.9,365,1
32791067,2023-12-14,Sunset,49.22297,-123.07906,Entire home/apt,3,1 bath,2,$155.00,31,FALSE,FALSE,12,5,278,3
32815298,2023-12-13,South Cambie,49.24842,-123.11655,Private room,2,1 shared bath,1,$58.00,30,TRUE,FALSE,9,5,40,1
32819750,2023-12-14,Downtown,49.27455,-123.13215,Entire home/apt,6,2 baths,3,$500.00,3,FALSE,FALSE,65,4.63,356,42
32872579,2023-12-14,Kitsilano,49.26797,-123.17143,Entire home/apt,4,2 baths,2,$452.00,2,FALSE,FALSE,87,4.92,236,1
32876783,2023-12-14,Downtown,49.28089,-123.11794,Entire home/apt,5,2 baths,2,$818.00,30,FALSE,FALSE,26,4.81,178,1
32890442,2023-12-14,West End,49.29044,-123.13468,Entire home/apt,2,1 bath,1,$125.00,30,TRUE,FALSE,8,4.88,265,37
32898892,2023-12-13,Riley Park,49.234901428222656,-123.1131591796875,Private room,1,1 private bath,1,$90.00,7,TRUE,FALSE,29,4.97,145,5
32902275,2023-12-14,Kitsilano,49.2689,-123.15981,Private room,2,1.5 baths,1,NA,2,FALSE,FALSE,58,4.95,0,1
32913732,2023-12-14,West End,49.29191,-123.13479,Entire home/apt,2,1 bath,1,$125.00,30,TRUE,FALSE,11,4.73,189,37
32914663,2023-12-13,Dunbar Southlands,49.24279,-123.17161,Private room,2,1 shared bath,1,$108.00,1,FALSE,TRUE,6,4.83,106,3
32941091,2023-12-14,West End,49.28525238703627,-123.12990025814835,Entire home/apt,2,1 bath,1,$152.00,30,FALSE,TRUE,1,5,0,1
32944486,2023-12-14,Kerrisdale,49.21505,-123.15128,Entire home/apt,2,1 bath,1,$110.00,2,FALSE,FALSE,80,4.65,161,1
32945266,2023-12-14,Marpole,49.21354,-123.13497,Entire home/apt,4,1 bath,2,NA,3,FALSE,TRUE,19,4.26,0,2
32947268,2023-12-14,Marpole,49.21163,-123.13445,Private room,3,1 private bath,2,NA,4,FALSE,TRUE,24,4.42,0,2
32962975,2023-12-13,Renfrew-Collingwood,49.24424,-123.05248,Private room,7,1 shared bath,3,$499.00,1,FALSE,FALSE,106,4.7,103,1
32982064,2023-12-14,Downtown,49.27967834472656,-123.10883331298828,Entire home/apt,6,2 baths,3,$227.00,1,TRUE,FALSE,174,4.95,3,1
32982427,2023-12-14,South Cambie,49.24745,-123.12041,Entire home/apt,4,1 bath,2,$119.00,30,FALSE,TRUE,81,4.63,177,1
32985306,2023-12-13,Arbutus Ridge,49.23956,-123.15643,Private room,1,1 private bath,1,$60.00,14,TRUE,FALSE,20,4.75,71,2
32990894,2023-12-14,Downtown,49.27979,-123.1187,Entire home/apt,4,1 bath,2,NA,4,FALSE,FALSE,3,3.67,0,1
33022369,2023-12-13,Riley Park,49.25533,-123.10414,Entire home/apt,4,1.5 baths,2,$249.00,1,TRUE,FALSE,177,4.95,91,2
33041847,2023-12-13,Grandview-Woodland,49.27402,-123.05813,Entire home/apt,3,1 bath,2,$101.00,2,TRUE,FALSE,193,4.89,40,2
33073432,2023-12-14,Victoria-Fraserview,49.21805,-123.06224,Entire home/apt,4,1 bath,2,$102.00,2,FALSE,FALSE,160,4.71,0,1
33087883,2023-12-14,Kitsilano,49.26849,-123.14749,Entire home/apt,6,2 baths,2,NA,2,FALSE,FALSE,7,4.57,0,1
33093120,2023-12-14,West End,49.27974,-123.13497,Entire home/apt,3,1 bath,2,NA,30,FALSE,FALSE,0,NA,0,1
33097298,2023-12-13,Marpole,49.21107,-123.13433,Private room,1,1 shared bath,1,$52.00,1,FALSE,FALSE,92,4.41,64,1
33097585,2023-12-14,Downtown Eastside,49.28112,-123.10733,Entire home/apt,6,2 baths,3,$143.00,28,TRUE,TRUE,29,4.93,326,1
33098749,2023-12-13,Arbutus Ridge,49.25644,-123.16395,Entire home/apt,2,1 bath,1,$115.00,4,TRUE,FALSE,143,4.97,153,1
33118246,2023-12-14,Downtown,49.27828,-123.1068,Entire home/apt,5,2 baths,2,$188.00,2,FALSE,FALSE,4,4.8,0,1
33119331,2023-12-13,Mount Pleasant,49.26433,-123.10152,Entire home/apt,2,1 bath,1,$145.00,30,FALSE,FALSE,0,NA,178,1
33162928,2023-12-13,West Point Grey,49.26811,-123.21718,Entire home/apt,2,1 bath,1,$214.00,60,FALSE,FALSE,20,5,90,1
33166483,2023-12-14,Downtown,49.27583,-123.13308,Entire home/apt,5,2 baths,3,$287.00,2,TRUE,FALSE,205,4.8,71,1
33195011,2023-12-14,Arbutus Ridge,49.25626,-123.16381,Entire home/apt,8,2 baths,5,$400.00,3,TRUE,FALSE,48,4.94,3,1
33230188,2023-12-13,Sunset,49.22962,-123.08003,Private room,2,2 shared baths,1,$65.00,6,FALSE,FALSE,81,4.9,45,2
33288404,2023-12-14,Downtown,49.27806854248047,-123.12374114990234,Entire home/apt,2,1 bath,2,NA,4,FALSE,FALSE,46,4.76,0,1
33299354,2023-12-14,Downtown Eastside,49.28102,-123.10638,Entire home/apt,2,1 bath,1,$104.00,2,TRUE,FALSE,232,4.8,168,1
33310791,2023-12-14,Downtown,49.28124,-123.12516,Entire home/apt,2,2 baths,2,$199.00,31,FALSE,FALSE,5,5,365,2
33340994,2023-12-14,Kensington-Cedar Cottage,49.25558,-123.08802,Private room,2,1 shared bath,1,NA,1,FALSE,FALSE,52,4.31,0,1
33350822,2023-12-14,West End,49.28603,-123.12466,Entire home/apt,2,1 bath,1,$319.00,30,FALSE,FALSE,2,5,179,1
33368809,2023-12-14,Kensington-Cedar Cottage,49.25206,-123.05795,Private room,2,1 shared bath,1,NA,2,FALSE,FALSE,2,5,0,1
33378813,2023-12-14,Marpole,49.20999,-123.14678,Entire home/apt,13,4 baths,7,$230.00,2,FALSE,TRUE,25,4.88,0,1
33399273,2023-12-14,Kerrisdale,49.23189,-123.14962,Entire home/apt,4,1 bath,2,$84.00,1,FALSE,FALSE,279,4.55,0,1
33433323,2023-12-14,West End,49.28234479109557,-123.1270263803526,Entire home/apt,2,1 bath,1,$160.00,4,TRUE,FALSE,60,4.97,0,1
33450073,2023-12-14,Downtown,49.27621,-123.11033,Entire home/apt,10,1 bath,1,$800.00,1,FALSE,FALSE,0,NA,0,1
33450536,2023-12-14,Killarney,49.22917,-123.02698,Entire home/apt,6,1 bath,3,$131.00,10,TRUE,FALSE,47,4.72,344,2
33451717,2023-12-13,Hastings-Sunrise,49.28123,-123.04761,Entire home/apt,4,1 bath,2,$300.00,4,TRUE,FALSE,30,4.93,101,1
33531235,2023-12-13,Downtown Eastside,49.27821,-123.07952,Entire home/apt,2,1 bath,1,$66.00,2,TRUE,TRUE,263,4.77,34,1
33544332,2023-12-14,Dunbar Southlands,49.22509,-123.18899,Entire home/apt,3,1 bath,3,NA,5,FALSE,TRUE,3,5,0,1
33551463,2023-12-13,Sunset,49.22962,-123.0798,Private room,2,2 shared baths,1,$65.00,6,FALSE,FALSE,67,4.82,106,2
33555765,2023-12-14,Downtown,49.27603,-123.13021,Entire home/apt,2,1 bath,1,$110.00,30,TRUE,FALSE,15,5,365,4
33556644,2023-12-14,Kitsilano,49.26413,-123.17343,Entire home/apt,4,1 bath,2,$175.00,7,FALSE,FALSE,24,4.79,1,1
33594153,2023-12-14,Arbutus Ridge,49.25625,-123.16338,Private room,2,1 private bath,1,NA,100,FALSE,FALSE,0,NA,0,1
33610721,2023-12-14,West End,49.28935,-123.13468,Entire home/apt,2,1 bath,1,$125.00,30,TRUE,FALSE,10,4.4,263,37
33610726,2023-12-14,West End,49.29056,-123.13529,Entire home/apt,3,1 bath,1,$125.00,30,TRUE,FALSE,15,4.8,77,37
33611850,2023-12-14,Kitsilano,49.2661,-123.1594,Entire home/apt,4,3.5 baths,3,$357.00,365,FALSE,FALSE,11,4.55,88,2
33637719,2023-12-14,Kensington-Cedar Cottage,49.24872,-123.08863,Entire home/apt,6,2 baths,3,NA,3,FALSE,FALSE,3,5,0,1
33644437,2023-12-14,Downtown,49.27811,-123.11948,Entire home/apt,1,1 bath,1,$119.00,60,FALSE,FALSE,3,5,34,1
33645396,2023-12-14,Downtown,49.28821,-123.1268,Entire home/apt,3,1 bath,2,$220.00,30,FALSE,FALSE,0,NA,275,1
33645791,2023-12-14,Downtown Eastside,49.28197,-123.10824,Entire home/apt,2,1 bath,1,$150.00,90,FALSE,TRUE,1,5,192,1
33657678,2023-12-14,Kitsilano,49.26599,-123.15889,Entire home/apt,4,3.5 baths,3,NA,4,FALSE,FALSE,7,5,0,2
33661603,2023-12-14,Hastings-Sunrise,49.26391,-123.03543,Private room,1,1 shared bath,1,$45.00,1,FALSE,FALSE,102,4.71,226,1
33667096,2023-12-14,Mount Pleasant,49.25765,-123.08032,Entire home/apt,4,2 baths,2,$179.00,5,TRUE,FALSE,30,4.87,24,2
33667206,2023-12-14,Dunbar Southlands,49.2564582824707,-123.18111419677734,Entire home/apt,7,2 baths,4,$614.00,4,FALSE,TRUE,12,5,162,1
33669383,2023-12-13,Riley Park,49.24869,-123.1142,Entire home/apt,2,1 bath,1,$141.00,30,TRUE,FALSE,24,4.96,214,2
33687129,2023-12-14,Mount Pleasant,49.25987,-123.10713,Entire home/apt,6,1 bath,3,$204.00,28,TRUE,TRUE,58,4.93,172,1
33740118,2023-12-14,Kensington-Cedar Cottage,49.24971,-123.06113,Entire home/apt,2,1 bath,1,$77.00,1,TRUE,FALSE,160,4.85,0,1
33781323,2023-12-14,Downtown,49.27939,-123.12067,Entire home/apt,2,1 bath,1,$200.00,30,TRUE,FALSE,39,4.87,40,1
33786053,2023-12-14,Riley Park,49.23677,-123.09062,Private room,3,1 shared bath,2,NA,1,FALSE,TRUE,9,4.22,0,2
33803742,2023-12-13,Fairview,49.26402,-123.1196,Entire home/apt,3,1 bath,1,$220.00,5,FALSE,FALSE,17,4.94,30,1
33807345,2023-12-13,Mount Pleasant,49.25861,-123.08109,Private room,2,2 shared baths,1,$100.00,1,TRUE,FALSE,18,4.89,9,2
33832238,2023-12-14,Downtown,49.274452,-123.127953,Entire home/apt,6,2 baths,3,$249.00,2,FALSE,FALSE,185,4.77,26,1
33837243,2023-12-14,Hastings-Sunrise,49.27716,-123.03378,Entire home/apt,7,2 baths,4,NA,1,FALSE,FALSE,47,4.89,0,1
33879865,2023-12-14,Hastings-Sunrise,49.28285,-123.03092,Entire home/apt,4,1 bath,2,$94.00,1,TRUE,FALSE,201,4.8,0,1
33885009,2023-12-14,Renfrew-Collingwood,49.23677,-123.05548,Entire home/apt,4,1 bath,2,$92.00,1,FALSE,FALSE,157,4.68,164,1
33885031,2023-12-13,Grandview-Woodland,49.26358,-123.06453,Private room,2,1 private bath,1,$70.00,2,TRUE,FALSE,193,4.92,19,1
33885157,2023-12-13,Dunbar Southlands,49.2519,-123.183,Private room,2,1.5 baths,1,$129.00,1,FALSE,FALSE,130,4.88,10,3
33907947,2023-12-14,West End,49.28442,-123.12381,Entire home/apt,5,1 bath,3,$365.00,5,FALSE,FALSE,6,5,172,30
33945029,2023-12-14,Grandview-Woodland,49.27043,-123.05802,Entire home/apt,5,1 bath,4,NA,3,TRUE,FALSE,115,4.92,0,1
33952895,2023-12-13,Kitsilano,49.2601,-123.14659,Entire home/apt,4,1 bath,2,$99.00,1,FALSE,TRUE,238,4.6,16,2
33974848,2023-12-13,Dunbar Southlands,49.25355,-123.18299,Private room,2,1.5 baths,1,$119.00,1,FALSE,FALSE,94,4.93,90,3
33997048,2023-12-14,Kerrisdale,49.22908,-123.17645,Entire home/apt,8,5.5 baths,4,"$2,121.00",10,TRUE,FALSE,2,5,160,2
34017979,2023-12-14,Downtown,49.27634,-123.11305,Entire home/apt,4,2 baths,2,$152.00,30,TRUE,FALSE,17,4.94,0,2
34019239,2023-12-13,Kensington-Cedar Cottage,49.25414,-123.07883,Entire home/apt,6,1 bath,3,$127.00,1,TRUE,FALSE,191,4.87,169,3
34045168,2023-12-13,Mount Pleasant,49.26743,-123.10084,Entire home/apt,4,1 bath,1,$220.00,2,FALSE,FALSE,23,4.96,173,1
34068050,2023-12-13,West Point Grey,49.26626,-123.20078,Entire home/apt,2,1 bath,1,$103.00,2,TRUE,TRUE,159,4.95,17,1
34068839,2023-12-14,Mount Pleasant,49.25989,-123.09254,Entire home/apt,2,1 bath,1,$189.00,3,TRUE,FALSE,55,4.96,0,1
34083989,2023-12-14,Grandview-Woodland,49.28856,-123.05991,Entire home/apt,3,1 bath,1,$82.00,3,TRUE,FALSE,128,4.98,0,1
34091763,2023-12-13,Killarney,49.22895,-123.04251,Private room,1,1 shared bath,1,$59.00,2,TRUE,TRUE,81,4.75,167,2
34109372,2023-12-13,Kensington-Cedar Cottage,49.24149,-123.08796,Private room,1,1 private bath,1,$52.00,30,FALSE,FALSE,9,3.89,359,2
34126347,2023-12-14,Dunbar Southlands,49.22984,-123.18895,Entire home/apt,2,1 bath,1,$83.00,1,TRUE,FALSE,327,4.87,154,1
34127668,2023-12-13,Sunset,49.2276,-123.08981,Entire home/apt,2,1 bath,1,$120.00,2,TRUE,FALSE,125,4.98,178,1
34153395,2023-12-14,Kitsilano,49.26821,-123.18413,Entire home/apt,3,2 baths,2,NA,5,FALSE,TRUE,12,4.83,0,1
34176785,2023-12-14,Downtown Eastside,49.2781,-123.09955,Entire home/apt,2,1 bath,1,$124.00,3,TRUE,FALSE,83,4.96,5,1
34179989,2023-12-14,West End,49.28473,-123.12414,Entire home/apt,4,2.5 baths,2,$325.00,30,FALSE,FALSE,2,5,179,2
34180296,2023-12-14,West End,49.29043,-123.13367,Private room,2,1 shared bath,1,NA,30,FALSE,TRUE,3,5,0,1
34203078,2023-12-14,Downtown,49.28618,-123.12312,Entire home/apt,4,1 bath,3,$153.00,2,TRUE,FALSE,344,4.76,58,1
34209584,2023-12-14,Renfrew-Collingwood,49.25821,-123.04656,Entire home/apt,4,1 bath,2,$60.00,1,FALSE,FALSE,233,4.65,81,1
34235015,2023-12-14,Riley Park,49.24049,-123.09713,Entire home/apt,2,1 bath,1,$103.00,2,FALSE,FALSE,38,4.92,43,1
34258439,2023-12-14,Riley Park,49.24388,-123.09462,Entire home/apt,5,1 bath,4,$129.00,3,TRUE,FALSE,210,4.89,137,1
34262368,2023-12-13,Oakridge,49.22392,-123.11885,Private room,2,2 shared baths,1,$29.00,30,TRUE,FALSE,17,4.53,37,4
34278849,2023-12-14,Renfrew-Collingwood,49.23842,-123.03808,Entire home/apt,6,2 baths,3,$170.00,2,TRUE,FALSE,102,4.96,117,1
34285936,2023-12-14,Downtown,49.27468,-123.13269,Private room,2,1 private bath,1,$160.00,3,TRUE,FALSE,95,4.97,11,1
34312548,2023-12-14,Hastings-Sunrise,49.26318,-123.0336,Entire home/apt,4,1 bath,1,$60.00,1,FALSE,FALSE,148,4.62,79,1
34314864,2023-12-13,Grandview-Woodland,49.26665,-123.06027,Private room,1,2 shared baths,1,$100.00,1,TRUE,FALSE,28,4.57,168,3
34315293,2023-12-13,Grandview-Woodland,49.2667,-123.06024,Entire home/apt,5,2 baths,3,$200.00,14,TRUE,FALSE,13,4.62,32,3
34339291,2023-12-14,Downtown,49.27882766723633,-123.10750579833984,Entire home/apt,4,2 baths,2,$270.00,3,TRUE,FALSE,65,4.89,7,1
34343991,2023-12-14,Downtown,49.27978,-123.10638,Entire home/apt,2,1 bath,1,$103.00,30,TRUE,FALSE,21,4.86,248,1
34400711,2023-12-14,Marpole,49.21328,-123.11393,Private room,2,2 shared baths,1,$75.00,1,FALSE,FALSE,15,4.93,0,1
34417665,2023-12-13,Dunbar Southlands,49.23737,-123.1949,Private room,4,1 private bath,2,$188.00,1,TRUE,FALSE,25,4.8,365,2
34422223,2023-12-14,Downtown,49.2794,-123.10765,Entire home/apt,4,2 baths,3,$298.00,180,TRUE,FALSE,123,4.96,159,2
34424045,2023-12-14,Downtown,49.28037,-123.10693,Entire home/apt,2,1 bath,1,NA,2,FALSE,FALSE,18,4.89,0,1
34429378,2023-12-13,Downtown Eastside,49.28134,-123.08342,Entire home/apt,4,1 bath,2,$116.00,2,TRUE,FALSE,236,4.88,150,1
34436113,2023-12-14,Arbutus Ridge,49.248,-123.1684,Entire home/apt,6,3.5 baths,5,NA,30,FALSE,FALSE,1,5,0,2
34446877,2023-12-14,Mount Pleasant,49.26227,-123.09122,Entire home/apt,4,1 bath,2,NA,3,FALSE,TRUE,6,4.83,0,2
34475317,2023-12-14,Dunbar Southlands,49.24267,-123.184,Entire home/apt,4,1 bath,3,NA,27,FALSE,FALSE,20,5,0,1
34478325,2023-12-14,Fairview,49.26672,-123.13075,Entire home/apt,2,1 bath,1,$183.00,1,TRUE,FALSE,245,4.89,0,1
34480865,2023-12-14,Downtown,49.27339,-123.10189,Private room,1,1 shared bath,1,NA,3,FALSE,FALSE,5,4.8,0,1
34486430,2023-12-14,Downtown,49.27931,-123.11425,Entire home/apt,5,1.5 baths,2,NA,260,FALSE,FALSE,21,4.95,0,1
34502547,2023-12-14,Downtown,49.27827,-123.12106,Entire home/apt,4,1 bath,2,$109.00,30,FALSE,TRUE,180,4.53,49,1
34511658,2023-12-14,West End,49.28905,-123.14016,Entire home/apt,3,1 bath,2,$269.00,3,FALSE,TRUE,1,4,0,1
34513875,2023-12-14,Sunset,49.22877,-123.10511,Entire home/apt,3,1 bath,2,NA,3,FALSE,FALSE,51,4.86,0,1
34516270,2023-12-14,Dunbar Southlands,49.25427,-123.17841,Entire home/apt,5,1 bath,3,NA,20,FALSE,FALSE,16,5,0,1
34516436,2023-12-13,Dunbar Southlands,49.23859,-123.19518,Private room,3,1 private bath,2,$108.00,1,TRUE,FALSE,32,4.84,365,2
34534702,2023-12-14,Downtown,49.2778,-123.12934,Entire home/apt,2,1 bath,1,$105.00,30,TRUE,FALSE,1,5,364,3
34537516,2023-12-14,Kitsilano,49.25999,-123.14747,Entire home/apt,6,1 bath,2,NA,1,FALSE,FALSE,24,4.75,0,2
34538696,2023-12-13,West Point Grey,49.2584,-123.21416,Entire home/apt,4,2 baths,2,$300.00,3,FALSE,FALSE,43,4.72,126,2
34541710,2023-12-14,Arbutus Ridge,49.24692,-123.16597,Entire home/apt,4,1 bath,2,$150.00,30,FALSE,FALSE,6,4.83,199,1
34567366,2023-12-13,Hastings-Sunrise,49.2668562,-123.0374151,Entire home/apt,2,1 bath,1,$128.00,2,FALSE,TRUE,9,5,75,1
34570194,2023-12-14,Shaughnessy,49.24134,-123.129,Entire home/apt,2,1 bath,1,$57.00,2,FALSE,FALSE,7,4.71,122,2
34574221,2023-12-13,Mount Pleasant,49.27149,-123.10447,Entire home/apt,4,2 baths,2,$250.00,30,FALSE,FALSE,7,4.86,364,1
34576151,2023-12-14,Riley Park,49.25462,-123.09514,Private room,1,1 shared bath,1,$80.00,3,FALSE,FALSE,49,4.56,0,2
34577064,2023-12-14,Victoria-Fraserview,49.22455596923828,-123.05528259277344,Entire home/apt,6,1.5 baths,3,NA,30,FALSE,FALSE,1,5,0,1
34578927,2023-12-14,Kitsilano,49.26461,-123.1564,Entire home/apt,2,1 bath,1,$106.00,1,TRUE,TRUE,336,4.96,0,1
34579108,2023-12-14,Riley Park,49.25358,-123.10384,Entire home/apt,2,1 bath,2,$107.00,2,TRUE,FALSE,61,4.87,0,1
34629428,2023-12-14,Killarney,49.22159,-123.04221,Entire home/apt,6,3.5 baths,3,$198.00,1,TRUE,FALSE,110,4.85,169,1
34647721,2023-12-14,Downtown Eastside,49.28277,-123.10719,Entire home/apt,3,1 bath,1,$250.00,90,FALSE,FALSE,7,5,92,4
34648642,2023-12-14,Shaughnessy,49.23903,-123.15143,Entire home/apt,6,2.5 baths,3,$441.00,3,TRUE,FALSE,41,4.9,0,1
34649996,2023-12-14,Marpole,49.21394,-123.11052,Entire home/apt,2,1 bath,1,$90.00,1,TRUE,FALSE,265,4.86,0,1
34655839,2023-12-13,Riley Park,49.24921,-123.10359,Private room,2,1 private bath,1,$100.00,2,TRUE,FALSE,47,5,109,1
34692199,2023-12-14,Hastings-Sunrise,49.27636,-123.03481,Entire home/apt,2,1 bath,1,NA,7,FALSE,FALSE,1,5,0,1
34711944,2023-12-14,Downtown,49.28131,-123.1206,Entire home/apt,3,1 bath,2,NA,1,FALSE,FALSE,0,NA,0,1
34717213,2023-12-14,Grandview-Woodland,49.28619,-123.06425,Entire home/apt,4,1 bath,2,NA,4,FALSE,FALSE,48,4.92,0,1
34720427,2023-12-13,Hastings-Sunrise,49.28138,-123.05458,Entire home/apt,2,1 bath,1,$92.00,2,FALSE,FALSE,114,4.33,70,1
34752083,2023-12-14,Downtown,49.2747,-123.12633,Entire home/apt,4,2 baths,1,$543.00,30,FALSE,FALSE,0,NA,0,1
34787711,2023-12-13,Mount Pleasant,49.26463,-123.09915,Entire home/apt,3,1 bath,1,$210.00,3,FALSE,FALSE,4,5,127,1
34793121,2023-12-14,Dunbar Southlands,49.24555,-123.18408,Private room,4,1 private bath,3,NA,1,FALSE,TRUE,0,NA,0,2
34793653,2023-12-14,Dunbar Southlands,49.24589,-123.18407,Private room,4,1 shared bath,2,NA,1,FALSE,TRUE,0,NA,0,2
34821889,2023-12-14,Downtown,49.27894523129002,-123.1085925034318,Entire home/apt,4,2 baths,2,$241.00,2,FALSE,TRUE,5,5,101,1
34839915,2023-12-14,Killarney,49.22847,-123.03216,Private room,3,1 private bath,2,NA,2,FALSE,FALSE,28,4.93,0,1
34843631,2023-12-14,Grandview-Woodland,49.2879,-123.05895,Entire home/apt,6,2.5 baths,4,NA,6,FALSE,FALSE,11,5,0,2
34847091,2023-12-14,Renfrew-Collingwood,49.24616,-123.04223,Entire home/apt,2,1 bath,1,$90.00,30,TRUE,FALSE,57,4.89,130,1
34874854,2023-12-13,Kitsilano,49.25839,-123.14987,Entire home/apt,4,2 baths,2,$166.00,30,TRUE,FALSE,19,5,197,1
34895728,2023-12-14,Downtown,49.28435,-123.11226,Entire home/apt,2,1 bath,1,$120.00,90,FALSE,FALSE,4,4.75,282,1
34898227,2023-12-14,Downtown Eastside,49.28079,-123.09973,Entire home/apt,4,1 bath,2,NA,28,FALSE,TRUE,5,4.4,0,1
34900603,2023-12-14,West End,49.28687,-123.13024,Entire home/apt,4,1 bath,2,NA,30,FALSE,FALSE,1,5,0,1
34903179,2023-12-14,West End,49.28839,-123.13291,Entire home/apt,6,2 baths,3,$500.00,2,TRUE,FALSE,40,4.95,145,2
34929386,2023-12-14,Kensington-Cedar Cottage,49.25499,-123.07327,Entire home/apt,6,1 bath,6,NA,7,FALSE,TRUE,11,4.91,0,1
34936006,2023-12-14,Fairview,49.26361,-123.12692,Private room,2,1 private bath,1,NA,3,FALSE,TRUE,16,5,0,1
34937868,2023-12-14,West End,49.27866,-123.13646,Entire home/apt,3,1 bath,2,$116.00,3,TRUE,FALSE,116,4.85,298,2
34941557,2023-12-13,Dunbar Southlands,49.25359,-123.18147,Entire home/apt,4,1.5 baths,3,$109.00,1,FALSE,TRUE,101,4.67,80,3
34949475,2023-12-14,Dunbar Southlands,49.24899,-123.1772,Entire home/apt,4,1 bath,2,NA,1,FALSE,FALSE,5,5,0,1
34987211,2023-12-13,Oakridge,49.22436,-123.11836,Private room,2,1 shared bath,1,$39.00,7,TRUE,FALSE,33,4.21,38,4
35011101,2023-12-14,Downtown,49.28861999511719,-123.1268310546875,Entire home/apt,3,1 bath,2,$230.00,7,FALSE,FALSE,4,5,30,1
35015397,2023-12-14,Kensington-Cedar Cottage,49.24579,-123.05891,Entire home/apt,2,1 bath,1,$96.00,1,FALSE,FALSE,79,4.7,13,2
35015685,2023-12-13,Oakridge,49.224326595010666,-123.11850902646968,Private room,2,2 shared baths,1,$25.00,7,TRUE,FALSE,20,4.25,23,4
35044405,2023-12-14,Riley Park,49.24088,-123.09891,Entire home/apt,4,1 bath,6,$125.00,30,TRUE,FALSE,15,5,58,1
35045926,2023-12-14,West End,49.29148,-123.13554,Entire home/apt,2,1 bath,1,$106.00,2,TRUE,TRUE,73,4.7,146,3
35062952,2023-12-14,Downtown,49.27612,-123.12167,Private room,1,1 private bath,1,NA,90,FALSE,TRUE,0,NA,0,1
35089036,2023-12-14,Downtown,49.28778,-123.12574,Entire home/apt,4,2 baths,2,$183.00,30,TRUE,FALSE,15,5,343,13
35090765,2023-12-14,West End,49.28807,-123.12777,Entire home/apt,4,2 baths,3,$170.00,30,TRUE,FALSE,48,4.92,4,2
35091087,2023-12-13,Riley Park,49.25295,-123.09351,Entire home/apt,4,1 bath,2,$110.00,3,TRUE,FALSE,76,4.91,266,1
35095227,2023-12-14,Mount Pleasant,49.26864,-123.1071,Entire home/apt,2,1 bath,1,NA,90,FALSE,FALSE,0,NA,0,2
35157060,2023-12-14,Downtown Eastside,49.28363,-123.10386,Entire home/apt,4,1 bath,2,NA,3,FALSE,FALSE,13,4.77,0,1
35164437,2023-12-13,Downtown,49.27667,-123.1168,Entire home/apt,2,1 bath,1,$132.00,90,TRUE,FALSE,25,4.92,364,1
35164633,2023-12-13,Renfrew-Collingwood,49.24676,-123.05111,Entire home/apt,2,1 bath,1,$94.00,2,TRUE,FALSE,152,4.85,79,1
35169166,2023-12-14,Downtown,49.27873,-123.12046,Private room,1,1 shared bath,1,NA,30,FALSE,FALSE,1,5,0,2
35189312,2023-12-14,Kitsilano,49.25996,-123.16221,Entire home/apt,4,1.5 baths,3,$218.00,3,TRUE,FALSE,71,4.79,320,1
35190461,2023-12-14,Downtown Eastside,49.27659,-123.08946,Entire home/apt,2,1 bath,1,$102.00,2,TRUE,FALSE,278,4.97,0,1
35191313,2023-12-14,Kensington-Cedar Cottage,49.26164,-123.07352,Entire home/apt,2,1 bath,1,$134.00,1,FALSE,TRUE,16,4.94,0,1
35194772,2023-12-14,West End,49.28796,-123.1349,Entire home/apt,2,1 bath,1,$50.00,2,FALSE,FALSE,15,4.8,0,1
35194928,2023-12-14,West End,49.28572,-123.12401,Entire home/apt,3,1 bath,2,$154.00,3,TRUE,FALSE,92,4.83,259,1
35198788,2023-12-13,Hastings-Sunrise,49.28492,-123.02658,Private room,2,1 private bath,1,$150.00,2,TRUE,FALSE,50,4.86,88,2
35200581,2023-12-13,Kitsilano,49.26273,-123.18552,Entire home/apt,4,1 bath,1,$188.00,30,TRUE,TRUE,12,4.83,225,3
35222593,2023-12-14,Dunbar Southlands,49.23665,-123.17934,Private room,2,1 shared bath,1,NA,1,FALSE,FALSE,2,5,0,1
35262401,2023-12-14,Downtown,49.27962,-123.12405,Entire home/apt,4,1 bath,2,$155.00,1,TRUE,TRUE,298,4.71,337,1
35265562,2023-12-13,Riley Park,49.25214,-123.09817,Entire home/apt,6,1 bath,3,$119.00,1,TRUE,FALSE,176,4.85,9,1
35284317,2023-12-14,Fairview,49.26922,-123.13969,Entire home/apt,4,2 baths,2,NA,4,FALSE,TRUE,23,4.87,0,1
35287417,2023-12-13,Riley Park,49.23631,-123.09558,Entire home/apt,2,1 bath,1,$61.00,2,FALSE,FALSE,106,4.7,136,1
35322644,2023-12-14,Kensington-Cedar Cottage,49.24642,-123.06576,Private room,1,Private half-bath,1,"$1,000.00",180,FALSE,FALSE,22,4.55,83,1
35346401,2023-12-14,Renfrew-Collingwood,49.24159,-123.03894,Private room,2,1 private bath,1,NA,20,FALSE,TRUE,40,4.63,0,2
35357365,2023-12-14,Downtown,49.27665,-123.13257,Entire home/apt,4,2.5 baths,3,$250.00,90,TRUE,FALSE,8,5,189,3
35382659,2023-12-14,Kensington-Cedar Cottage,49.23773,-123.08654,Entire home/apt,6,2 baths,4,NA,4,FALSE,FALSE,9,5,0,1
35419651,2023-12-13,Kitsilano,49.2673,-123.16752,Entire home/apt,6,1 bath,2,$134.00,30,TRUE,FALSE,103,4.9,323,1
35420313,2023-12-14,Mount Pleasant,49.26736,-123.10059,Entire home/apt,6,1 bath,3,NA,1,FALSE,FALSE,17,4.82,0,1
35459624,2023-12-14,Downtown,49.280029999999996,-123.10686,Entire home/apt,2,1 bath,1,$140.00,30,TRUE,FALSE,13,4.85,158,1
35460812,2023-12-14,West End,49.28569,-123.12691,Entire home/apt,4,2 baths,2,NA,30,FALSE,FALSE,0,NA,0,1
35462542,2023-12-14,Grandview-Woodland,49.28531,-123.06652,Private room,2,1 bath,1,NA,3,FALSE,FALSE,2,4,0,1
35466121,2023-12-14,Kitsilano,49.26876,-123.17423,Entire home/apt,6,2.5 baths,5,NA,1,TRUE,FALSE,44,4.8,0,1
35468724,2023-12-13,Downtown,49.27352,-123.12392,Entire home/apt,4,2 baths,2,$165.00,30,FALSE,FALSE,13,4.54,263,1
35470002,2023-12-13,Kensington-Cedar Cottage,49.23435,-123.06645,Private room,2,2 shared baths,1,$70.00,5,FALSE,FALSE,63,4.76,67,1
35493651,2023-12-13,Grandview-Woodland,49.28717,-123.06147,Entire home/apt,4,1 bath,2,$129.00,31,FALSE,FALSE,98,4.82,255,1
35494223,2023-12-14,Grandview-Woodland,49.27507,-123.06757,Entire home/apt,5,1.5 baths,3,$423.00,3,TRUE,FALSE,33,5,190,1
35496439,2023-12-13,Kitsilano,49.27174,-123.16352,Entire home/apt,2,1 bath,1,$168.00,3,TRUE,FALSE,166,4.88,90,1
35571642,2023-12-13,South Cambie,49.24855,-123.12028,Entire home/apt,4,1.5 baths,2,$129.00,30,FALSE,FALSE,66,4.8,128,1
35572828,2023-12-13,South Cambie,49.24903,-123.12034,Entire home/apt,4,1 bath,2,$111.00,30,FALSE,TRUE,56,4.77,116,4
35582089,2023-12-13,Renfrew-Collingwood,49.24776,-123.04677,Entire home/apt,3,1.5 baths,2,$108.00,30,TRUE,FALSE,20,4.9,55,1
35585184,2023-12-13,Downtown,49.27714,-123.11859,Entire home/apt,2,1 bath,1,$320.00,30,FALSE,TRUE,13,4.92,168,1
35611230,2023-12-14,West End,49.28635,-123.12469,Entire home/apt,2,1 bath,1,$319.00,30,FALSE,FALSE,1,5,179,1
35612871,2023-12-14,Downtown,49.27898,-123.12075,Entire home/apt,4,2 baths,3,$235.00,1,TRUE,FALSE,49,4.84,162,2
35614424,2023-12-14,West End,49.29008,-123.13387,Entire home/apt,2,1 bath,1,$125.00,30,TRUE,FALSE,8,5,204,37
35615014,2023-12-14,Marpole,49.20915,-123.14363,Entire home/apt,2,1 bath,1,$104.00,2,TRUE,FALSE,178,4.96,269,1
35618930,2023-12-14,Riley Park,49.25165,-123.11312,Entire home/apt,8,3 baths,4,$420.00,7,FALSE,FALSE,1,5,11,1
35619056,2023-12-13,Grandview-Woodland,49.27975,-123.06576,Entire home/apt,4,1 bath,3,$180.00,2,TRUE,FALSE,128,4.95,173,1
35649229,2023-12-14,Downtown,49.28052,-123.10686,Entire home/apt,4,1 bath,3,$320.00,2,FALSE,FALSE,29,4.69,3,1
35684791,2023-12-14,Mount Pleasant,49.26211,-123.09153,Private room,2,1 shared bath,1,NA,2,FALSE,TRUE,11,4.82,0,2
35711231,2023-12-14,Downtown,49.27972935962809,-123.1087722800066,Entire home/apt,5,1 bath,3,$129.00,1,FALSE,FALSE,118,4.45,87,1
35715700,2023-12-13,Renfrew-Collingwood,49.24298,-123.03949,Private room,2,1 shared bath,1,$45.00,30,FALSE,TRUE,19,4.37,31,2
35719746,2023-12-14,Grandview-Woodland,49.28347,-123.06099,Entire home/apt,4,1 bath,2,NA,3,FALSE,FALSE,13,4.38,0,1
35721408,2023-12-14,Downtown,49.27559,-123.13415,Entire home/apt,4,1 bath,2,$100.00,30,TRUE,FALSE,57,4.88,12,4
35722840,2023-12-14,Riley Park,49.24755,-123.0914,Entire home/apt,2,1 bath,1,$279.00,2,TRUE,TRUE,104,4.82,351,1
35740659,2023-12-14,Hastings-Sunrise,49.28616,-123.0526,Entire home/apt,2,1 bath,1,$102.00,1,FALSE,TRUE,301,4.71,0,1
35772733,2023-12-14,Riley Park,49.23307,-123.09746,Private room,1,1 shared bath,1,$42.00,95,TRUE,FALSE,1,5,17,4
35773260,2023-12-13,Riley Park,49.23331,-123.09835,Private room,1,1 shared bath,1,$42.00,80,TRUE,FALSE,6,5,119,1
35773343,2023-12-14,Downtown,49.28243,-123.12295,Entire home/apt,4,1 bath,2,$206.00,2,TRUE,FALSE,201,4.87,1,1
35773483,2023-12-14,Mount Pleasant,49.25809,-123.07783,Entire home/apt,4,2.5 baths,3,$589.00,3,FALSE,FALSE,3,5,87,1
35797934,2023-12-14,Kensington-Cedar Cottage,49.24104,-123.07267,Private room,2,1 shared bath,1,NA,4,FALSE,FALSE,21,5,0,2
35805334,2023-12-13,Mount Pleasant,49.26091,-123.09784,Entire home/apt,4,2 baths,2,$221.00,30,TRUE,FALSE,30,5,316,2
35806049,2023-12-14,Downtown,49.28835,-123.12433,Entire home/apt,3,1 bath,1,$120.00,30,FALSE,FALSE,3,5,89,11
35809364,2023-12-14,Downtown,49.27894,-123.11539,Entire home/apt,3,1 bath,1,NA,3,FALSE,FALSE,9,3.67,0,1
35809857,2023-12-14,Killarney,49.22246,-123.04124,Entire home/apt,2,1 bath,1,$73.00,2,FALSE,TRUE,196,4.55,40,1
35847027,2023-12-14,Mount Pleasant,49.26136,-123.0996,Entire home/apt,4,2 baths,2,NA,2,FALSE,FALSE,22,5,0,1
35865746,2023-12-13,Riley Park,49.23448181152344,-123.11304473876952,Private room,1,1 private bath,1,$75.00,30,TRUE,FALSE,21,4.9,46,5
35869904,2023-12-14,Downtown,49.28148,-123.12386,Entire home/apt,3,1 bath,1,$300.00,181,FALSE,FALSE,30,5,364,1
35873478,2023-12-13,Fairview,49.26112,-123.12836,Entire home/apt,2,1 bath,1,$100.00,30,FALSE,TRUE,2,4,365,30
35922487,2023-12-14,Sunset,49.22417,-123.07754,Entire home/apt,4,1 bath,3,$104.00,1,FALSE,FALSE,152,4.86,0,1
35939545,2023-12-14,West End,49.29165,-123.13464,Entire home/apt,2,1 bath,1,$110.00,30,TRUE,FALSE,16,4.88,177,37
35941324,2023-12-14,Downtown,49.27622,-123.11441,Private room,3,1 private bath,1,NA,1,FALSE,TRUE,3,3.33,0,2
35950527,2023-12-14,Fairview,49.25813,-123.12783,Entire home/apt,2,1 bath,1,NA,30,FALSE,FALSE,7,4.71,0,1
35969981,2023-12-14,West Point Grey,49.26647,-123.18603,Entire home/apt,6,1 bath,2,NA,2,FALSE,FALSE,0,NA,0,1
35974588,2023-12-14,Fairview,49.25904,-123.13314,Entire home/apt,2,1 bath,1,NA,3,FALSE,FALSE,31,4.84,0,1
35996582,2023-12-14,Hastings-Sunrise,49.28504,-123.02787,Entire home/apt,2,2 baths,3,NA,7,TRUE,FALSE,1,5,0,2
35997562,2023-12-14,Oakridge,49.22209,-123.1222,Entire home/apt,4,1 bath,3,$139.00,3,FALSE,FALSE,62,4.63,0,1
35998238,2023-12-13,Kensington-Cedar Cottage,49.23736,-123.07747,Private room,1,1.5 shared baths,1,$55.00,1,FALSE,FALSE,69,4.62,323,2
36001864,2023-12-14,Downtown,49.27673,-123.12961,Entire home/apt,3,1 bath,2,NA,30,FALSE,TRUE,59,4.78,0,1
36002071,2023-12-14,Downtown,49.27929,-123.11049,Entire home/apt,4,1 bath,2,$130.00,90,TRUE,TRUE,10,5,192,3
36003498,2023-12-14,Kensington-Cedar Cottage,49.23903,-123.08755,Entire home/apt,4,1 bath,2,$149.00,2,FALSE,FALSE,61,4.8,0,1
36005894,2023-12-14,Downtown,49.28098,-123.10952,Private room,2,1 private bath,1,NA,1,FALSE,FALSE,8,4.63,0,2
36006232,2023-12-14,Kerrisdale,49.22751,-123.16339,Entire home/apt,16,3.5 baths,10,$521.00,30,FALSE,FALSE,6,4.67,364,1
36007371,2023-12-14,Downtown,49.27894,-123.10821,Private room,1,1 private bath,1,NA,1,FALSE,FALSE,4,4.25,0,2
36008070,2023-12-14,Downtown,49.28036663929078,-123.107714231177,Entire home/apt,2,1 bath,1,$140.00,1,FALSE,FALSE,104,4.73,0,1
36035483,2023-12-14,Killarney,49.20777,-123.05639,Private room,1,2 shared baths,1,$40.00,1,FALSE,TRUE,2,4.5,0,6
36036194,2023-12-13,Kensington-Cedar Cottage,49.23791,-123.0788,Private room,2,1.5 baths,1,$74.00,1,FALSE,FALSE,67,4.37,352,2
36036802,2023-12-13,West Point Grey,49.2593,-123.21094,Entire home/apt,2,1 bath,1,$198.00,30,FALSE,FALSE,46,4.87,365,5
36043428,2023-12-14,Kensington-Cedar Cottage,49.23885,-123.07307,Private room,2,1 shared bath,1,NA,2,FALSE,FALSE,11,4.82,0,2
36046141,2023-12-14,Renfrew-Collingwood,49.24522,-123.02829,Entire home/apt,7,1 bath,5,NA,2,TRUE,FALSE,113,4.89,0,1
36065730,2023-12-14,Kensington-Cedar Cottage,49.25116,-123.06571,Entire home/apt,6,2 baths,7,$380.00,4,FALSE,FALSE,15,4.73,4,1
36066848,2023-12-14,Downtown,49.2817,-123.11815,Entire home/apt,6,2 baths,2,$217.00,90,FALSE,FALSE,0,NA,334,13
36069114,2023-12-13,Strathcona,49.26745,-123.09589,Entire home/apt,4,1 bath,2,$179.00,2,TRUE,FALSE,163,4.96,81,1
36078854,2023-12-14,Kitsilano,49.26966,-123.17164,Entire home/apt,4,2 baths,2,$165.00,30,FALSE,FALSE,0,NA,153,1
36104697,2023-12-14,Hastings-Sunrise,49.28524,-123.04664,Entire home/apt,2,1 bath,1,$82.00,2,FALSE,FALSE,0,NA,0,1
36108913,2023-12-14,Marpole,49.20599,-123.12547000000001,Private room,2,1 shared bath,1,NA,1,FALSE,FALSE,4,3.75,0,1
36112319,2023-12-14,Killarney,49.2075,-123.05633,Private room,1,2 shared baths,1,$40.00,1,FALSE,TRUE,1,5,0,6
36112328,2023-12-14,Killarney,49.20629,-123.05634,Private room,1,1 shared bath,1,$50.00,1,FALSE,TRUE,0,NA,0,6
36117076,2023-12-13,Downtown Eastside,49.28116,-123.08396,Entire home/apt,3,1 bath,2,$115.00,3,FALSE,FALSE,146,4.84,169,1
36119559,2023-12-13,Downtown,49.273426,-123.119911,Entire home/apt,2,1 bath,1,$140.00,90,TRUE,FALSE,13,5,133,1
36145968,2023-12-14,Downtown,49.27812,-123.12829,Entire home/apt,2,1 bath,1,NA,3,FALSE,TRUE,38,4.92,0,1
36182407,2023-12-14,West End,49.29174,-123.13352,Entire home/apt,2,1 bath,1,$125.00,30,TRUE,FALSE,8,4.63,245,37
36184209,2023-12-14,Kensington-Cedar Cottage,49.25091,-123.08788,Private room,1,1 shared bath,1,NA,1,FALSE,FALSE,11,5,0,2
36184870,2023-12-13,Grandview-Woodland,49.28131,-123.0622,Entire home/apt,4,1 bath,1,$80.00,2,TRUE,TRUE,98,4.78,316,1
36212090,2023-12-14,Renfrew-Collingwood,49.24829,-123.05124,Entire home/apt,2,1 bath,1,$89.00,1,FALSE,FALSE,15,4.8,0,3
36272893,2023-12-14,Kensington-Cedar Cottage,49.24582,-123.07564,Entire home/apt,4,2 baths,3,$200.00,5,FALSE,FALSE,1,5,18,1
36273414,2023-12-14,West End,49.28495,-123.13909,Entire home/apt,3,0 baths,2,NA,1,FALSE,FALSE,1,1,0,2
36278151,2023-12-14,Sunset,49.21694,-123.07877,Entire home/apt,5,2.5 baths,3,$250.00,30,FALSE,FALSE,0,NA,0,1
36299582,2023-12-13,Kitsilano,49.26327,-123.17857,Entire home/apt,2,1 bath,1,$139.00,2,TRUE,FALSE,52,4.87,187,1
36306517,2023-12-13,Kitsilano,49.27336,-123.15766,Entire home/apt,3,1 bath,2,$249.00,3,TRUE,FALSE,80,4.94,7,2
36313179,2023-12-14,Downtown,49.27795,-123.12797,Entire home/apt,6,2 baths,3,$206.00,30,TRUE,FALSE,81,4.81,204,2
36322781,2023-12-14,Renfrew-Collingwood,49.25094,-123.05199,Entire home/apt,2,1 bath,1,$79.00,2,TRUE,FALSE,259,4.91,0,1
36324641,2023-12-14,Mount Pleasant,49.26172,-123.10788,Entire home/apt,4,1 bath,2,$257.00,3,TRUE,TRUE,45,4.8,3,1
36348251,2023-12-14,Riley Park,49.25462,-123.09677,Entire home/apt,6,2.5 baths,4,NA,2,TRUE,FALSE,7,5,0,2
36360519,2023-12-13,West Point Grey,49.26102,-123.20051,Entire home/apt,4,1 bath,2,$133.00,3,FALSE,FALSE,64,4.77,176,1
36419226,2023-12-14,Mount Pleasant,49.25982,-123.10917,Entire home/apt,4,1 bath,2,NA,1,FALSE,FALSE,57,4.75,0,1
36478274,2023-12-13,Shaughnessy,49.23494,-123.14378,Private room,2,1 private bath,1,$128.00,1,TRUE,TRUE,22,4.82,143,3
36479496,2023-12-14,Grandview-Woodland,49.2769,-123.06862,Entire home/apt,2,1 bath,1,$164.00,6,FALSE,FALSE,8,4.75,0,1
36480754,2023-12-14,Kensington-Cedar Cottage,49.26214,-123.05763,Entire home/apt,5,1.5 baths,2,NA,3,FALSE,FALSE,3,4.67,0,2
36557638,2023-12-14,Downtown,49.27369,-123.13199,Entire home/apt,7,3 baths,4,$584.00,15,FALSE,FALSE,0,NA,89,30
36573477,2023-12-14,Mount Pleasant,49.26472,-123.10804,Entire home/apt,6,1 bath,2,$233.00,30,FALSE,FALSE,0,NA,347,1
36575124,2023-12-14,Downtown,49.27842,-123.12222,Private room,1,1 shared bath,1,$80.00,30,FALSE,FALSE,2,4.5,349,1
36603153,2023-12-14,West End,49.28532,-123.12951,Private room,2,1 shared bath,2,NA,30,FALSE,FALSE,2,5,0,1
36605300,2023-12-13,West Point Grey,49.26345,-123.20982,Entire home/apt,2,1 bath,1,$160.00,30,FALSE,FALSE,0,NA,81,1
36607644,2023-12-14,Mount Pleasant,49.26206,-123.09696,Entire home/apt,3,1 bath,1,$177.00,4,TRUE,FALSE,30,4.87,109,1
36612741,2023-12-14,Mount Pleasant,49.25813,-123.08193,Entire home/apt,6,2.5 baths,4,$400.00,3,FALSE,TRUE,21,4.71,58,1
36615837,2023-12-14,Downtown,49.2789,-123.1181,Entire home/apt,2,1 bath,1,$95.00,30,FALSE,FALSE,12,4.92,67,42
36619118,2023-12-14,Downtown,49.27597,-123.12863,Entire home/apt,4,2 baths,2,$163.00,90,FALSE,FALSE,1,5,154,13
36621221,2023-12-14,Downtown,49.27304,-123.12713,Private room,2,1.5 baths,1,NA,3,FALSE,FALSE,35,4.8,0,2
36637404,2023-12-14,Riley Park,49.25091,-123.10472,Entire home/apt,8,2.5 baths,4,$429.00,3,FALSE,FALSE,11,4.73,2,1
36670366,2023-12-13,Arbutus Ridge,49.24835,-123.16907,Private room,2,1 private bath,1,$83.00,1,TRUE,FALSE,274,4.84,83,1
36672683,2023-12-13,Kitsilano,49.26441,-123.15387,Entire home/apt,2,1 bath,2,$159.00,30,FALSE,TRUE,28,4.82,102,1
36696946,2023-12-14,Victoria-Fraserview,49.21878,-123.06693,Entire home/apt,6,1 bath,3,NA,1,FALSE,FALSE,16,4.75,0,1
36712065,2023-12-14,Downtown,49.28102,-123.10921,Entire home/apt,4,2 baths,2,$135.00,30,FALSE,FALSE,106,4.69,38,1
36715252,2023-12-13,Mount Pleasant,49.27072,-123.1041,Entire home/apt,2,1 bath,1,$123.00,30,TRUE,FALSE,8,4.88,88,1
36730149,2023-12-14,Hastings-Sunrise,49.29277,-123.04673,Entire home/apt,7,2 baths,4,NA,3,FALSE,FALSE,9,4.56,0,1
36771786,2023-12-14,Downtown,49.2798,-123.10663,Entire home/apt,4,2 baths,2,$237.00,1,TRUE,FALSE,185,4.88,0,1
36774024,2023-12-14,Downtown,49.27334,-123.12827,Private room,2,1.5 baths,1,NA,1,FALSE,FALSE,20,4.75,0,2
36838292,2023-12-14,Dunbar Southlands,49.24258,-123.17975,Entire home/apt,8,4.5 baths,4,NA,3,FALSE,TRUE,0,NA,0,1
36839202,2023-12-14,Arbutus Ridge,49.25413,-123.1711,Private room,2,1 bath,1,$120.00,2,TRUE,FALSE,95,4.78,130,1
36841352,2023-12-14,Downtown,49.2751,-123.11775,Entire home/apt,4,1.5 baths,NA,$212.00,30,FALSE,FALSE,8,4.63,0,1
36884302,2023-12-13,Mount Pleasant,49.26547,-123.10135,Entire home/apt,2,1 bath,1,$373.00,30,FALSE,FALSE,1,5,365,1
36943276,2023-12-14,Grandview-Woodland,49.27502,-123.05987,Entire home/apt,6,1 bath,4,$239.00,1,FALSE,FALSE,10,4.7,259,1
36944162,2023-12-13,Hastings-Sunrise,49.27886,-123.02712,Private room,1,1 shared bath,1,$52.00,2,TRUE,FALSE,76,4.88,28,2
36970625,2023-12-13,Hastings-Sunrise,49.28104,-123.05439,Entire home/apt,6,1 bath,3,$284.00,2,FALSE,FALSE,25,4.72,68,2
36988462,2023-12-14,Renfrew-Collingwood,49.25727,-123.03869,Entire home/apt,6,1 bath,3,$151.00,3,TRUE,FALSE,133,4.84,68,1
37001997,2023-12-14,Killarney,49.2079,-123.05642,Private room,4,1 shared bath,1,$40.00,1,FALSE,TRUE,7,4.43,0,6
37007062,2023-12-14,Riley Park,49.25123,-123.09421,Entire home/apt,3,1 bath,2,NA,1,FALSE,FALSE,35,4.74,0,1
37018018,2023-12-13,Marpole,49.21311,-123.11733,Entire home/apt,6,1 bath,4,$107.00,1,FALSE,FALSE,197,4.69,187,1
37026632,2023-12-14,West Point Grey,49.26312,-123.18705,Entire home/apt,6,1 bath,3,NA,1,FALSE,TRUE,4,4.75,0,1
37057203,2023-12-14,Downtown Eastside,49.28383,-123.10769,Entire home/apt,5,2 baths,2,$350.00,3,FALSE,FALSE,8,4.89,0,1
37063338,2023-12-14,Downtown,49.27766424362614,-123.10640193256204,Entire home/apt,3,1 bath,2,$146.00,2,TRUE,TRUE,74,4.86,38,1
37063539,2023-12-14,Kitsilano,49.27184,-123.17601,Entire home/apt,4,1 bath,3,$471.00,3,TRUE,FALSE,68,4.99,49,1
37082282,2023-12-14,Downtown,49.28938,-123.12651,Entire home/apt,3,1 bath,2,$182.00,30,FALSE,FALSE,8,4.38,89,11
37130562,2023-12-13,Kitsilano,49.26096,-123.14625,Entire home/apt,4,1 bath,2,$159.00,2,TRUE,TRUE,243,4.9,334,1
37130916,2023-12-14,Renfrew-Collingwood,49.25031,-123.04926,Entire home/apt,2,1 bath,2,$52.00,2,FALSE,FALSE,55,4.38,0,1
37148795,2023-12-14,Grandview-Woodland,49.26914,-123.07579,Entire home/apt,2,1 bath,2,$150.00,28,FALSE,FALSE,3,5,15,1
37150050,2023-12-13,Kensington-Cedar Cottage,49.24288,-123.07547,Entire home/apt,2,1 bath,1,$84.00,1,FALSE,FALSE,144,4.49,90,1
37163037,2023-12-14,Downtown,49.27952,-123.11905,Entire home/apt,2,1 bath,1,$135.00,30,TRUE,FALSE,22,4.95,133,1
37168261,2023-12-14,Kitsilano,49.26613,-123.17551,Entire home/apt,4,1 bath,2,$249.00,30,FALSE,TRUE,22,4.68,0,1
37174733,2023-12-14,Downtown Eastside,49.27946,-123.09852,Entire home/apt,2,1 bath,1,$221.00,30,FALSE,FALSE,1,2,332,2
37176044,2023-12-13,Kensington-Cedar Cottage,49.26102,-123.07556,Private room,1,1 shared bath,1,$35.00,30,FALSE,FALSE,16,4.94,70,4
37181228,2023-12-14,Downtown,49.27886,-123.12598,Entire home/apt,2,1 bath,1,"$3,250.00",180,FALSE,FALSE,0,NA,0,1
37209961,2023-12-13,Kitsilano,49.26676,-123.14633,Entire home/apt,3,2 baths,2,$300.00,30,FALSE,FALSE,2,5,304,1
37215967,2023-12-14,Grandview-Woodland,49.26301,-123.0724,Entire home/apt,4,1 bath,2,NA,2,FALSE,FALSE,25,4.8,0,1
37221210,2023-12-14,Kensington-Cedar Cottage,49.2605,-123.05911,Private room,2,1 shared bath,1,NA,1,FALSE,FALSE,5,5,0,2
37261304,2023-12-14,Downtown,49.27592,-123.11253,Entire home/apt,2,1 bath,1,$115.00,30,FALSE,FALSE,3,5,165,42
37284911,2023-12-14,Downtown,49.27444,-123.1279,Entire home/apt,2,1 bath,1,$300.00,3,TRUE,FALSE,81,4.9,207,1
37298201,2023-12-13,West Point Grey,49.26247,-123.21423,Private room,1,1 private bath,1,$149.00,30,FALSE,FALSE,4,4.75,179,5
37321660,2023-12-14,Riley Park,49.23523,-123.11211,Entire home/apt,4,1 bath,3,$81.00,1,FALSE,FALSE,393,4.8,0,1
37330480,2023-12-14,Dunbar Southlands,49.25183,-123.19204,Entire home/apt,2,1 bath,1,$95.00,2,TRUE,FALSE,141,4.87,0,1
37331659,2023-12-14,Downtown,49.278992,-123.107346,Entire home/apt,4,1 bath,2,$166.00,2,TRUE,FALSE,94,4.82,354,21
37337028,2023-12-14,South Cambie,49.25537,-123.11721,Entire home/apt,4,1 bath,2,NA,2,FALSE,TRUE,1,5,0,1
37338063,2023-12-13,Mount Pleasant,49.27233,-123.10062,Entire home/apt,4,2 baths,2,$400.00,30,FALSE,FALSE,0,NA,225,4
37366064,2023-12-14,Grandview-Woodland,49.28604,-123.05791,Entire home/apt,2,1 bath,1,NA,2,FALSE,FALSE,6,4.83,0,1
37370692,2023-12-13,Marpole,49.21428,-123.11293,Private room,2,1 shared bath,1,$50.00,30,TRUE,FALSE,11,5,141,4
37403955,2023-12-14,Downtown,49.27921,-123.12201,Entire home/apt,5,1 bath,3,$131.00,2,FALSE,TRUE,113,4.74,344,1
37492577,2023-12-14,Hastings-Sunrise,49.2717,-123.04658,Entire home/apt,2,1 bath,1,$85.00,2,FALSE,FALSE,31,4.58,0,1
37493589,2023-12-13,Kitsilano,49.26212,-123.18366,Entire home/apt,4,1 bath,2,$275.00,3,TRUE,FALSE,45,4.98,68,1
37526079,2023-12-14,Kensington-Cedar Cottage,49.25869,-123.06761,Entire home/apt,2,1 bath,1,$119.00,2,TRUE,FALSE,160,4.98,0,1
37552007,2023-12-14,Dunbar Southlands,49.25766,-123.19156,Private room,2,1 shared bath,1,$152.00,30,FALSE,FALSE,2,3,18,2
37560448,2023-12-14,Downtown,49.28942,-123.12335,Entire home/apt,3,1 bath,2,$142.00,30,FALSE,FALSE,2,4,89,11
37568282,2023-12-13,Kitsilano,49.2616,-123.14622,Entire home/apt,6,1 bath,3,$150.00,30,FALSE,FALSE,1,5,316,5
37572516,2023-12-14,Mount Pleasant,49.26032,-123.07985,Entire home/apt,6,1 bath,4,$140.00,30,TRUE,FALSE,54,4.87,227,3
37591826,2023-12-14,Marpole,49.21261,-123.11532,Private room,1,2 baths,1,NA,30,FALSE,TRUE,0,NA,0,1
37592253,2023-12-13,Downtown Eastside,49.27805,-123.0853,Entire home/apt,3,1 bath,2,$189.00,3,TRUE,FALSE,108,4.95,330,1
37631161,2023-12-14,Renfrew-Collingwood,49.24825,-123.04955,Private room,2,1 private bath,1,$139.00,1,FALSE,FALSE,2,5,0,3
37636926,2023-12-14,West Point Grey,49.26412,-123.20605,Private room,2,1 shared bath,2,NA,1,FALSE,TRUE,3,5,0,1
37657963,2023-12-14,Renfrew-Collingwood,49.24881,-123.04931,Private room,2,1 private bath,1,$159.00,1,FALSE,FALSE,2,5,0,3
37662511,2023-12-14,Downtown,49.27751,-123.11728,Private room,1,1 private bath,1,$75.00,45,TRUE,FALSE,2,5,362,3
37664644,2023-12-14,Downtown,49.2796,-123.12757,Entire home/apt,6,2 baths,2,NA,1,FALSE,FALSE,67,4.67,0,1
37683730,2023-12-14,Mount Pleasant,49.26218,-123.09699,Entire home/apt,6,2 baths,4,$970.00,5,TRUE,FALSE,14,4.93,358,1
37687267,2023-12-14,Marpole,49.21915,-123.12811,Private room,2,1 shared bath,1,$275.00,30,FALSE,FALSE,0,NA,0,1
37715782,2023-12-14,Killarney,49.20621,-123.05634,Private room,2,2 shared baths,2,$45.00,1,FALSE,TRUE,1,5,0,6
37742144,2023-12-14,Victoria-Fraserview,49.22252,-123.05907,Entire home/apt,3,1 bath,3,NA,2,FALSE,FALSE,2,4.5,0,1
37745127,2023-12-13,West Point Grey,49.26076,-123.21421,Private room,1,1 shared bath,1,$129.00,30,FALSE,FALSE,4,5,180,5
37746138,2023-12-14,Mount Pleasant,49.26443,-123.08758,Entire home/apt,2,1 bath,1,$55.00,150,FALSE,FALSE,0,NA,172,1
37758409,2023-12-13,Mount Pleasant,49.27109,-123.10345,Entire home/apt,4,2 baths,2,$296.00,3,TRUE,FALSE,80,4.96,103,1
37770091,2023-12-13,Riley Park,49.25455,-123.09371,Entire home/apt,3,1 bath,2,$125.00,28,TRUE,FALSE,49,4.67,133,1
37780311,2023-12-14,Downtown Eastside,49.28171,-123.10433,Entire home/apt,4,2 baths,3,NA,3,FALSE,FALSE,4,5,0,1
37802612,2023-12-14,Shaughnessy,49.23537,-123.13749,Entire home/apt,1,1 bath,1,$71.00,30,FALSE,FALSE,129,4.52,333,1
37803333,2023-12-14,Downtown Eastside,49.27968,-123.10015,Entire home/apt,4,2 baths,2,$167.00,3,FALSE,FALSE,83,4.83,165,16
37807603,2023-12-14,Kensington-Cedar Cottage,49.25264,-123.07762,Entire home/apt,6,1 bath,3,NA,3,FALSE,TRUE,32,4.88,0,1
37811839,2023-12-14,Downtown Eastside,49.28132,-123.10828,Entire home/apt,2,1 bath,1,$144.00,3,TRUE,FALSE,143,4.94,9,1
37832713,2023-12-14,Downtown,49.27297,-123.12664,Entire home/apt,3,1 bath,2,$152.00,31,TRUE,FALSE,3,5,285,1
37834598,2023-12-14,Downtown Eastside,49.28349,-123.10255,Entire home/apt,2,1 bath,1,NA,30,TRUE,FALSE,3,3.67,0,1
37843551,2023-12-13,Hastings-Sunrise,49.2809,-123.04899,Entire home/apt,8,3 baths,5,$549.00,2,TRUE,FALSE,69,4.81,101,1
37857888,2023-12-14,Grandview-Woodland,49.27849,-123.0719,Entire home/apt,4,1.5 baths,2,NA,4,FALSE,FALSE,0,NA,0,1
37881123,2023-12-13,South Cambie,49.24817,-123.12094,Entire home/apt,4,1 bath,2,$129.00,30,FALSE,FALSE,49,4.69,180,4
37881980,2023-12-14,Downtown,49.27517,-123.11776,Private room,1,1 shared bath,1,$104.00,3,FALSE,FALSE,6,4,0,1
37884820,2023-12-13,Riley Park,49.24696,-123.10397,Entire home/apt,3,1 bath,2,$99.00,2,FALSE,FALSE,45,5,95,1
37887956,2023-12-14,Downtown,49.27907,-123.10951,Entire home/apt,6,2 baths,3,NA,2,TRUE,FALSE,103,4.96,0,1
37890516,2023-12-13,Mount Pleasant,49.26424,-123.0995,Entire home/apt,4,2 baths,2,$186.00,1,FALSE,TRUE,13,5,26,1
37903923,2023-12-14,Victoria-Fraserview,49.22594,-123.05937,Entire home/apt,4,1 bath,2,$117.00,2,FALSE,FALSE,62,4.58,179,2
37904804,2023-12-14,Riley Park,49.23534,-123.10049,Entire home/apt,6,1 bath,3,$294.00,3,TRUE,FALSE,74,4.93,333,1
37962482,2023-12-14,Sunset,49.21958,-123.09177,Private room,3,1 private bath,3,NA,2,FALSE,TRUE,0,NA,0,1
38045142,2023-12-14,West End,49.28442,-123.13365,Entire home/apt,3,1 bath,2,NA,2,FALSE,TRUE,30,4.6,0,1
38061672,2023-12-13,Renfrew-Collingwood,49.25402,-123.04108,Entire home/apt,2,1 bath,1,$64.00,1,FALSE,TRUE,230,4.64,122,1
38067381,2023-12-14,Downtown,49.27427,-123.12573,Entire home/apt,2,1 bath,1,$170.00,30,TRUE,FALSE,3,5,183,2
38078881,2023-12-14,Downtown,49.27857,-123.10558,Entire home/apt,5,2 baths,3,$227.00,2,TRUE,TRUE,244,4.92,5,1
38131507,2023-12-14,Kensington-Cedar Cottage,49.25319,-123.08629,Entire home/apt,4,1 bath,2,$150.00,30,TRUE,FALSE,63,4.94,43,1
38132171,2023-12-14,West End,49.29053,-123.13676,Private room,1,1 shared bath,1,NA,2,FALSE,FALSE,6,4.83,0,1
38160401,2023-12-14,West End,49.28322,-123.13008,Entire home/apt,2,1 bath,1,$105.00,30,TRUE,FALSE,266,4.77,179,1
38160464,2023-12-14,Downtown,49.27452,-123.12347,Entire home/apt,3,1 bath,1,NA,2,FALSE,TRUE,2,3.5,0,1
38191572,2023-12-14,Hastings-Sunrise,49.28141,-123.04643,Private room,2,2 shared baths,1,$98.00,2,FALSE,FALSE,3,5,0,2
38194421,2023-12-14,Downtown,49.27812,-123.1284,Entire home/apt,2,1 bath,1,$120.00,31,TRUE,FALSE,26,5,117,1
38234381,2023-12-13,Kitsilano,49.27159,-123.16076,Private room,1,1 private bath,1,$75.00,30,TRUE,FALSE,16,5,129,1
38242671,2023-12-13,Renfrew-Collingwood,49.23529,-123.03426,Entire home/apt,4,1 bath,2,$109.00,1,TRUE,TRUE,109,4.9,214,1
38243178,2023-12-14,Oakridge,49.23119,-123.12707,Entire home/apt,2,1 bath,1,$83.00,1,TRUE,FALSE,303,4.77,0,1
38243837,2023-12-14,Downtown Eastside,49.28185332808186,-123.10830106720113,Entire home/apt,4,2 baths,2,$145.00,90,TRUE,FALSE,2,5,269,2
38248601,2023-12-14,Dunbar Southlands,49.25695,-123.19311,Entire home/apt,6,1 bath,3,NA,8,FALSE,TRUE,0,NA,0,1
38266089,2023-12-14,Hastings-Sunrise,49.27865,-123.02857,Entire home/apt,2,1 bath,1,NA,1,FALSE,FALSE,8,4.88,0,1
38295080,2023-12-14,Kensington-Cedar Cottage,49.25139,-123.07425,Entire home/apt,8,3 baths,4,NA,2,FALSE,TRUE,18,5,0,1
38300376,2023-12-14,Hastings-Sunrise,49.28141,-123.04643,Entire home/apt,4,2 baths,2,$99.00,3,FALSE,TRUE,6,4.83,0,2
38324966,2023-12-14,Fairview,49.2587,-123.13084,Entire home/apt,5,1.5 baths,3,$150.00,5,FALSE,TRUE,1,5,0,1
38330474,2023-12-14,Downtown,49.27979,-123.1068,Entire home/apt,2,1 bath,1,$136.00,3,TRUE,FALSE,143,4.6,42,1
38376044,2023-12-13,Kensington-Cedar Cottage,49.25103,-123.06134,Entire home/apt,3,1 bath,3,$180.00,30,TRUE,FALSE,49,4.9,58,1
38411887,2023-12-14,Shaughnessy,49.25609,-123.15126,Entire home/apt,2,1 bath,1,NA,2,FALSE,FALSE,36,4.69,0,1
38413580,2023-12-14,Kitsilano,49.27104,-123.16504,Entire home/apt,4,2.5 baths,2,NA,3,TRUE,FALSE,63,4.9,0,1
38488766,2023-12-14,Arbutus Ridge,49.23532,-123.16411,Entire home/apt,5,1 bath,3,$64.00,4,FALSE,FALSE,119,4.43,185,1
38493255,2023-12-14,Downtown,49.27394,-123.12686,Entire home/apt,2,1 bath,NA,NA,1,FALSE,TRUE,14,4.43,0,1
38517455,2023-12-14,Downtown,49.27717,-123.12575,Entire home/apt,6,2 baths,3,$290.00,30,FALSE,FALSE,1,5,179,1
38580124,2023-12-13,Downtown,49.27536,-123.10028,Private room,2,1 shared bath,1,$85.00,1,TRUE,FALSE,10,4.5,41,3
38599344,2023-12-14,Downtown,49.27748,-123.1282,Entire home/apt,2,2 baths,2,$182.00,7,FALSE,FALSE,15,4.67,80,1
38599663,2023-12-13,Kensington-Cedar Cottage,49.25226,-123.07141,Entire home/apt,4,1 bath,2,$95.00,2,TRUE,TRUE,176,4.81,37,2
38603948,2023-12-13,Riley Park,49.25301361083984,-123.10452270507812,Entire home/apt,2,1 bath,1,$128.00,1,FALSE,FALSE,3,5,202,1
38648560,2023-12-14,Grandview-Woodland,49.27197,-123.06618,Entire home/apt,2,1 bath,1,NA,2,FALSE,FALSE,2,5,0,1
38679230,2023-12-13,Downtown,49.27649,-123.12071,Entire home/apt,5,2.5 baths,2,$498.00,2,TRUE,FALSE,65,4.91,352,1
38762538,2023-12-14,Downtown,49.28049,-123.12481,Entire home/apt,3,1 bath,2,$159.00,30,TRUE,TRUE,11,5,174,4
38781640,2023-12-14,Downtown Eastside,49.28167,-123.08239,Entire home/apt,5,1 bath,2,NA,2,FALSE,FALSE,0,NA,0,1
38785483,2023-12-13,Marpole,49.21055,-123.13338,Private room,2,1.5 baths,2,$105.00,1,TRUE,FALSE,99,4.84,311,1
38817452,2023-12-14,Downtown,49.28854,-123.12238,Entire home/apt,4,2 baths,2,$300.00,30,FALSE,FALSE,4,5,286,1
38821207,2023-12-13,Downtown Eastside,49.28224,-123.08339,Entire home/apt,4,1 bath,2,$185.00,1,FALSE,FALSE,280,4.77,199,1
38847417,2023-12-14,Downtown,49.28027,-123.11644,Entire home/apt,2,1 bath,1,$127.00,30,TRUE,FALSE,15,5,301,1
38855495,2023-12-14,South Cambie,49.2552,-123.12238,Private room,2,1 private bath,3,NA,3,FALSE,FALSE,10,5,0,1
38871382,2023-12-13,Riley Park,49.24029,-123.09964,Private room,1,1 shared bath,1,$36.00,30,TRUE,FALSE,26,5,194,6
38872940,2023-12-14,Downtown,49.28029,-123.12281,Entire home/apt,2,1 bath,2,$170.00,1,FALSE,FALSE,205,4.58,18,2
38880792,2023-12-13,Grandview-Woodland,49.26615,-123.057,Entire home/apt,2,1 bath,1,$150.00,3,TRUE,TRUE,97,4.99,160,1
38885972,2023-12-14,West End,49.28981,-123.13863,Entire home/apt,3,1 bath,2,$140.00,1,TRUE,FALSE,199,4.8,20,1
38903582,2023-12-14,Downtown,49.27852,-123.12728,Entire home/apt,2,1 bath,1,NA,2,FALSE,TRUE,27,4.78,0,1
38912419,2023-12-14,Downtown,49.2755,-123.12554,Entire home/apt,2,1 bath,1,NA,30,FALSE,FALSE,0,NA,0,1
38925288,2023-12-14,Renfrew-Collingwood,49.2611,-123.03897,Entire home/apt,8,2 baths,4,$309.00,1,FALSE,FALSE,22,4.5,0,1
38952827,2023-12-14,Downtown,49.27589,-123.13115,Entire home/apt,4,1 bath,2,$175.00,30,TRUE,FALSE,9,5,193,1
38977330,2023-12-13,Renfrew-Collingwood,49.24011,-123.04379,Entire home/apt,2,1 bath,1,$75.00,2,TRUE,FALSE,235,4.95,109,1
38996375,2023-12-14,Sunset,49.21214,-123.08285,Private room,4,1 shared bath,1,$40.00,1,FALSE,FALSE,5,5,0,6
39038187,2023-12-14,Downtown,49.27866,-123.12038,Entire home/apt,4,1 bath,2,NA,30,FALSE,FALSE,1,5,0,2
39058032,2023-12-13,Kensington-Cedar Cottage,49.25874710083008,-123.06147003173828,Entire home/apt,2,1 bath,2,$150.00,2,TRUE,TRUE,67,4.85,338,1
39060190,2023-12-14,West End,49.28266,-123.14147,Entire home/apt,2,1 bath,1,$100.00,90,FALSE,FALSE,0,NA,150,1
39064873,2023-12-14,Downtown Eastside,49.28159,-123.10414,Entire home/apt,2,1 bath,1,$161.00,2,TRUE,TRUE,370,4.95,0,1
39079351,2023-12-14,Kensington-Cedar Cottage,49.24918,-123.08086,Entire home/apt,4,1 bath,2,NA,2,FALSE,FALSE,5,5,0,1
39084440,2023-12-14,Hastings-Sunrise,49.27511,-123.04992,Entire home/apt,6,1 bath,3,NA,60,FALSE,FALSE,0,NA,0,1
39101252,2023-12-14,West End,49.28562,-123.13893,Entire home/apt,3,1 bath,1,NA,30,FALSE,FALSE,3,3.33,0,1
39106874,2023-12-14,Hastings-Sunrise,49.28346,-123.04316,Entire home/apt,13,1 bath,13,NA,31,FALSE,TRUE,0,NA,0,1
39137336,2023-12-13,South Cambie,49.24661,-123.11837,Private room,2,1 shared bath,1,$42.00,30,TRUE,TRUE,2,5,102,4
39155745,2023-12-14,Sunset,49.21436,-123.0963,Entire home/apt,2,1 bath,1,$130.00,30,TRUE,FALSE,51,4.92,2,5
39156259,2023-12-14,Downtown,49.28177,-123.11722,Private room,2,1 shared bath,1,NA,2,FALSE,TRUE,1,5,0,1
39161774,2023-12-14,Downtown,49.27796,-123.10749,Entire home/apt,7,2 baths,3,$220.00,3,TRUE,FALSE,119,4.79,293,21
39172904,2023-12-14,Downtown Eastside,49.27722,-123.08003,Entire home/apt,4,1 bath,2,$175.00,3,FALSE,FALSE,32,5,0,2
39178893,2023-12-14,Downtown,49.27585,-123.11436,Entire home/apt,2,1 bath,2,NA,29,FALSE,FALSE,16,4.94,0,1
39179616,2023-12-13,Kitsilano,49.26871,-123.18393,Entire home/apt,2,1 bath,1,$175.00,11,TRUE,FALSE,31,4.94,122,1
39205913,2023-12-14,Killarney,49.22974,-123.03839,Entire home/apt,2,1 bath,1,NA,1,FALSE,FALSE,2,5,0,1
39228808,2023-12-13,Grandview-Woodland,49.27393057794724,-123.07363901915846,Entire home/apt,2,1 bath,2,$121.00,2,TRUE,FALSE,60,4.92,63,1
39250456,2023-12-13,Kensington-Cedar Cottage,49.24851,-123.07014,Entire home/apt,2,1 bath,1,$83.00,2,TRUE,FALSE,130,4.88,30,1
39258825,2023-12-14,West End,49.28866,-123.12936,Private room,2,1 private bath,1,$145.00,90,FALSE,FALSE,10,5,362,1
39269360,2023-12-13,Downtown Eastside,49.27976,-123.08836,Entire home/apt,4,2.5 baths,2,$189.00,7,FALSE,FALSE,7,5,68,3
39277660,2023-12-14,Downtown,49.27893,-123.10833,Entire home/apt,2,1 bath,1,$215.00,3,TRUE,TRUE,44,4.73,360,1
39302066,2023-12-14,Downtown,49.27847,-123.11733,Entire home/apt,6,2 baths,3,$359.00,90,FALSE,FALSE,0,NA,179,1
39321923,2023-12-13,Downtown,49.27417,-123.11659,Entire home/apt,4,1 bath,2,$119.00,30,TRUE,FALSE,30,4.7,126,4
39340389,2023-12-14,Downtown Eastside,49.28151,-123.10367,Entire home/apt,2,1 bath,1,$135.00,30,TRUE,FALSE,49,4.96,342,13
39390429,2023-12-13,Downtown,49.27495193481445,-123.11550903320312,Entire home/apt,2,1 bath,1,$145.00,30,TRUE,FALSE,15,5,290,3
39421282,2023-12-13,Kensington-Cedar Cottage,49.25009,-123.06371,Entire home/apt,2,1 bath,1,$73.00,2,FALSE,TRUE,99,4.7,126,1
39424317,2023-12-14,Downtown Eastside,49.27835,-123.07844,Entire home/apt,8,2 baths,4,$549.00,3,FALSE,FALSE,1,5,0,2
39442065,2023-12-13,Fairview,49.25847625732422,-123.12454223632812,Private room,2,1 shared bath,1,$110.00,1,FALSE,FALSE,47,4.7,308,1
39487783,2023-12-14,Renfrew-Collingwood,49.23366,-123.03118,Entire home/apt,5,1 bath,4,$48.00,360,FALSE,FALSE,13,4.62,0,1
39511588,2023-12-13,Kensington-Cedar Cottage,49.23407,-123.08319,Entire home/apt,3,1 bath,2,$96.00,1,TRUE,FALSE,176,4.78,351,1
39535545,2023-12-14,Mount Pleasant,49.26744,-123.09784,Entire home/apt,4,1 bath,2,$113.00,1,TRUE,FALSE,240,4.87,0,1
39536993,2023-12-14,Kensington-Cedar Cottage,49.25405,-123.0854,Entire home/apt,5,2 baths,3,$188.00,3,TRUE,FALSE,48,4.92,168,3
39553326,2023-12-14,Downtown,49.27795,-123.12939,Entire home/apt,2,1 bath,1,$95.00,90,TRUE,TRUE,21,5,98,2
39560367,2023-12-14,Downtown,49.27398,-123.11887,Entire home/apt,4,2 baths,2,$276.00,31,FALSE,FALSE,4,3.5,304,1
39578015,2023-12-14,Fairview,49.26696,-123.14075,Private room,2,1 shared bath,1,NA,15,FALSE,FALSE,2,5,0,1
39588544,2023-12-13,Riley Park,49.24027,-123.10175,Private room,1,1 shared bath,1,$34.00,30,TRUE,FALSE,20,4.9,130,6
39589085,2023-12-14,Riley Park,49.23838,-123.1017,Private room,1,1 shared bath,1,$40.00,30,TRUE,FALSE,12,5,102,6
39604650,2023-12-14,Downtown,49.27727,-123.12768,Entire home/apt,4,1 bath,2,$132.00,30,FALSE,FALSE,10,4.7,97,1
39613073,2023-12-14,Victoria-Fraserview,49.22158,-123.05063,Private room,4,1 private bath,2,$102.00,2,TRUE,FALSE,151,4.74,0,1
39703281,2023-12-14,Downtown,49.2783,-123.10743,Entire home/apt,8,2 baths,4,$539.00,3,TRUE,FALSE,42,4.77,0,1
39732733,2023-12-14,Downtown,49.27465,-123.11787,Private room,1,1 shared bath,1,NA,3,FALSE,FALSE,1,5,0,1
39750014,2023-12-14,Downtown,49.27816,-123.12889,Entire home/apt,4,1 bath,3,NA,1,FALSE,TRUE,8,4.38,0,1
39794802,2023-12-14,Kensington-Cedar Cottage,49.25791,-123.07458,Entire home/apt,6,1 bath,3,NA,2,FALSE,FALSE,14,4.93,0,1
39846941,2023-12-13,Hastings-Sunrise,49.26912,-123.03766,Private room,2,1 private bath,1,$80.00,30,TRUE,FALSE,10,5,252,8
39868164,2023-12-14,Marpole,49.21652,-123.13924,Entire home/apt,7,2.5 baths,3,$270.00,1,FALSE,FALSE,2,5,0,2
39869666,2023-12-14,Downtown,49.27649,-123.12942,Private room,2,1 private bath,1,$157.00,2,FALSE,FALSE,50,4.54,179,1
39872694,2023-12-14,Downtown,49.2789066,-123.1079972,Entire home/apt,5,2 baths,2,$369.00,2,TRUE,FALSE,25,4.88,62,1
39894314,2023-12-14,Hastings-Sunrise,49.28883,-123.04775,Entire home/apt,2,1 bath,1,NA,2,FALSE,FALSE,1,5,0,1
39918900,2023-12-14,Downtown,49.27905,-123.10784,Entire home/apt,5,2 baths,2,$240.00,3,FALSE,FALSE,15,4.87,0,1
39954476,2023-12-13,Hastings-Sunrise,49.26989,-123.03717,Private room,1,1 shared bath,1,$54.00,30,TRUE,FALSE,13,4.77,259,8
39966440,2023-12-14,Downtown,49.27578,-123.11512,Entire home/apt,5,2 baths,2,$204.00,90,FALSE,FALSE,0,NA,258,13
39973193,2023-12-14,Oakridge,49.22497,-123.13661,Entire home/apt,14,8 baths,7,"$1,199.00",2,TRUE,FALSE,35,4.94,254,1
39974740,2023-12-14,Fairview,49.26036,-123.13016,Entire home/apt,2,1 bath,1,NA,30,FALSE,FALSE,0,NA,0,1
39985555,2023-12-14,Downtown Eastside,49.28055,-123.08393,Entire home/apt,4,1 bath,2,NA,3,TRUE,FALSE,41,4.95,0,1
39991541,2023-12-14,West End,49.28204,-123.13652,Entire home/apt,2,1 bath,1,$127.00,4,TRUE,FALSE,89,4.96,8,1
39995253,2023-12-14,Downtown,49.27915,-123.12522,Entire home/apt,3,1 bath,2,$115.00,2,TRUE,FALSE,228,4.85,88,1
40008459,2023-12-14,West End,49.29094,-123.13579,Private room,1,1 shared bath,1,$65.00,2,FALSE,TRUE,4,5,0,3
40038637,2023-12-14,Marpole,49.2122,-123.11954,Entire home/apt,4,1 bath,4,NA,2,FALSE,FALSE,18,4.39,0,1
40041328,2023-12-13,Downtown,49.27555,-123.11554,Entire home/apt,2,1 bath,1,$129.00,30,FALSE,FALSE,2,5,206,1
40089922,2023-12-14,Mount Pleasant,49.26307,-123.08882,Entire home/apt,3,1 bath,1,NA,31,FALSE,FALSE,0,NA,0,1
40092564,2023-12-13,Downtown,49.27509,-123.10154,Entire home/apt,4,2 baths,2,$196.00,7,FALSE,FALSE,18,4.67,3,1
40101042,2023-12-14,Renfrew-Collingwood,49.25035,-123.02402,Entire home/apt,6,2.5 baths,3,$279.00,7,FALSE,FALSE,65,4.92,69,1
40121175,2023-12-14,Downtown,49.279,-123.10807,Entire home/apt,6,2 baths,4,$178.00,3,TRUE,FALSE,93,4.85,131,21
40121641,2023-12-13,Downtown,49.27592,-123.11488,Entire home/apt,3,1 bath,2,$125.00,30,FALSE,FALSE,34,4.82,175,2
40145842,2023-12-14,Downtown Eastside,49.27588,-123.09249,Entire home/apt,6,2 baths,3,$225.00,2,TRUE,TRUE,125,4.88,138,1
40156795,2023-12-14,Grandview-Woodland,49.2676,-123.06563,Entire home/apt,2,1 bath,1,NA,1,FALSE,FALSE,3,5,0,1
40160433,2023-12-13,Kitsilano,49.27301,-123.15554,Entire home/apt,2,1 bath,1,$213.00,3,TRUE,FALSE,66,4.97,26,2
40177739,2023-12-13,Grandview-Woodland,49.27888,-123.06297000000001,Entire home/apt,6,1 bath,3,$225.00,2,TRUE,FALSE,40,4.93,15,1
40180166,2023-12-14,Mount Pleasant,49.26174,-123.09838,Entire home/apt,2,1 bath,1,$135.00,30,FALSE,FALSE,1,5,29,1
40184621,2023-12-14,Victoria-Fraserview,49.2307,-123.05101,Entire home/apt,8,3 baths,4,$180.00,2,FALSE,FALSE,90,4.7,166,1
40206658,2023-12-14,West End,49.28405,-123.12374,Entire home/apt,3,1 bath,1,$150.00,30,TRUE,FALSE,4,5,196,1
40208334,2023-12-13,Mount Pleasant,49.26973,-123.10922,Entire home/apt,2,1 bath,1,$138.00,1,TRUE,FALSE,290,4.97,29,1
40211895,2023-12-14,West End,49.2864,-123.12716,Entire home/apt,4,2 baths,2,$230.00,1,FALSE,FALSE,63,4.83,0,1
40213890,2023-12-14,Riley Park,49.23764,-123.11235,Private room,3,1 private bath,2,$122.00,1,FALSE,TRUE,17,4.53,336,1
40222684,2023-12-14,Kitsilano,49.27273,-123.15974,Entire home/apt,3,2 baths,2,$289.00,1,FALSE,FALSE,33,4.91,234,4
40232273,2023-12-14,West End,49.29205,-123.13455,Entire home/apt,3,1 bath,2,$250.00,30,FALSE,FALSE,9,4.89,363,3
40234874,2023-12-14,Downtown,49.27994,-123.12083,Entire home/apt,3,1 bath,2,NA,30,FALSE,FALSE,7,5,0,1
40240131,2023-12-14,Downtown,49.27355,-123.12766,Entire home/apt,2,1 bath,1,$217.00,1,TRUE,FALSE,299,4.88,0,2
40242737,2023-12-13,Kensington-Cedar Cottage,49.25309,-123.08637,Private room,1,1 private bath,1,$69.00,3,TRUE,FALSE,7,5,10,3
40243051,2023-12-13,Kensington-Cedar Cottage,49.25507,-123.08444,Private room,1,1 shared bath,1,$75.00,3,TRUE,FALSE,22,5,10,3
40264643,2023-12-14,Grandview-Woodland,49.27831,-123.06739,Entire home/apt,3,1 bath,1,$93.00,2,FALSE,TRUE,2,4.5,0,1
40282563,2023-12-14,Downtown,49.27749,-123.11692,Private room,2,1 shared bath,NA,NA,30,FALSE,FALSE,0,NA,0,1
40297344,2023-12-14,Kitsilano,49.26781,-123.16987,Entire home/apt,2,1 bath,2,NA,2,FALSE,TRUE,2,3,0,1
40350126,2023-12-14,Downtown,49.27569,-123.12055,Entire home/apt,2,1.5 baths,1,$254.00,30,FALSE,FALSE,0,NA,194,5
40351995,2023-12-14,Downtown,49.27527,-123.12749,Entire home/apt,2,1 bath,1,NA,31,FALSE,FALSE,3,5,0,1
40399680,2023-12-14,Kitsilano,49.26676,-123.18104,Entire home/apt,3,1.5 baths,2,$299.00,3,FALSE,FALSE,32,4.91,246,1
40404758,2023-12-14,Downtown,49.28068,-123.12518,Entire home/apt,4,1 bath,2,$169.00,3,FALSE,TRUE,67,4.84,269,1
40434743,2023-12-13,Kensington-Cedar Cottage,49.25172,-123.08561,Private room,2,1 shared bath,1,$59.00,1,TRUE,FALSE,217,4.88,118,1
40448057,2023-12-13,Kitsilano,49.25803,-123.15108,Entire home/apt,4,2.5 baths,2,$400.00,14,FALSE,FALSE,5,5,154,1
40483667,2023-12-14,Downtown,49.28863,-123.12176,Entire home/apt,5,2 baths,2,NA,30,FALSE,TRUE,0,NA,0,1
40537372,2023-12-13,Downtown,49.27451,-123.1133,Entire home/apt,6,2 baths,2,$299.00,27,TRUE,FALSE,13,4.92,90,6
40545826,2023-12-13,Downtown,49.27526,-123.11615,Entire home/apt,3,1 bath,2,$100.00,30,TRUE,FALSE,21,5,279,1
40557835,2023-12-13,Hastings-Sunrise,49.27097,-123.04009,Private room,2,1 shared bath,1,$100.00,1,FALSE,FALSE,9,5,89,2
40558106,2023-12-14,Downtown,49.27797,-123.10778,Entire home/apt,4,1 bath,2,$950.00,1,TRUE,FALSE,83,4.86,179,1
40558597,2023-12-14,Downtown,49.27521,-123.1258,Entire home/apt,2,1 bath,2,$185.00,30,TRUE,TRUE,13,4.85,57,4
40565555,2023-12-13,Arbutus Ridge,49.24879,-123.16098,Private room,1,3 shared baths,1,$58.00,2,FALSE,FALSE,45,3.87,4,1
40569933,2023-12-14,Downtown,49.27437,-123.11532,Entire home/apt,2,1 bath,1,NA,7,FALSE,TRUE,1,5,0,1
40572056,2023-12-14,Grandview-Woodland,49.26235,-123.07185,Entire home/apt,12,3 baths,6,$193.00,365,FALSE,FALSE,0,NA,365,5
40574243,2023-12-14,Downtown,49.27495193481445,-123.11550903320312,Entire home/apt,2,1 bath,1,$108.00,30,TRUE,FALSE,27,4.96,365,2
40598139,2023-12-13,Kitsilano,49.26419,-123.1625,Entire home/apt,3,1 bath,2,$82.00,30,TRUE,FALSE,76,4.8,172,26
40621256,2023-12-14,Downtown,49.27885,-123.12295,Entire home/apt,4,1 bath,2,$239.00,30,TRUE,FALSE,6,5,89,6
40622234,2023-12-14,South Cambie,49.2541365,-123.1192295,Entire home/apt,6,2.5 baths,4,NA,5,FALSE,FALSE,1,5,0,1
40634680,2023-12-14,Oakridge,49.22689,-123.13148,Entire home/apt,6,1 bath,3,NA,3,FALSE,FALSE,0,NA,0,1
40635367,2023-12-13,Grandview-Woodland,49.27853,-123.07291,Private room,2,1 bath,1,$70.00,6,FALSE,TRUE,74,4.59,79,1
40686518,2023-12-14,Renfrew-Collingwood,49.24119,-123.05561,Private room,2,1 shared bath,1,NA,1,FALSE,FALSE,0,NA,0,1
40687542,2023-12-14,Killarney,49.20530034261537,-123.02860339635434,Entire home/apt,5,2 baths,3,$130.00,30,TRUE,FALSE,21,4.9,228,1
40711183,2023-12-14,Grandview-Woodland,49.26247,-123.07201,Entire home/apt,8,2 baths,3,$100.00,365,FALSE,FALSE,0,NA,365,5
40739652,2023-12-14,Downtown,49.279301,-123.107849,Entire home/apt,6,2 baths,3,$506.00,2,TRUE,TRUE,92,4.83,80,1
40753633,2023-12-14,Downtown,49.2787,-123.1082,Entire home/apt,7,2 baths,4,$488.00,3,TRUE,FALSE,105,4.98,48,1
40764823,2023-12-14,Downtown,49.28018,-123.12492,Entire home/apt,3,1 bath,1,$154.00,1,FALSE,TRUE,185,4.22,0,1
40782648,2023-12-14,Grandview-Woodland,49.26368,-123.06358,Entire home/apt,4,1 bath,4,NA,2,TRUE,FALSE,0,NA,0,1
40788177,2023-12-14,Grandview-Woodland,49.2661,-123.07142,Private room,1,1.5 baths,1,NA,30,FALSE,FALSE,0,NA,0,2
40807546,2023-12-14,Kensington-Cedar Cottage,49.25216,-123.06954,Entire home/apt,6,1 bath,3,NA,2,TRUE,TRUE,31,4.74,0,2
40823628,2023-12-14,Killarney,49.22242,-123.03963,Entire home/apt,2,1 bath,1,$76.00,2,FALSE,TRUE,96,4.51,17,3
40838933,2023-12-13,Downtown,49.27407,-123.11607,Entire home/apt,4,1 bath,2,$132.00,30,TRUE,FALSE,16,4.94,313,1
40846181,2023-12-14,Downtown,49.28037,-123.12376,Entire home/apt,3,1 bath,2,$142.00,2,TRUE,FALSE,195,4.89,213,1
40869582,2023-12-14,Kensington-Cedar Cottage,49.24824,-123.05738,Entire home/apt,2,1 bath,1,$400.00,30,TRUE,TRUE,1,2,365,2
40898747,2023-12-14,Mount Pleasant,49.25886,-123.10709,Entire home/apt,6,2.5 baths,5,NA,3,FALSE,FALSE,1,5,0,1
40904332,2023-12-13,Kitsilano,49.27087,-123.16124,Entire home/apt,2,1 bath,1,$93.00,30,TRUE,FALSE,13,4.92,125,3
40923455,2023-12-14,Hastings-Sunrise,49.26656,-123.04253,Entire home/apt,4,1 bath,2,NA,1,FALSE,TRUE,18,4.94,0,1
40948951,2023-12-14,Downtown,49.27812,-123.10539,Entire home/apt,3,1 bath,2,$116.00,2,FALSE,TRUE,194,4.78,248,1
40967803,2023-12-14,Kitsilano,49.27489,-123.15252,Entire home/apt,2,1 bath,1,NA,30,FALSE,FALSE,1,5,0,1
40968048,2023-12-14,Grandview-Woodland,49.26235,-123.07096,Entire home/apt,6,2 baths,3,$63.00,365,FALSE,FALSE,0,NA,166,5
40975203,2023-12-14,Kensington-Cedar Cottage,49.24979,-123.08577,Entire home/apt,4,1 bath,2,$120.00,3,FALSE,FALSE,10,5,7,1
40988960,2023-12-14,Downtown Eastside,49.28038,-123.10965,Entire home/apt,5,2 baths,3,$277.00,3,FALSE,FALSE,112,4.65,0,2
41012688,2023-12-13,Riley Park,49.23536,-123.11265,Private room,2,1 private bath,1,$94.00,1,FALSE,TRUE,80,4.79,325,2
41113261,2023-12-14,Downtown,49.27357,-123.12636,Private room,1,1 shared bath,1,NA,1,FALSE,FALSE,10,5,0,1
41115308,2023-12-14,Riley Park,49.24198,-123.10237,Private room,2,1 shared bath,1,$55.00,3,FALSE,FALSE,28,4.79,32,2
41129773,2023-12-14,Arbutus Ridge,49.25263,-123.16957,Entire home/apt,6,2 baths,4,NA,1,FALSE,TRUE,5,3,0,2
41146963,2023-12-13,Kitsilano,49.26973724365234,-123.18148040771484,Entire home/apt,4,1 bath,3,$167.00,3,TRUE,FALSE,116,4.97,24,1
41184884,2023-12-14,West End,49.28021,-123.13204,Entire home/apt,4,1 bath,3,NA,3,FALSE,FALSE,0,NA,0,1
41194048,2023-12-14,Downtown Eastside,49.28399,-123.10693,Entire home/apt,2,1 bath,1,$168.00,7,TRUE,FALSE,109,4.98,345,2
41207084,2023-12-14,Kerrisdale,49.23342,-123.16456,Entire home/apt,4,1 bath,2,$88.00,2,TRUE,FALSE,116,4.96,299,1
41219145,2023-12-14,Renfrew-Collingwood,49.24762,-123.03017,Entire home/apt,6,1 bath,3,NA,2,FALSE,TRUE,19,4.53,0,1
41220326,2023-12-14,Victoria-Fraserview,49.22061,-123.05217,Entire home/apt,4,1 bath,2,NA,1,FALSE,TRUE,6,5,0,2
41244337,2023-12-13,Fairview,49.26694,-123.13986,Entire home/apt,2,1 bath,2,$125.00,30,TRUE,FALSE,10,4.6,364,4
41245168,2023-12-14,Fairview,49.26847,-123.13823,Entire home/apt,2,1 bath,2,$130.00,30,TRUE,FALSE,5,5,365,4
41269818,2023-12-14,West End,49.2822,-123.12517,Entire home/apt,2,1 bath,1,$135.00,2,TRUE,FALSE,160,4.86,6,1
41293218,2023-12-14,Dunbar Southlands,49.2368,-123.18303,Entire home/apt,6,2 baths,3,$150.00,2,TRUE,FALSE,102,4.83,0,2
41302900,2023-12-14,Marpole,49.21479,-123.13701,Entire home/apt,11,4 baths,6,$241.00,1,TRUE,TRUE,99,4.86,0,1
41343663,2023-12-14,Downtown,49.27775,-123.10691,Entire home/apt,2,1 bath,1,$117.00,1,FALSE,FALSE,119,4.75,40,1
41353561,2023-12-13,Kitsilano,49.26659,-123.18418,Entire home/apt,9,3.5 baths,6,$900.00,7,TRUE,FALSE,0,NA,121,1
41357570,2023-12-14,Riley Park,49.24113,-123.10166,Entire home/apt,8,1 bath,3,$180.00,1,FALSE,FALSE,176,4.49,77,2
41404879,2023-12-13,Kensington-Cedar Cottage,49.26209,-123.07344,Entire home/apt,2,1 bath,1,$62.00,30,TRUE,FALSE,7,4.86,41,4
41411519,2023-12-13,Kensington-Cedar Cottage,49.23564,-123.08205,Entire home/apt,3,1 bath,2,$93.00,2,TRUE,TRUE,91,4.93,70,1
41453394,2023-12-13,Strathcona,49.27579,-123.09786,Entire home/apt,2,1 bath,1,$249.00,1,TRUE,FALSE,1,4,5,3
41476204,2023-12-14,Downtown,49.27396,-123.1236,Entire home/apt,1,1 bath,1,$200.00,30,FALSE,FALSE,0,NA,365,1
41489166,2023-12-14,Kitsilano,49.26165,-123.17595,Private room,1,2 shared baths,1,NA,30,FALSE,FALSE,0,NA,0,1
41510288,2023-12-14,Dunbar Southlands,49.24169,-123.1806,Private room,1,1 private bath,1,$128.00,1,FALSE,FALSE,0,NA,0,2
41511511,2023-12-14,Dunbar Southlands,49.24196,-123.18066,Private room,2,0 shared baths,NA,$138.00,1,FALSE,FALSE,0,NA,0,2
41530441,2023-12-14,Strathcona,49.26732,-123.09615,Entire home/apt,4,1 bath,2,$171.00,2,TRUE,TRUE,131,4.95,0,1
41538497,2023-12-14,Kensington-Cedar Cottage,49.24804,-123.08943,Entire home/apt,4,1 bath,2,$104.00,16,FALSE,FALSE,47,4.81,64,1
41560049,2023-12-14,West End,49.28668,-123.1248,Entire home/apt,2,1 bath,1,$106.00,1,FALSE,FALSE,196,4.61,91,1
41586791,2023-12-14,Riley Park,49.24338,-123.10025,Entire home/apt,2,1 bath,1,$123.00,5,TRUE,FALSE,46,4.98,163,1
41616532,2023-12-14,Kensington-Cedar Cottage,49.2461,-123.0699,Entire home/apt,12,2 baths,6,$510.00,3,FALSE,FALSE,14,4.86,274,1
41624861,2023-12-14,Grandview-Woodland,49.27119,-123.07092,Private room,2,1 shared bath,1,NA,1,FALSE,TRUE,2,5,0,2
41641778,2023-12-14,Fairview,49.262642198300895,-123.12736852448695,Entire home/apt,3,1 bath,1,$115.00,1,TRUE,FALSE,16,5,123,1
41643591,2023-12-14,Kensington-Cedar Cottage,49.25489,-123.08579,Entire home/apt,5,2 baths,4,$199.00,4,FALSE,FALSE,0,NA,0,1
41646355,2023-12-14,Renfrew-Collingwood,49.23472,-123.05742,Entire home/apt,10,3 baths,5,$429.00,3,FALSE,FALSE,28,4.82,168,1
41663354,2023-12-14,Riley Park,49.23671,-123.09906,Entire home/apt,4,1.5 baths,2,$140.00,30,FALSE,FALSE,6,5,358,1
41688366,2023-12-14,South Cambie,49.25152,-123.12495,Entire home/apt,2,1 bath,1,$99.00,30,FALSE,FALSE,1,5,0,1
41696939,2023-12-14,Mount Pleasant,49.26169,-123.11032,Entire home/apt,7,1 bath,3,$80.00,2,FALSE,FALSE,139,4.52,36,1
41710817,2023-12-14,Kitsilano,49.27048,-123.15174,Private room,2,1 private bath,1,NA,30,FALSE,FALSE,0,NA,0,2
41723288,2023-12-13,Downtown,49.27387,-123.13053,Entire home/apt,2,1 bath,2,$116.00,60,TRUE,FALSE,16,4.94,163,1
41800834,2023-12-14,Downtown,49.287289,-123.123894,Entire home/apt,4,2.5 baths,2,$529.00,2,TRUE,TRUE,38,4.79,249,1
41852181,2023-12-14,Renfrew-Collingwood,49.25323,-123.03329,Private room,1,1 shared bath,1,$40.00,30,FALSE,FALSE,8,5,100,6
41856324,2023-12-14,Kitsilano,49.26619081259344,-123.1475665057771,Entire home/apt,4,1 bath,3,$146.00,2,TRUE,FALSE,103,4.95,0,1
41872968,2023-12-14,Downtown,49.27807,-123.11085,Entire home/apt,4,1 bath,2,NA,30,FALSE,TRUE,0,NA,0,1
41884019,2023-12-13,Mount Pleasant,49.26581100310021,-123.11313822480064,Entire home/apt,10,1.5 baths,5,$750.00,2,TRUE,TRUE,14,4.86,349,1
41884419,2023-12-14,Downtown,49.28009,-123.10731,Entire home/apt,8,2 baths,4,$743.00,2,TRUE,TRUE,116,4.9,301,1
41890951,2023-12-14,Marpole,49.21296,-123.12316,Entire home/apt,4,1 bath,2,NA,2,FALSE,FALSE,1,5,0,1
41917935,2023-12-14,Downtown,49.27944,-123.10799,Entire home/apt,2,1 bath,2,NA,1,FALSE,FALSE,10,4.5,0,1
41934194,2023-12-14,Kensington-Cedar Cottage,49.26099,-123.07537,Entire home/apt,4,1 bath,2,$110.00,30,FALSE,FALSE,21,4.52,24,1
41939547,2023-12-14,Downtown,49.27495,-123.11551,Entire home/apt,4,1 bath,1,$115.00,30,FALSE,FALSE,7,4.71,253,42
41958233,2023-12-14,Downtown Eastside,49.27898847786662,-123.09916601989752,Entire home/apt,4,2 baths,2,$126.00,2,FALSE,TRUE,24,4.63,162,1
41959500,2023-12-14,Downtown,49.28307,-123.11949,Entire home/apt,3,1 bath,2,$133.00,10,TRUE,TRUE,66,4.87,0,1
41980676,2023-12-13,Downtown Eastside,49.27719,-123.09892,Entire home/apt,4,2 baths,2,$124.00,5,TRUE,TRUE,45,4.76,132,1
41985578,2023-12-14,Downtown,49.27891,-123.10844,Entire home/apt,6,2 baths,5,$276.00,4,TRUE,FALSE,83,4.88,336,1
41990487,2023-12-14,Mount Pleasant,49.2591,-123.10176,Entire home/apt,4,1.5 baths,1,NA,1,FALSE,FALSE,1,5,0,1
41998709,2023-12-13,West Point Grey,49.26334,-123.19658,Entire home/apt,4,1 bath,2,$119.00,3,FALSE,TRUE,138,4.83,151,1
42002656,2023-12-14,Downtown,49.27764,-123.11947,Entire home/apt,3,1 bath,2,$121.00,30,TRUE,FALSE,9,4.89,271,1
42004464,2023-12-14,Renfrew-Collingwood,49.24854,-123.0455,Entire home/apt,5,2 baths,3,$142.00,4,FALSE,FALSE,101,4.81,234,1
42019705,2023-12-14,Downtown,49.28462,-123.11235,Entire home/apt,4,2 baths,2,$259.00,90,FALSE,FALSE,4,5,338,1
42025390,2023-12-14,Downtown Eastside,49.27789,-123.09292,Entire home/apt,5,2 baths,3,$267.00,2,FALSE,FALSE,40,5,0,1
42039604,2023-12-14,West Point Grey,49.26557,-123.20851,Entire home/apt,6,1.5 baths,4,NA,30,FALSE,FALSE,1,5,0,1
42044088,2023-12-14,Downtown,49.28763,-123.12287,Entire home/apt,6,2 baths,3,$256.00,3,FALSE,FALSE,119,4.74,0,1
42052666,2023-12-14,Downtown,49.28033,-123.10778,Entire home/apt,5,1 bath,4,$198.00,2,TRUE,FALSE,204,4.81,199,1
42069280,2023-12-13,Downtown,49.27274,-123.12007,Entire home/apt,4,2 baths,2,$199.00,30,TRUE,FALSE,6,5,291,7
42075288,2023-12-14,Kitsilano,49.26587,-123.14718,Private room,2,1 private bath,1,NA,2,FALSE,FALSE,4,5,0,1
42097672,2023-12-14,Downtown,49.27967834472656,-123.10883331298828,Entire home/apt,8,2 baths,2,$263.00,1,TRUE,FALSE,128,4.88,218,1
42111604,2023-12-14,Kensington-Cedar Cottage,49.24159,-123.07943,Entire home/apt,4,2 baths,2,$151.00,3,TRUE,FALSE,88,4.95,69,1
42123717,2023-12-13,Mount Pleasant,49.2668,-123.09489,Entire home/apt,2,1 bath,1,$175.00,30,TRUE,TRUE,16,4.88,291,1
42125600,2023-12-13,West Point Grey,49.26025,-123.20196,Private room,1,1 shared bath,1,$200.00,30,FALSE,FALSE,1,5,83,2
42136507,2023-12-14,Downtown,49.27408,-123.13198,Entire home/apt,2,1 bath,1,$99.00,28,FALSE,FALSE,25,4.96,151,4
42137297,2023-12-14,Dunbar Southlands,49.25241,-123.18107,Entire home/apt,6,2.5 baths,3,NA,5,FALSE,TRUE,0,NA,0,1
42137638,2023-12-14,Downtown,49.27541,-123.13,Entire home/apt,2,1 bath,1,$89.00,27,FALSE,FALSE,28,4.79,62,4
42161005,2023-12-14,Downtown,49.27995,-123.10765,Entire home/apt,4,2 baths,2,$350.00,3,FALSE,FALSE,59,4.64,169,1
42161378,2023-12-14,Riley Park,49.24873,-123.11265,Entire home/apt,6,3.5 baths,4,$750.00,5,FALSE,FALSE,7,4.57,18,1
42199261,2023-12-14,Downtown,49.27828,-123.12104,Entire home/apt,2,1 bath,1,$133.00,2,FALSE,FALSE,81,4.78,0,1
42202219,2023-12-14,Sunset,49.22331,-123.10524,Entire home/apt,2,1 bath,1,$96.00,4,FALSE,TRUE,32,4.53,263,1
42233503,2023-12-14,Downtown,49.27609,-123.13003,Entire home/apt,2,1 bath,1,$93.00,25,FALSE,FALSE,22,4.82,58,4
42257702,2023-12-13,West Point Grey,49.25952,-123.20132,Private room,1,1 private bath,1,$200.00,30,FALSE,FALSE,0,NA,83,2
42271343,2023-12-13,Riley Park,49.25349,-123.10867,Entire home/apt,2,1 bath,1,$75.00,3,TRUE,FALSE,73,4.96,85,1
42272820,2023-12-14,West Point Grey,49.26134,-123.20982,Entire home/apt,2,1 bath,2,NA,30,FALSE,FALSE,0,NA,0,1
42296784,2023-12-13,Hastings-Sunrise,49.27804,-123.02883,Entire home/apt,6,2 baths,3,$306.00,3,TRUE,FALSE,59,4.92,219,1
42300971,2023-12-14,Downtown,49.27999,-123.10845,Entire home/apt,8,2 baths,4,$305.00,3,TRUE,FALSE,78,4.92,172,1
42301447,2023-12-14,Hastings-Sunrise,49.27171,-123.03663,Private room,2,1 bath,NA,$169.00,1,FALSE,FALSE,4,3.5,0,4
42301735,2023-12-14,Hastings-Sunrise,49.27141,-123.03651,Private room,2,1 bath,NA,$169.00,1,FALSE,FALSE,0,NA,0,4
42301804,2023-12-14,Hastings-Sunrise,49.27028,-123.03691,Private room,2,1 bath,NA,$169.00,1,FALSE,FALSE,0,NA,0,4
42301937,2023-12-14,Hastings-Sunrise,49.27173,-123.03487,Private room,2,1 bath,NA,$169.00,1,FALSE,FALSE,1,3,0,4
42318659,2023-12-14,Downtown Eastside,49.28157,-123.10383,Entire home/apt,2,1 bath,1,$254.00,30,TRUE,FALSE,55,4.75,275,1
42330742,2023-12-14,Kensington-Cedar Cottage,49.25616,-123.06511,Entire home/apt,6,1.5 baths,3,NA,3,FALSE,FALSE,9,5,0,1
42338884,2023-12-14,Downtown,49.28088,-123.10958,Private room,2,1 private bath,1,$90.00,2,TRUE,FALSE,111,4.95,35,1
42360114,2023-12-14,Grandview-Woodland,49.26821,-123.07153,Entire home/apt,1,1.5 baths,1,NA,2,FALSE,FALSE,0,NA,0,3
42360460,2023-12-14,Downtown Eastside,49.28187,-123.10757,Entire home/apt,5,1 bath,2,$127.00,3,TRUE,FALSE,39,4.74,141,21
42393959,2023-12-14,Downtown,49.2787,-123.12266,Entire home/apt,2,1 bath,1,$121.00,3,TRUE,FALSE,215,4.87,59,1
42406641,2023-12-13,Hastings-Sunrise,49.26599,-123.0341,Private room,2,2.5 shared baths,1,$100.00,4,FALSE,FALSE,4,5,50,1
42413884,2023-12-14,Hastings-Sunrise,49.27696,-123.05023,Entire home/apt,2,1 bath,1,NA,1,TRUE,FALSE,96,4.93,0,1
42439466,2023-12-14,Kensington-Cedar Cottage,49.26127,-123.07551,Private room,1,1 shared bath,1,NA,30,FALSE,FALSE,3,5,0,4
42449531,2023-12-14,Downtown,49.27792,-123.12931,Entire home/apt,4,2 baths,2,$409.00,30,FALSE,TRUE,16,4.75,89,3
42456262,2023-12-13,Grandview-Woodland,49.26879,-123.06792,Entire home/apt,3,1 bath,1,$166.00,4,TRUE,FALSE,13,4.77,78,1
42456517,2023-12-14,Kitsilano,49.26958,-123.18188,Entire home/apt,9,4 baths,5,NA,5,FALSE,FALSE,0,NA,0,1
42457349,2023-12-14,Mount Pleasant,49.2609,-123.09231,Entire home/apt,7,1.5 baths,3,$300.00,3,FALSE,FALSE,41,4.51,13,1
42458406,2023-12-13,Kensington-Cedar Cottage,49.2593,-123.07432,Private room,1,1 shared bath,1,$35.00,34,FALSE,FALSE,10,4.8,58,4
42458461,2023-12-14,Kensington-Cedar Cottage,49.2615,-123.07347,Private room,1,1 shared bath,1,$35.00,30,FALSE,FALSE,7,4.43,2,4
42484736,2023-12-14,Downtown,49.28041611046187,-123.10660374054882,Entire home/apt,4,1 bath,2,$112.00,3,FALSE,FALSE,84,4.69,0,10
42516612,2023-12-13,Downtown,49.27583,-123.11915,Entire home/apt,2,1 bath,1,$200.00,30,FALSE,FALSE,0,NA,358,1
42531816,2023-12-14,Downtown,49.27988,-123.12065,Entire home/apt,2,1 bath,1,$230.00,31,FALSE,FALSE,4,5,38,38
42538952,2023-12-14,Dunbar Southlands,49.23806,-123.17914,Entire home/apt,2,1 bath,1,$55.00,30,TRUE,FALSE,9,4.44,94,2
42539984,2023-12-14,Downtown,49.27996,-123.12328,Entire home/apt,4,1 bath,1,NA,3,FALSE,FALSE,1,5,0,1
42546201,2023-12-13,Mount Pleasant,49.26523,-123.10084,Entire home/apt,4,1 bath,2,$239.00,3,TRUE,FALSE,63,4.86,258,1
42546326,2023-12-14,Downtown,49.27997,-123.11905,Entire home/apt,2,1 bath,1,NA,30,FALSE,FALSE,1,3,0,1
42570640,2023-12-13,Strathcona,49.26742,-123.09743,Entire home/apt,4,1 bath,3,$199.00,3,TRUE,FALSE,73,4.99,114,1
42591398,2023-12-14,Downtown,49.27838,-123.11456,Entire home/apt,2,1 bath,1,NA,90,FALSE,FALSE,0,NA,0,1
42608254,2023-12-13,Marpole,49.21569,-123.12049,Entire home/apt,6,3 baths,3,$257.00,2,FALSE,TRUE,72,4.76,324,1
42664284,2023-12-14,Downtown,49.28836,-123.12415,Entire home/apt,2,1 bath,1,$98.00,5,TRUE,FALSE,167,4.87,57,1
42671966,2023-12-14,Renfrew-Collingwood,49.23585,-123.03619,Private room,1,1 shared bath,1,NA,3,FALSE,TRUE,1,5,0,2
42695990,2023-12-14,Downtown,49.27827,-123.12172,Entire home/apt,3,1 bath,2,$151.00,2,TRUE,FALSE,252,4.81,25,1
42696012,2023-12-13,Hastings-Sunrise,49.28985,-123.04998,Private room,2,1 shared bath,1,$79.00,1,FALSE,FALSE,83,4.61,72,3
42715387,2023-12-14,Renfrew-Collingwood,49.23734,-123.03752,Private room,1,2 shared baths,NA,NA,2,FALSE,TRUE,1,4,0,2
42719452,2023-12-13,South Cambie,49.25141,-123.12737,Entire home/apt,4,1 bath,2,$169.00,30,FALSE,TRUE,0,NA,365,3
42720667,2023-12-13,Shaughnessy,49.25285,-123.12915,Entire home/apt,4,1 bath,2,$169.00,30,FALSE,TRUE,2,3,365,3
42720991,2023-12-13,Shaughnessy,49.25291,-123.12936,Entire home/apt,4,1 bath,2,$169.00,30,FALSE,TRUE,1,5,346,3
42738536,2023-12-14,Renfrew-Collingwood,49.24876,-123.04477,Entire home/apt,7,3 baths,4,$305.00,4,TRUE,FALSE,55,4.96,0,2
42742038,2023-12-13,Fairview,49.26338,-123.12269,Entire home/apt,3,1 bath,1,$129.00,7,TRUE,FALSE,3,5,8,12
42743449,2023-12-14,Downtown,49.27796,-123.10833,Entire home/apt,8,2 baths,5,$143.00,2,TRUE,FALSE,314,4.76,52,3
42745752,2023-12-14,Riley Park,49.24502,-123.10503,Entire home/apt,5,2.5 baths,4,$499.00,3,FALSE,FALSE,10,4.9,87,1
42761406,2023-12-14,Dunbar Southlands,49.25663,-123.18622,Private room,1,1 shared bath,1,$65.00,2,FALSE,FALSE,84,4.62,0,2
42790908,2023-12-13,Mount Pleasant,49.26625,-123.09785,Entire home/apt,2,2 baths,1,$160.00,4,TRUE,TRUE,88,4.89,11,1
42812975,2023-12-14,Downtown,49.27897,-123.12185,Entire home/apt,6,2 baths,3,$385.00,30,TRUE,FALSE,3,5,365,41
42813067,2023-12-14,Downtown,49.27807,-123.12233,Entire home/apt,6,2 baths,3,$852.00,1,TRUE,FALSE,5,5,282,41
42842762,2023-12-14,Arbutus Ridge,49.24492,-123.16816,Entire home/apt,4,1 bath,3,$100.00,30,FALSE,FALSE,8,4.88,314,1
42843544,2023-12-14,Victoria-Fraserview,49.21144,-123.06261,Entire home/apt,10,4 baths,5,$201.00,30,FALSE,TRUE,108,4.34,69,3
42843989,2023-12-14,Downtown Eastside,49.28368,-123.11152,Entire home/apt,4,2 baths,2,$190.00,30,TRUE,FALSE,5,5,322,1
42865985,2023-12-14,Grandview-Woodland,49.28602,-123.05857,Entire home/apt,4,1 bath,2,$155.00,30,FALSE,FALSE,3,4.67,77,1
42874096,2023-12-14,Kitsilano,49.26789,-123.15407,Entire home/apt,2,1 bath,1,$150.00,2,FALSE,FALSE,9,4.78,0,1
42879356,2023-12-14,West End,49.28804,-123.12926,Entire home/apt,2,1 bath,1,NA,30,FALSE,FALSE,0,NA,0,1
42881319,2023-12-14,Downtown,49.28107,-123.11649,Private room,5,1 private bath,2,NA,1,FALSE,FALSE,3,5,0,1
42896340,2023-12-13,Hastings-Sunrise,49.27915,-123.02589,Entire home/apt,4,1 bath,2,$112.00,3,TRUE,FALSE,123,4.94,73,1
42903930,2023-12-13,Renfrew-Collingwood,49.25238,-123.0259,Entire home/apt,7,1 bath,4,$70.00,2,TRUE,FALSE,165,4.88,31,1
42907400,2023-12-14,Downtown,49.27897,-123.10972,Entire home/apt,4,1 bath,2,$176.00,2,TRUE,FALSE,167,4.9,52,3
42937221,2023-12-14,Downtown,49.27807235717773,-123.12232971191406,Entire home/apt,2,1 bath,2,$240.00,30,TRUE,FALSE,4,4.75,341,41
42937446,2023-12-14,Downtown,49.27322,-123.12778,Entire home/apt,4,1 bath,2,$250.00,30,TRUE,FALSE,2,4.5,342,41
42937545,2023-12-14,Downtown,49.28595,-123.12252,Entire home/apt,5,1 bath,2,$199.00,6,TRUE,FALSE,24,4.92,82,6
42955887,2023-12-14,West End,49.27776,-123.13631,Entire home/apt,2,1 bath,2,$250.00,4,FALSE,FALSE,8,4.88,0,1
42976467,2023-12-13,West Point Grey,49.26609,-123.21416,Entire home/apt,2,1 bath,1,$99.00,30,FALSE,TRUE,2,5,243,2
42988288,2023-12-14,Riley Park,49.23471,-123.10044,Entire home/apt,2,1 bath,2,$135.00,3,TRUE,FALSE,89,4.98,224,1
43038332,2023-12-13,Kensington-Cedar Cottage,49.24883,-123.0808,Entire home/apt,4,1 bath,2,$150.00,3,TRUE,FALSE,58,4.93,162,2
43068846,2023-12-13,Downtown,49.2736253418562,-123.11567922319747,Entire home/apt,2,1 bath,2,$228.00,4,TRUE,FALSE,7,5,4,4
43071813,2023-12-14,Downtown,49.28745,-123.12368,Entire home/apt,2,1 bath,1,$194.00,2,TRUE,FALSE,87,4.9,223,1
43079220,2023-12-14,Downtown Eastside,49.28141,-123.10261,Entire home/apt,2,1 bath,1,$199.00,30,TRUE,FALSE,87,4.75,41,3
43079683,2023-12-14,West Point Grey,49.26078,-123.21433,Entire home/apt,8,2 baths,4,$900.00,30,FALSE,FALSE,3,5,364,5
43081491,2023-12-14,Downtown Eastside,49.27996,-123.11001,Entire home/apt,5,2 baths,2,$166.00,2,TRUE,FALSE,189,4.94,0,1
43103070,2023-12-13,Marpole,49.20921,-123.11736,Entire home/apt,2,1 bath,1,$100.00,30,TRUE,FALSE,9,5,77,5
43140470,2023-12-13,Kitsilano,49.26894,-123.15817,Private room,1,1 shared bath,1,$45.00,90,TRUE,FALSE,11,4.82,197,1
43148884,2023-12-14,Downtown Eastside,49.28239,-123.10311,Entire home/apt,2,1 bath,2,$130.00,30,FALSE,FALSE,8,4.25,364,1
43150343,2023-12-14,Downtown,49.27765,-123.1294,Entire home/apt,2,1 bath,2,$85.00,29,FALSE,FALSE,17,4.59,85,1
43188958,2023-12-13,Downtown,49.2737,-123.12857,Entire home/apt,2,1 bath,1,$129.00,2,TRUE,FALSE,67,4.87,32,1
43203119,2023-12-14,Downtown,49.27787,-123.11589,Entire home/apt,4,1 bath,1,NA,1,FALSE,FALSE,0,NA,0,1
43214742,2023-12-14,Downtown,49.27793,-123.12065,Entire home/apt,3,1 bath,2,$168.00,2,TRUE,FALSE,184,4.79,7,1
43215530,2023-12-13,Downtown,49.27495,-123.11642,Entire home/apt,2,1 bath,1,$129.00,90,TRUE,FALSE,8,4.88,213,3
43231224,2023-12-14,Kensington-Cedar Cottage,49.26122,-123.07269,Private room,1,2 shared baths,1,$25.00,60,FALSE,FALSE,7,4.29,133,1
43232530,2023-12-14,Oakridge,49.22467,-123.12011,Private room,1,1 shared bath,1,NA,30,FALSE,FALSE,2,5,0,3
43278404,2023-12-14,Downtown,49.27420613892828,-123.1267103480722,Entire home/apt,2,2 baths,2,$187.00,90,FALSE,FALSE,10,4.4,364,1
43295734,2023-12-14,Oakridge,49.22587,-123.12018,Private room,2,1 private bath,1,NA,30,FALSE,TRUE,1,5,0,3
43303093,2023-12-13,Kitsilano,49.26803,-123.14771,Entire home/apt,2,1 bath,1,$189.00,30,FALSE,FALSE,3,5,225,1
43318977,2023-12-14,West End,49.28668,-123.13075,Entire home/apt,4,2 baths,2,$158.00,30,FALSE,FALSE,3,3.67,0,19
43335892,2023-12-14,Oakridge,49.22396,-123.12185,Private room,1,1 shared bath,1,NA,30,FALSE,TRUE,0,NA,0,3
43348428,2023-12-14,Kitsilano,49.25931167602539,-123.16561126708984,Entire home/apt,4,1 bath,3,$180.00,1,TRUE,TRUE,95,4.81,0,1
43364218,2023-12-13,Kitsilano,49.26304,-123.18488,Entire home/apt,5,1.5 baths,3,$254.00,3,TRUE,FALSE,43,4.98,165,1
43390903,2023-12-14,Downtown,49.27543,-123.11574,Entire home/apt,4,1 bath,1,$115.00,30,FALSE,FALSE,3,5,77,42
43391066,2023-12-13,Downtown,49.27387,-123.1145,Entire home/apt,4,2 baths,2,$185.00,30,FALSE,FALSE,1,5,89,42
43392404,2023-12-13,Kensington-Cedar Cottage,49.25248,-123.07473,Entire home/apt,4,1 bath,2,$105.00,2,FALSE,TRUE,122,4.56,70,5
43393120,2023-12-13,Kensington-Cedar Cottage,49.25081,-123.07603,Entire home/apt,2,1 bath,2,$86.00,2,FALSE,FALSE,131,4.58,79,5
43423475,2023-12-13,Kitsilano,49.26751,-123.18195,Entire home/apt,2,1 bath,1,$165.00,5,TRUE,FALSE,58,4.97,236,1
43424375,2023-12-13,Sunset,49.21485,-123.09453,Entire home/apt,1,1 bath,1,$102.00,3,TRUE,FALSE,48,4.92,19,5
43425616,2023-12-14,Arbutus Ridge,49.23822,-123.1574,Entire home/apt,4,2 baths,2,$334.00,30,TRUE,TRUE,4,5,120,2
43460589,2023-12-13,Dunbar Southlands,49.2515,-123.1937,Entire home/apt,6,1 bath,3,$103.00,2,FALSE,TRUE,236,4.76,156,1
43497728,2023-12-14,West End,49.282,-123.12577,Entire home/apt,4,1 bath,4,$104.00,30,FALSE,FALSE,3,4,74,6
43501445,2023-12-14,Downtown,49.27391,-123.11446,Entire home/apt,2,1 bath,1,NA,30,FALSE,FALSE,0,NA,0,1
43527973,2023-12-13,Marpole,49.21218,-123.11546,Entire home/apt,2,1 bath,1,$100.00,30,TRUE,FALSE,10,4.9,180,5
43533212,2023-12-13,Downtown Eastside,49.28108,-123.08976,Entire home/apt,4,2 baths,2,$133.00,30,TRUE,FALSE,19,5,44,1
43556385,2023-12-14,Kitsilano,49.26511,-123.15657,Entire home/apt,5,2.5 baths,3,$395.00,7,TRUE,FALSE,50,5,0,1
43558701,2023-12-13,Fairview,49.26115,-123.11512,Entire home/apt,4,2 baths,2,$135.00,30,FALSE,FALSE,13,5,49,1
43583362,2023-12-13,Downtown,49.2736,-123.11402,Entire home/apt,5,2 baths,3,$150.00,30,FALSE,FALSE,25,4.92,119,1
43606103,2023-12-13,Marpole,49.20942,-123.1161,Entire home/apt,2,1 bath,1,$100.00,30,FALSE,FALSE,8,4.75,148,2
43639445,2023-12-14,Downtown,49.27466,-123.11493,Entire home/apt,4,1 bath,1,$120.00,90,FALSE,FALSE,2,3,287,42
43669480,2023-12-14,Marpole,49.20296,-123.1334,Entire home/apt,2,1 bath,1,$85.00,30,TRUE,FALSE,13,4.85,303,2
43780501,2023-12-13,West End,49.29383,-123.13639,Entire home/apt,4,1 bath,3,$103.00,30,TRUE,FALSE,17,4.88,255,2
43807042,2023-12-14,Downtown,49.27533,-123.12906,Entire home/apt,2,1 bath,1,$115.00,30,FALSE,FALSE,3,5,210,42
43817461,2023-12-14,Kitsilano,49.26799,-123.16636,Entire home/apt,6,2 baths,3,$220.00,30,TRUE,FALSE,8,5,224,2
43821712,2023-12-14,Mount Pleasant,49.2585,-123.08537,Entire home/apt,3,1.5 baths,2,$101.00,30,TRUE,FALSE,29,4.97,245,1
43831987,2023-12-14,Kitsilano,49.27038,-123.15042,Entire home/apt,2,1 bath,1,NA,2,FALSE,FALSE,0,NA,0,2
43832302,2023-12-14,Grandview-Woodland,49.26493,-123.07654,Entire home/apt,2,1 bath,2,$134.00,30,NA,FALSE,1,5,286,2
43869990,2023-12-14,Downtown,49.28436,-123.11689,Entire home/apt,2,1 bath,2,$125.00,30,FALSE,FALSE,5,4.8,307,1
43880349,2023-12-14,Oakridge,49.22318,-123.12745,Private room,2,2 shared baths,1,$54.00,3,FALSE,FALSE,52,4.58,84,1
43937790,2023-12-14,Kitsilano,49.26677,-123.16245,Entire home/apt,7,3.5 baths,4,$707.00,3,TRUE,FALSE,4,5,13,1
43946933,2023-12-13,Kensington-Cedar Cottage,49.25976,-123.07446,Entire home/apt,2,1 bath,1,$120.00,3,TRUE,TRUE,89,4.94,25,1
43997233,2023-12-13,Mount Pleasant,49.26158,-123.08246,Entire home/apt,2,1 bath,1,$110.00,2,TRUE,FALSE,217,4.96,132,1
44003537,2023-12-14,Downtown Eastside,49.27751,-123.09855,Entire home/apt,4,1 bath,2,$171.00,3,FALSE,FALSE,41,4.78,70,1
44014044,2023-12-14,Arbutus Ridge,49.23972,-123.15498,Entire home/apt,2,1 bath,1,$163.00,3,TRUE,FALSE,94,4.99,67,1
44015193,2023-12-13,West End,49.29322,-123.13479,Entire home/apt,2,1 bath,1,$287.00,3,FALSE,FALSE,10,4.7,125,1
44016081,2023-12-14,Downtown,49.27465,-123.12995,Entire home/apt,6,2.5 baths,3,$566.00,30,TRUE,FALSE,1,5,227,7
44020727,2023-12-13,Hastings-Sunrise,49.28834,-123.04685,Entire home/apt,10,2 baths,5,$343.00,2,TRUE,FALSE,23,4.83,16,1
44021555,2023-12-14,Renfrew-Collingwood,49.23854,-123.05431,Entire home/apt,6,2 baths,4,$292.00,3,TRUE,FALSE,74,4.85,160,2
44031753,2023-12-14,West End,49.27942,-123.1299,Entire home/apt,4,1 bath,2,$100.00,30,TRUE,FALSE,78,4.69,179,5
44034163,2023-12-14,Downtown,49.27442,-123.12983,Entire home/apt,2,1 bath,1,$225.00,300,FALSE,FALSE,0,NA,89,1
44060556,2023-12-14,Downtown,49.2763,-123.12921,Entire home/apt,4,2 baths,2,$552.00,30,TRUE,FALSE,17,5,179,6
44064013,2023-12-14,Downtown Eastside,49.28095,-123.10621,Entire home/apt,4,2 baths,2,NA,2,FALSE,FALSE,0,NA,0,1
44088975,2023-12-14,Downtown Eastside,49.28053,-123.10924,Entire home/apt,4,2 baths,2,$259.00,2,TRUE,TRUE,110,4.85,0,1
44133079,2023-12-14,Marpole,49.21246,-123.12174,Entire home/apt,2,1 bath,2,$118.00,2,TRUE,FALSE,109,4.87,0,2
44140484,2023-12-14,Mount Pleasant,49.25855,-123.0797,Entire home/apt,2,1 bath,1,$145.00,2,TRUE,FALSE,13,5,140,2
44179770,2023-12-14,Downtown,49.28852,-123.12402,Entire home/apt,3,1 bath,1,$119.00,30,TRUE,FALSE,248,4.83,0,2
44181633,2023-12-14,Downtown,49.27894,-123.12218,Entire home/apt,4,1 bath,2,NA,1,FALSE,FALSE,1,5,0,1
44210108,2023-12-14,South Cambie,49.23680115,-123.1269989,Entire home/apt,4,1 bath,2,$109.00,2,FALSE,FALSE,96,4.77,0,16
44227322,2023-12-14,Victoria-Fraserview,49.22118,-123.05514,Private room,2,1 shared bath,1,NA,2,FALSE,FALSE,1,5,0,1
44252533,2023-12-13,Downtown,49.2772,-123.12207,Entire home/apt,4,2 baths,2,$130.00,30,FALSE,FALSE,4,5,72,42
44253302,2023-12-13,West End,49.29232,-123.13462,Entire home/apt,3,1 bath,2,$300.00,30,FALSE,FALSE,4,5,250,3
44267577,2023-12-14,Downtown,49.28038,-123.1252,Entire home/apt,2,1 bath,1,$100.00,30,TRUE,FALSE,20,4.95,318,2
44269319,2023-12-14,Hastings-Sunrise,49.28016,-123.05426,Entire home/apt,2,1 bath,1,$99.00,365,FALSE,FALSE,1,5,0,1
44303204,2023-12-14,West End,49.28662,-123.12603,Entire home/apt,2,1 bath,1,$150.00,30,FALSE,TRUE,1,5,365,1
44306270,2023-12-14,Downtown,49.27403,-123.12521,Entire home/apt,2,1 bath,1,"$2,200.00",180,FALSE,TRUE,0,NA,179,1
44317516,2023-12-14,Downtown Eastside,49.27968,-123.10015,Entire home/apt,4,1 bath,2,$110.00,3,FALSE,TRUE,46,4.61,266,1
44326587,2023-12-14,West End,49.2812,-123.12689,Entire home/apt,6,2 baths,4,$400.00,3,TRUE,TRUE,85,4.86,161,1
44337002,2023-12-14,Downtown,49.2817,-123.1244,Entire home/apt,2,1 bath,1,$132.00,30,FALSE,FALSE,6,4.67,175,11
44379773,2023-12-13,Kitsilano,49.2738,-123.1496,Entire home/apt,6,2.5 baths,3,$875.00,30,FALSE,FALSE,0,NA,363,1
44429990,2023-12-14,Downtown,49.28008,-123.10864,Entire home/apt,3,1 bath,4,NA,30,FALSE,FALSE,99,4.93,0,1
44447709,2023-12-14,Kensington-Cedar Cottage,49.24245,-123.08382,Entire home/apt,2,1 bath,1,$130.00,4,FALSE,FALSE,43,4.73,0,1
44460079,2023-12-14,Grandview-Woodland,49.270592,-123.057831,Entire home/apt,4,1 bath,2,$200.00,2,FALSE,FALSE,20,4.5,49,1
44532472,2023-12-14,Downtown,49.27637,-123.12909,Entire home/apt,6,2 baths,3,$301.00,60,FALSE,FALSE,19,4.89,364,1
44569378,2023-12-13,Riley Park,49.25408,-123.11208,Entire home/apt,12,2 baths,5,$172.00,30,FALSE,FALSE,58,4.84,276,134
44597342,2023-12-14,Kitsilano,49.26361,-123.15723,Entire home/apt,4,2 baths,3,NA,32,FALSE,FALSE,0,NA,0,2
44667811,2023-12-14,Downtown,49.27825,-123.12111,Entire home/apt,4,1 bath,2,$425.00,2,TRUE,TRUE,120,4.91,0,1
44704769,2023-12-14,Grandview-Woodland,49.26285,-123.07554,Entire home/apt,4,1.5 baths,3,$50.00,30,TRUE,FALSE,1,4,324,4
44707856,2023-12-14,Downtown Eastside,49.281727,-123.104233,Entire home/apt,4,1 bath,2,$136.00,2,TRUE,FALSE,137,4.91,346,1
44718107,2023-12-14,Downtown Eastside,49.28137,-123.10354,Entire home/apt,2,1 bath,1,$206.00,3,TRUE,FALSE,93,4.99,0,1
44755862,2023-12-13,Downtown,49.27458,-123.11624,Entire home/apt,3,2 baths,2,$160.00,90,FALSE,FALSE,0,NA,362,1
44792934,2023-12-14,Riley Park,49.25566,-123.10702,Entire home/apt,2,1 bath,1,$70.00,30,FALSE,FALSE,3,5,292,2
44800636,2023-12-14,Downtown,49.28295,-123.11335,Private room,2,1 private bath,1,$205.00,1,FALSE,FALSE,49,4.92,167,6
44843152,2023-12-14,Kitsilano,49.27199,-123.1617,Entire home/apt,2,1 bath,1,$89.00,30,FALSE,FALSE,8,4.63,364,4
44867074,2023-12-14,Riley Park,49.24434,-123.09565,Entire home/apt,2,1 bath,1,NA,30,FALSE,FALSE,1,4,0,1
44905459,2023-12-14,Oakridge,49.22244,-123.13035,Private room,2,1.5 baths,2,$127.00,1,FALSE,TRUE,25,4.56,175,1
44911323,2023-12-14,Downtown,49.27678,-123.12976,Entire home/apt,2,1 bath,1,$139.00,31,TRUE,FALSE,12,5,0,1
44964851,2023-12-14,Downtown,49.28125,-123.11185,Private room,2,1 private bath,1,$193.00,1,FALSE,FALSE,96,4.84,170,6
45000380,2023-12-14,Downtown,49.276,-123.12891,Entire home/apt,4,1 bath,1,$240.00,31,FALSE,FALSE,0,NA,88,38
45003088,2023-12-13,Mount Pleasant,49.27076,-123.10098,Entire home/apt,2,1 bath,1,$110.00,30,FALSE,FALSE,9,4.67,83,42
45028703,2023-12-14,West End,49.29142,-123.13445,Entire home/apt,2,1 bath,1,$200.00,30,FALSE,FALSE,11,4.82,178,3
45032739,2023-12-14,Downtown Eastside,49.28333,-123.11118,Private room,4,1 private bath,2,$197.00,1,FALSE,FALSE,31,4.9,169,6
45033132,2023-12-14,Downtown,49.28293,-123.11321,Private room,4,1 private bath,2,$187.00,1,FALSE,FALSE,16,4.63,166,6
45077156,2023-12-13,Riley Park,49.25272,-123.0912,Private room,3,1 private bath,2,$61.00,1,FALSE,FALSE,2,5,180,19
45078460,2023-12-14,Downtown Eastside,49.28302,-123.10348,Entire home/apt,4,1 bath,1,$225.00,3,TRUE,FALSE,10,4.7,8,1
45105289,2023-12-14,Kensington-Cedar Cottage,49.23873901367188,-123.07717895507812,Entire home/apt,4,1 bath,3,$175.00,30,TRUE,FALSE,65,4.88,161,1
45115465,2023-12-13,Riley Park,49.25334,-123.11394,Entire home/apt,2,1 bath,2,$130.00,5,TRUE,FALSE,12,4.92,276,1
45140983,2023-12-13,Grandview-Woodland,49.27281,-123.07166,Entire home/apt,2,1 bath,1,$100.00,20,TRUE,FALSE,22,5,34,2
45219644,2023-12-14,Kensington-Cedar Cottage,49.24573,-123.08301,Entire home/apt,3,1 bath,2,NA,30,TRUE,FALSE,35,4.94,0,1
45237387,2023-12-13,Downtown,49.27519,-123.11506,Entire home/apt,2,1 bath,2,$243.00,30,TRUE,FALSE,16,4.88,365,1
45243636,2023-12-14,Downtown,49.27557,-123.12677,Entire home/apt,1,1 bath,1,$125.00,30,FALSE,FALSE,7,4.86,364,2
45256217,2023-12-14,Downtown Eastside,49.28309,-123.11122,Private room,2,1 shared bath,1,$158.00,1,FALSE,FALSE,35,4.86,168,6
45289832,2023-12-14,Downtown Eastside,49.28164,-123.10817,Entire home/apt,2,1 bath,1,$125.00,90,FALSE,FALSE,0,NA,359,1
45331841,2023-12-13,Kitsilano,49.2614,-123.16641,Entire home/apt,4,2 baths,4,$114.00,30,FALSE,FALSE,14,4.79,248,1
45345238,2023-12-14,Downtown,49.28065,-123.10795,Entire home/apt,6,2 baths,3,$190.00,2,TRUE,TRUE,149,4.84,0,1
45347643,2023-12-14,Grandview-Woodland,49.27057,-123.0601,Entire home/apt,2,1 bath,1,$99.00,2,TRUE,TRUE,40,4.98,0,4
45349112,2023-12-14,Downtown,49.29115,-123.13079,Entire home/apt,2,1 bath,1,$99.00,30,FALSE,FALSE,2,5,142,1
45402917,2023-12-14,Downtown,49.27366,-123.11879,Entire home/apt,2,1 bath,1,$125.00,60,FALSE,FALSE,1,5,89,42
45412496,2023-12-14,Downtown,49.27986,-123.10879,Entire home/apt,6,2 baths,5,$236.00,2,FALSE,TRUE,113,4.68,0,1
45495821,2023-12-13,Oakridge,49.22298,-123.13857,Private room,1,1 private bath,NA,$55.00,60,FALSE,FALSE,3,5,365,10
45498555,2023-12-14,Downtown,49.27899,-123.10936,Entire home/apt,6,2 baths,4,$289.00,1,FALSE,FALSE,81,4.84,337,1
45528130,2023-12-13,Downtown Eastside,49.28206,-123.08246,Entire home/apt,2,1 bath,1,$121.00,3,FALSE,FALSE,24,4.75,61,1
45531528,2023-12-14,Downtown,49.27892,-123.10814,Entire home/apt,4,1 bath,1,$147.00,2,TRUE,FALSE,38,5,0,1
45531730,2023-12-14,Downtown,49.27342,-123.12829,Entire home/apt,2,1 bath,1,$110.00,30,TRUE,FALSE,15,4.87,179,1
45532538,2023-12-13,Sunset,49.2271,-123.08592,Entire home/apt,2,1 bath,1,$107.00,4,TRUE,FALSE,113,4.91,48,1
45548173,2023-12-13,Kitsilano,49.26393,-123.16263,Entire home/apt,3,1 bath,2,$89.00,30,TRUE,FALSE,12,4.75,129,26
45574244,2023-12-14,West End,49.28948,-123.13273,Entire home/apt,1,1 bath,1,$95.00,120,FALSE,FALSE,4,4.5,297,1
45626100,2023-12-14,Downtown,49.27882,-123.10927,Entire home/apt,5,1 bath,3,$55.00,2,TRUE,FALSE,233,4.8,0,5
45643151,2023-12-13,Kitsilano,49.27315,-123.15263,Entire home/apt,6,1 bath,3,$187.00,3,TRUE,FALSE,139,4.98,68,1
45672404,2023-12-14,Kensington-Cedar Cottage,49.25957,-123.06068,Entire home/apt,2,1 bath,1,$89.00,4,TRUE,FALSE,81,4.93,0,1
45675516,2023-12-14,Downtown,49.28642,-123.12318,Entire home/apt,6,2 baths,3,$274.00,30,FALSE,FALSE,115,4.78,6,1
45691361,2023-12-14,Downtown,49.28012,-123.11698,Entire home/apt,3,1 bath,1,$175.00,30,FALSE,FALSE,12,5,108,1
45715295,2023-12-14,Oakridge,49.22129,-123.13722,Entire home/apt,2,1 bath,2,$101.00,120,FALSE,FALSE,1,5,365,10
45723370,2023-12-14,Shaughnessy,49.24633,-123.1292,Entire home/apt,4,1 bath,2,$98.00,30,FALSE,TRUE,9,4,151,4
45723411,2023-12-14,Kensington-Cedar Cottage,49.24424,-123.08631,Entire home/apt,2,1 bath,2,$100.00,7,TRUE,FALSE,64,4.83,203,2
45751830,2023-12-13,Mount Pleasant,49.26686,-123.09826,Entire home/apt,2,1 bath,1,$130.00,90,FALSE,FALSE,13,4.77,169,1
45759831,2023-12-14,West End,49.28646,-123.13072,Entire home/apt,4,1 bath,2,$127.00,30,FALSE,FALSE,0,NA,251,19
45811906,2023-12-13,Downtown Eastside,49.27741,-123.08407,Entire home/apt,2,1 bath,1,$150.00,30,TRUE,FALSE,13,5,365,4
45844376,2023-12-13,Kensington-Cedar Cottage,49.24574,-123.0609,Private room,1,1 private bath,1,$60.00,30,TRUE,FALSE,36,4.83,134,2
45845150,2023-12-13,Riley Park,49.25457,-123.09779,Entire home/apt,4,1 bath,1,$169.00,2,FALSE,FALSE,44,4.75,357,2
45846446,2023-12-14,Downtown,49.28039,-123.11741,Entire home/apt,2,1 bath,1,$120.00,30,TRUE,FALSE,6,5,203,13
45851022,2023-12-14,Downtown,49.28035,-123.12264,Entire home/apt,2,1 bath,1,$162.00,2,TRUE,FALSE,145,4.81,106,1
45861139,2023-12-13,Downtown,49.27681436384806,-123.1183365732115,Entire home/apt,4,2 baths,2,$140.00,20,TRUE,FALSE,20,5,137,1
45865255,2023-12-14,Downtown,49.27967,-123.10681,Entire home/apt,6,2 baths,4,$288.00,1,FALSE,TRUE,26,4.85,299,1
45885335,2023-12-14,Mount Pleasant,49.261767999999996,-123.088531,Entire home/apt,4,1 bath,2,$120.00,28,FALSE,FALSE,54,4.91,78,1
45911684,2023-12-14,West End,49.28178,-123.12614,Entire home/apt,2,1 bath,1,$102.00,30,FALSE,FALSE,3,4.67,365,11
45941161,2023-12-14,Downtown,49.28004,-123.10714,Private room,2,2 baths,2,NA,2,FALSE,FALSE,0,NA,0,1
45943333,2023-12-14,Kerrisdale,49.22970199584961,-123.17666625976562,Entire home/apt,9,5 baths,6,$680.00,3,TRUE,FALSE,44,4.98,269,1
45960750,2023-12-14,Downtown Eastside,49.28181,-123.10601,Entire home/apt,2,1 bath,1,$135.00,30,FALSE,FALSE,1,5,159,1
45975746,2023-12-13,Fairview,49.26142,-123.1404,Entire home/apt,2,1 bath,1,$85.00,2,FALSE,FALSE,171,4.67,8,2
45998307,2023-12-13,Dunbar Southlands,49.25035,-123.19247,Entire home/apt,5,1.5 baths,3,$140.00,2,TRUE,TRUE,229,4.83,150,1
46036570,2023-12-14,Kitsilano,49.26704,-123.1652,Entire home/apt,2,1 bath,1,$248.00,30,FALSE,TRUE,3,5,0,1
46040959,2023-12-14,West End,49.28236,-123.13676,Entire home/apt,2,1 bath,1,$150.00,30,FALSE,FALSE,2,5,156,1
46069251,2023-12-13,Kitsilano,49.25898,-123.16179,Entire home/apt,4,1 bath,2,$112.00,2,TRUE,FALSE,73,4.93,104,1
46089381,2023-12-14,Kitsilano,49.27035,-123.16081,Entire home/apt,4,1 bath,2,NA,30,FALSE,FALSE,1,5,0,1
46101575,2023-12-14,Dunbar Southlands,49.2533,-123.19134,Private room,2,1 private bath,2,NA,3,FALSE,FALSE,2,4.5,0,1
46117913,2023-12-14,Shaughnessy,49.24512,-123.129,Entire home/apt,4,1 bath,2,$103.00,30,FALSE,TRUE,0,NA,179,4
46119334,2023-12-14,Downtown Eastside,49.28135619347826,-123.10719498067616,Entire home/apt,6,1 bath,3,$271.00,2,FALSE,FALSE,55,4.55,179,1
46142496,2023-12-14,Downtown,49.2795,-123.12002,Entire home/apt,3,1 bath,2,$179.00,2,TRUE,FALSE,195,4.94,37,1
46192337,2023-12-14,Downtown,49.27928,-123.10654,Entire home/apt,4,1 bath,2,$197.00,1,TRUE,FALSE,181,4.94,132,1
46192601,2023-12-14,West End,49.28612,-123.13836,Entire home/apt,2,1 bath,3,$91.00,30,FALSE,FALSE,4,3.75,306,1
46193267,2023-12-14,West End,49.28815,-123.13782,Private room,2,1 bath,1,$199.00,1,TRUE,FALSE,560,4.79,365,11
46194131,2023-12-14,West End,49.28751,-123.13944,Private room,4,1 bath,2,$345.00,1,TRUE,FALSE,26,4.73,351,11
46195136,2023-12-14,West End,49.28949,-123.13789,Private room,2,1 bath,1,$196.00,1,TRUE,FALSE,218,4.7,365,11
46196207,2023-12-14,West End,49.287350000000004,-123.13936,Private room,2,1 bath,1,$181.00,1,TRUE,FALSE,91,4.75,222,11
46196403,2023-12-14,West End,49.28742,-123.1386,Private room,4,1 bath,2,$413.00,1,TRUE,FALSE,29,4.83,316,11
46198984,2023-12-14,West End,49.28397,-123.12767,Entire home/apt,4,1 bath,2,$139.00,2,TRUE,FALSE,182,4.73,134,1
46204128,2023-12-14,Kensington-Cedar Cottage,49.24659,-123.06762,Private room,1,Shared half-bath,1,NA,2,FALSE,FALSE,3,5,0,1
46215685,2023-12-14,West End,49.28263,-123.12589,Entire home/apt,4,1 bath,2,$157.00,2,TRUE,FALSE,153,4.73,71,1
46236607,2023-12-13,Marpole,49.21285,-123.12324,Entire home/apt,2,1.5 baths,1,$90.00,30,TRUE,FALSE,11,5,150,2
46236688,2023-12-14,West End,49.28893,-123.13985,Private room,2,1 bath,1,$184.00,1,TRUE,FALSE,28,4.79,346,11
46236841,2023-12-14,Kensington-Cedar Cottage,49.24605,-123.08217,Entire home/apt,4,1 bath,2,$145.00,5,TRUE,FALSE,75,4.96,0,1
46250902,2023-12-14,Victoria-Fraserview,49.23026,-123.07289,Private room,4,1 private bath,2,$99.00,1,FALSE,FALSE,42,4.14,0,1
46261278,2023-12-14,West End,49.28932,-123.13808,Private room,2,1 bath,1,$189.00,1,TRUE,FALSE,13,4.62,328,11
46292342,2023-12-14,Downtown Eastside,49.28249,-123.10331,Entire home/apt,2,1 bath,1,$129.00,30,FALSE,TRUE,1,4,132,1
46295519,2023-12-14,Downtown Eastside,49.28178,-123.10395,Entire home/apt,2,1.5 baths,1,$176.00,30,TRUE,TRUE,76,4.58,39,3
46309126,2023-12-13,Oakridge,49.22597,-123.1221,Private room,1,1 private bath,1,$30.00,30,FALSE,TRUE,6,4,116,20
46335810,2023-12-13,Mount Pleasant,49.26641,-123.09584,Entire home/apt,4,1 bath,2,$95.00,4,TRUE,FALSE,128,4.85,165,1
46340428,2023-12-14,Kerrisdale,49.22117,-123.15902,Entire home/apt,5,2 baths,2,$169.00,1,TRUE,FALSE,118,4.86,168,1
46372111,2023-12-14,Mount Pleasant,49.26136,-123.09972,Entire home/apt,6,1.5 baths,2,$200.00,29,TRUE,FALSE,20,4.95,222,2
46374926,2023-12-14,Killarney,49.22258,-123.04159,Entire home/apt,4,1 bath,2,$120.00,7,FALSE,TRUE,25,4.48,88,3
46402506,2023-12-14,Downtown,49.28144,-123.12445,Entire home/apt,4,2 baths,2,$185.00,30,FALSE,FALSE,9,4.78,336,1
46413421,2023-12-14,Kensington-Cedar Cottage,49.2577,-123.07283,Entire home/apt,5,2 baths,4,$170.00,10,FALSE,FALSE,15,5,41,1
46413783,2023-12-14,Killarney,49.22093,-123.03993,Entire home/apt,2,1 bath,1,$54.00,2,FALSE,TRUE,76,4.36,19,3
46449044,2023-12-14,Downtown,49.28051,-123.10771,Entire home/apt,4,2 baths,2,$140.00,2,TRUE,FALSE,98,4.66,122,1
46453859,2023-12-14,Downtown,49.27752,-123.12879,Entire home/apt,2,1 bath,1,$136.00,5,TRUE,TRUE,131,4.93,0,1
46476146,2023-12-14,Downtown,49.2795,-123.1074,Entire home/apt,3,1 bath,2,$104.00,4,FALSE,FALSE,90,4.8,45,1
46496585,2023-12-14,Oakridge,49.22335,-123.12824,Entire home/apt,3,1 bath,2,NA,30,FALSE,FALSE,1,5,0,2
46513913,2023-12-13,Shaughnessy,49.24895,-123.1314,Entire home/apt,14,5.5 baths,13,$503.00,2,TRUE,FALSE,112,4.79,306,3
46545911,2023-12-14,West End,49.28311,-123.12509,Entire home/apt,2,1 bath,1,$160.00,90,FALSE,FALSE,0,NA,83,1
46549009,2023-12-13,Renfrew-Collingwood,49.25364,-123.05425,Entire home/apt,2,1 bath,2,$148.00,2,TRUE,TRUE,26,4.69,90,4
46584573,2023-12-14,Fairview,49.25946,-123.13919,Entire home/apt,2,1 bath,1,NA,3,FALSE,TRUE,0,NA,0,1
46585029,2023-12-13,Kitsilano,49.27346,-123.14844,Entire home/apt,2,2 baths,2,$131.00,30,TRUE,FALSE,15,4.93,88,2
46585566,2023-12-14,Downtown,49.28025,-123.11069,Entire home/apt,5,1 bath,3,$76.00,1,TRUE,FALSE,227,4.76,0,5
46599369,2023-12-14,Downtown,49.28075,-123.1243,Entire home/apt,2,1 bath,1,NA,30,TRUE,FALSE,4,4.5,0,1
46662841,2023-12-13,Riley Park,49.25119,-123.10458,Entire home/apt,4,1 bath,2,$150.00,3,TRUE,FALSE,105,4.95,341,1
46727775,2023-12-14,Sunset,49.21241,-123.09853,Private room,1,1 shared bath,1,NA,30,FALSE,TRUE,0,NA,0,1
46772092,2023-12-14,Downtown Eastside,49.2796745300293,-123.10015106201172,Entire home/apt,6,2 baths,3,$300.00,3,TRUE,FALSE,110,4.9,0,1
46778162,2023-12-14,West End,49.28085,-123.12729,Entire home/apt,2,1 bath,1,$105.00,2,FALSE,FALSE,121,4.58,0,1
46801517,2023-12-14,Mount Pleasant,49.25775,-123.09238,Entire home/apt,4,1 bath,2,$90.00,30,FALSE,FALSE,8,4.38,60,2
46802773,2023-12-14,Renfrew-Collingwood,49.24297,-123.0386,Private room,2,1 private bath,1,$40.00,15,FALSE,FALSE,1,4,0,1
46813733,2023-12-14,Downtown,49.274403,-123.130981,Entire home/apt,2,1 bath,1,$135.00,30,FALSE,FALSE,8,3.88,54,21
46814074,2023-12-14,Downtown,49.274403,-123.130981,Entire home/apt,2,1 bath,1,$95.00,30,FALSE,FALSE,6,4.67,179,21
46814336,2023-12-14,West End,49.28399,-123.1299,Entire home/apt,4,2 baths,2,$390.00,3,TRUE,FALSE,50,4.96,18,1
46859272,2023-12-13,Marpole,49.21267,-123.1217,Entire home/apt,5,1 bath,4,$138.00,1,FALSE,FALSE,11,4.73,75,1
46871291,2023-12-14,Kensington-Cedar Cottage,49.25202,-123.08033,Entire home/apt,4,1 bath,3,$169.00,3,TRUE,FALSE,35,4.97,9,1
46876859,2023-12-14,Hastings-Sunrise,49.2742,-123.05065,Entire home/apt,6,1 bath,3,$74.00,30,FALSE,TRUE,15,4.6,323,1
46877180,2023-12-14,Downtown,49.274403,-123.130981,Entire home/apt,2,1 bath,1,$111.00,30,FALSE,FALSE,7,5,159,21
46878960,2023-12-14,Downtown,49.274403,-123.130981,Entire home/apt,2,1 bath,1,$95.00,30,FALSE,FALSE,11,4.45,126,21
46879080,2023-12-14,Downtown,49.27809,-123.10953,Private room,1,1 shared bath,1,NA,60,FALSE,TRUE,0,NA,0,1
46898223,2023-12-13,Downtown,49.274403,-123.130981,Entire home/apt,2,1 bath,1,$91.00,30,FALSE,FALSE,8,4.88,120,21
46902210,2023-12-13,Hastings-Sunrise,49.28511,-123.0277,Entire home/apt,4,1.5 baths,2,$142.00,3,TRUE,FALSE,79,4.91,163,1
46924652,2023-12-14,Downtown,49.27784,-123.10827,Entire home/apt,2,1 bath,1,$199.00,30,TRUE,TRUE,69,4.96,41,3
46928669,2023-12-14,Downtown Eastside,49.27892,-123.09921,Entire home/apt,2,1 bath,1,$159.00,30,FALSE,TRUE,2,5,0,1
46949692,2023-12-14,Downtown,49.27865,-123.11916,Entire home/apt,4,1 bath,2,$400.00,3,TRUE,FALSE,46,4.89,10,1
46967295,2023-12-14,West End,49.28988,-123.13328,Entire home/apt,2,1 bath,1,$125.00,30,TRUE,FALSE,3,4.67,266,37
46973572,2023-12-14,Downtown,49.27776,-123.10656,Entire home/apt,5,2 baths,3,NA,2,FALSE,FALSE,62,4.68,0,1
46995034,2023-12-13,South Cambie,49.25612,-123.1197,Entire home/apt,3,1 bath,1,$107.00,4,TRUE,FALSE,98,4.72,63,1
47048836,2023-12-14,Downtown Eastside,49.27747,-123.09852,Entire home/apt,4,1 bath,2,$165.00,2,TRUE,FALSE,139,4.91,343,1
47054062,2023-12-14,Downtown,49.274403,-123.130981,Entire home/apt,2,1 bath,1,$95.00,30,FALSE,TRUE,5,4.2,179,21
47054554,2023-12-14,Downtown,49.274403,-123.130981,Entire home/apt,2,1 bath,1,$95.00,30,FALSE,FALSE,11,4.55,179,21
47054698,2023-12-14,Downtown,49.274403,-123.130981,Entire home/apt,2,1 bath,1,$95.00,30,FALSE,FALSE,6,4.5,179,21
47054734,2023-12-14,Downtown,49.274403,-123.130981,Entire home/apt,2,1 bath,1,$95.00,30,FALSE,FALSE,5,4.4,120,21
47054802,2023-12-14,Downtown,49.274403,-123.130981,Entire home/apt,2,1 bath,1,$95.00,30,FALSE,FALSE,9,4.67,179,21
47054854,2023-12-14,Downtown,49.274403,-123.130981,Entire home/apt,2,1 bath,1,$95.00,30,FALSE,FALSE,6,4.67,124,21
47055026,2023-12-14,Downtown,49.274403,-123.130981,Entire home/apt,2,1 bath,1,$95.00,30,FALSE,FALSE,3,4.33,89,21
47055094,2023-12-14,Downtown,49.274403,-123.130981,Entire home/apt,2,1 bath,1,$95.00,30,FALSE,FALSE,7,4.43,179,21
47055165,2023-12-14,Downtown,49.274403,-123.130981,Entire home/apt,2,1 bath,1,$91.00,30,FALSE,TRUE,6,4.33,177,21
47095909,2023-12-14,West End,49.28175,-123.12883,Private room,2,1 shared bath,1,$52.00,30,FALSE,TRUE,11,4,31,6
47132519,2023-12-14,Marpole,49.212098495506616,-123.13883279678794,Entire home/apt,4,2 baths,2,NA,30,FALSE,FALSE,1,5,0,1
47135214,2023-12-14,West End,49.28937,-123.13816,Entire home/apt,2,1 bath,1,NA,2,FALSE,FALSE,14,4.71,0,2
47140496,2023-12-14,Dunbar Southlands,49.25707,-123.17826,Entire home/apt,3,1 bath,2,$200.00,30,FALSE,FALSE,4,4.25,295,3
47143888,2023-12-14,Dunbar Southlands,49.257,-123.17841,Entire home/apt,3,1.5 baths,3,$200.00,30,FALSE,FALSE,4,5,58,3
47144051,2023-12-14,Dunbar Southlands,49.25644,-123.17836,Entire home/apt,2,1 bath,2,$150.00,30,FALSE,FALSE,0,NA,119,3
47160136,2023-12-13,Kitsilano,49.25728,-123.15224,Private room,2,1 private bath,1,$95.00,3,TRUE,TRUE,52,4.75,11,2
47178276,2023-12-14,Downtown,49.28644,-123.1153,Entire home/apt,5,2 baths,2,$265.00,30,TRUE,FALSE,8,5,251,2
47179938,2023-12-14,Downtown,49.27966,-123.10847,Entire home/apt,6,2 baths,3,$237.00,2,TRUE,FALSE,174,4.83,170,1
47208969,2023-12-13,Kensington-Cedar Cottage,49.24389,-123.07652,Private room,1,1 bath,1,$33.00,30,FALSE,TRUE,1,4,40,1
47247772,2023-12-14,Kensington-Cedar Cottage,49.24946,-123.06599,Entire home/apt,4,1.5 baths,3,$350.00,1,FALSE,FALSE,5,3,364,1
47274563,2023-12-14,West End,49.2847,-123.13447,Entire home/apt,2,1 bath,2,$400.00,2,FALSE,FALSE,0,NA,360,1
47292724,2023-12-14,West End,49.28146,-123.1305,Private room,2,1 shared bath,1,$46.00,30,FALSE,TRUE,13,4.31,15,6
47315911,2023-12-14,Kensington-Cedar Cottage,49.24077,-123.07489,Entire home/apt,5,2 baths,2,$139.00,2,FALSE,FALSE,87,4.64,170,1
47316298,2023-12-13,Riley Park,49.25601,-123.11343,Entire home/apt,2,1 bath,1,$137.00,9,TRUE,FALSE,64,4.98,34,1
47328611,2023-12-13,West Point Grey,49.26993,-123.18599,Entire home/apt,4,1 bath,4,$190.00,1,TRUE,FALSE,106,4.83,166,1
47344582,2023-12-14,Grandview-Woodland,49.27827,-123.07244,Entire home/apt,2,1 bath,1,$109.00,1,TRUE,FALSE,178,4.87,0,3
47373270,2023-12-14,Dunbar Southlands,49.25296,-123.18593,Entire home/apt,2,1 bath,2,$125.00,2,FALSE,TRUE,87,4.93,0,1
47406734,2023-12-13,Mount Pleasant,49.2611,-123.08638,Entire home/apt,4,1 bath,3,$113.00,1,TRUE,FALSE,94,4.78,43,1
47428119,2023-12-14,Downtown,49.27518,-123.1303,Entire home/apt,5,1 bath,3,NA,60,FALSE,FALSE,0,NA,0,1
47428324,2023-12-13,Oakridge,49.22397,-123.12685,Private room,2,1 bath,1,$150.00,365,FALSE,TRUE,0,NA,365,1
47432370,2023-12-14,Downtown,49.28054,-123.10969,Entire home/apt,6,2 baths,3,$256.00,1,FALSE,TRUE,91,4.8,342,1
47472982,2023-12-14,Downtown Eastside,49.28349,-123.10288,Entire home/apt,2,1 bath,1,$250.00,30,FALSE,FALSE,2,4.5,89,1
47474716,2023-12-14,Downtown,49.28006,-123.1232,Entire home/apt,6,1 bath,3,$194.00,1,FALSE,FALSE,212,4.83,2,1
47480096,2023-12-14,Renfrew-Collingwood,49.25623,-123.02777,Entire home/apt,5,1 bath,3,$135.00,1,TRUE,FALSE,196,4.84,0,1
47533716,2023-12-14,Downtown,49.27663,-123.12775,Entire home/apt,2,2 baths,3,$130.00,30,TRUE,FALSE,10,5,132,1
47549583,2023-12-14,Kitsilano,49.26779,-123.17811,Private room,2,1 bath,1,NA,2,FALSE,TRUE,0,NA,0,1
47568742,2023-12-14,Mount Pleasant,49.2648,-123.10051,Entire home/apt,4,1 bath,2,$247.00,3,FALSE,FALSE,17,4.47,0,1
47585339,2023-12-14,West End,49.28406,-123.12215,Entire home/apt,3,1 bath,2,$189.00,1,FALSE,FALSE,42,4.88,70,1
47705051,2023-12-13,Renfrew-Collingwood,49.25397,-123.05608,Entire home/apt,2,1 bath,2,$143.00,2,TRUE,TRUE,20,4.6,90,4
47730733,2023-12-14,Downtown,49.27226,-123.1256,Entire home/apt,2,1 bath,1,$115.00,30,FALSE,FALSE,1,5,18,42
47747309,2023-12-14,Victoria-Fraserview,49.21165,-123.06169,Entire home/apt,4,1 bath,2,$89.00,30,TRUE,TRUE,52,4.69,58,1
47761289,2023-12-13,South Cambie,49.24945,-123.1176,Entire home/apt,4,1 bath,2,$120.00,30,TRUE,FALSE,15,4.87,247,1
47786594,2023-12-14,Riley Park,49.25183,-123.0919,Entire home/apt,4,1 bath,2,$115.00,4,TRUE,FALSE,50,4.84,5,1
47863649,2023-12-13,West Point Grey,49.26161,-123.20293,Entire home/apt,6,2 baths,3,$542.00,4,FALSE,TRUE,1,4,120,2
47870299,2023-12-14,Downtown,49.27366,-123.12879,Entire home/apt,2,1 bath,1,$175.00,30,TRUE,FALSE,14,5,0,1
47892580,2023-12-14,Downtown,49.27707,-123.13194,Entire home/apt,2,1 bath,2,NA,89,FALSE,FALSE,1,5,0,1
47908132,2023-12-14,Riley Park,49.24542,-123.10349,Entire home/apt,2,1 bath,1,$110.00,1,TRUE,FALSE,184,4.91,0,1
47908245,2023-12-14,Downtown,49.27937,-123.12765,Entire home/apt,2,1 bath,1,$115.00,30,FALSE,FALSE,4,4.75,347,42
47920470,2023-12-13,Downtown,49.27453,-123.1166,Entire home/apt,4,1 bath,2,$260.00,30,FALSE,FALSE,7,4.71,227,4
47980419,2023-12-13,Fairview,49.26016,-123.12614,Entire home/apt,2,1 bath,1,$100.00,30,FALSE,FALSE,10,4.3,262,30
48004011,2023-12-14,West End,49.28406,-123.12878,Entire home/apt,2,1 bath,1,$99.00,30,FALSE,FALSE,6,4.5,72,19
48005143,2023-12-14,West End,49.28406,-123.12878,Entire home/apt,2,2 baths,1,$135.00,30,FALSE,FALSE,2,4,70,19
48015009,2023-12-14,Downtown,49.28844,-123.12299,Entire home/apt,5,2.5 baths,4,$332.00,1,TRUE,TRUE,23,5,0,1
48019527,2023-12-14,Mount Pleasant,49.26161,-123.10126,Entire home/apt,3,1 bath,1,$125.00,29,TRUE,FALSE,11,4.82,142,2
48030531,2023-12-13,Victoria-Fraserview,49.21604,-123.07046,Entire home/apt,4,1 bath,3,$178.00,1,FALSE,FALSE,11,4.82,111,1
48070793,2023-12-13,Oakridge,49.22067,-123.13884,Private room,2,1 private bath,1,$82.00,1,FALSE,TRUE,252,4.69,156,1
48078844,2023-12-13,Kitsilano,49.26325,-123.14771,Entire home/apt,3,1 bath,1,$115.00,30,FALSE,FALSE,1,4,365,5
48082323,2023-12-14,Fairview,49.26698,-123.12909,Entire home/apt,6,2 baths,3,"$1,929.00",2,TRUE,TRUE,54,4.93,330,1
48083270,2023-12-13,Mount Pleasant,49.26573,-123.09855,Entire home/apt,4,2 baths,4,"$8,699.00",30,FALSE,FALSE,10,4.9,251,2
48087568,2023-12-14,West End,49.28406,-123.12878,Entire home/apt,2,1 bath,1,$99.00,30,FALSE,FALSE,1,5,99,19
48090976,2023-12-14,Downtown Eastside,49.28018,-123.09981,Entire home/apt,2,1 bath,1,$80.00,30,TRUE,FALSE,0,NA,12,7
48098921,2023-12-14,West End,49.28406,-123.12878,Entire home/apt,2,1 bath,1,$95.00,30,FALSE,FALSE,2,4.5,146,19
48113043,2023-12-14,West End,49.28406,-123.12878,Entire home/apt,2,2 baths,1,$153.00,30,FALSE,FALSE,0,NA,0,19
48125431,2023-12-14,Downtown,49.27965,-123.10892,Entire home/apt,4,2 baths,2,$175.00,2,TRUE,FALSE,118,4.82,17,1
48159315,2023-12-14,Downtown,49.28666,-123.12343,Entire home/apt,2,1 bath,1,$288.00,30,TRUE,FALSE,14,4.86,240,1
48167443,2023-12-13,Marpole,49.212135,-123.142746,Entire home/apt,4,2 baths,3,$150.00,30,FALSE,TRUE,89,4.69,123,43
48201860,2023-12-14,Downtown,49.27884,-123.1074,Entire home/apt,4,2 baths,2,NA,2,FALSE,FALSE,121,4.6,0,1
48215352,2023-12-14,Fairview,49.25955,-123.12032,Entire home/apt,1,1 bath,1,$100.00,30,FALSE,FALSE,5,4.4,150,1
48227761,2023-12-14,Downtown,49.274403,-123.130981,Entire home/apt,2,1 bath,1,$91.00,30,FALSE,FALSE,6,4.5,177,21
48228018,2023-12-14,Downtown,49.274403,-123.130981,Entire home/apt,2,1 bath,1,$95.00,30,FALSE,FALSE,4,3.75,153,21
48242718,2023-12-14,Downtown,49.27294,-123.12649,Entire home/apt,2,1 bath,1,$110.00,30,FALSE,FALSE,1,5,128,42
48243511,2023-12-14,Hastings-Sunrise,49.27149,-123.04099,Entire home/apt,2,1 bath,1,$77.00,1,TRUE,FALSE,174,4.85,0,1
48258110,2023-12-14,Kensington-Cedar Cottage,49.2527,-123.062,Entire home/apt,2,1 bath,2,$140.00,2,TRUE,TRUE,96,4.93,0,1
48258797,2023-12-14,Downtown Eastside,49.27871770749228,-123.09961626552035,Entire home/apt,6,2 baths,3,$225.00,2,FALSE,FALSE,99,4.77,295,1
48258965,2023-12-14,Downtown,49.27867,-123.1085,Entire home/apt,4,2 baths,2,$200.00,2,FALSE,FALSE,49,4.88,0,1
48280301,2023-12-14,Kensington-Cedar Cottage,49.25299,-123.05986,Entire home/apt,6,1 bath,3,NA,5,FALSE,TRUE,53,4.45,0,1
48310359,2023-12-13,Downtown,49.27618,-123.12412,Entire home/apt,4,1.5 baths,2,$139.00,31,TRUE,TRUE,9,4.78,170,1
48311778,2023-12-13,Grandview-Woodland,49.27532,-123.05847,Entire home/apt,2,1 bath,1,$107.00,3,TRUE,FALSE,88,4.89,58,1
48319859,2023-12-14,West End,49.29148,-123.14048,Entire home/apt,3,1 bath,1,$145.00,30,FALSE,FALSE,2,5,26,1
48343866,2023-12-14,Downtown,49.27807,-123.12173,Entire home/apt,3,1 bath,2,$200.00,2,TRUE,FALSE,124,4.86,0,1
48369124,2023-12-14,Kitsilano,49.2743,-123.15123,Entire home/apt,4,1 bath,2,$242.00,2,FALSE,TRUE,124,4.71,0,2
48380631,2023-12-14,Downtown,49.27455,-123.13219,Entire home/apt,2,1 bath,1,$250.00,30,TRUE,TRUE,6,5,232,1
48384060,2023-12-14,Kitsilano,49.274,-123.15117,Entire home/apt,4,1 bath,2,NA,30,FALSE,TRUE,20,4.95,0,2
48395477,2023-12-14,Kensington-Cedar Cottage,49.24561,-123.09003,Entire home/apt,2,1 bath,NA,$139.00,30,FALSE,FALSE,0,NA,364,1
48406680,2023-12-14,Downtown,49.27734,-123.12945,Entire home/apt,3,1 bath,1,NA,10,FALSE,FALSE,1,1,0,1
48441604,2023-12-14,Kitsilano,49.26574,-123.14715,Entire home/apt,2,1 bath,NA,$116.00,4,TRUE,FALSE,79,4.88,0,1
48473757,2023-12-14,Downtown,49.28107,-123.12299,Entire home/apt,4,1 bath,2,$116.00,1,TRUE,FALSE,190,4.85,0,1
48487736,2023-12-14,Kitsilano,49.265,-123.15854,Entire home/apt,2,1 bath,2,$92.00,30,FALSE,FALSE,1,5,239,1
48499335,2023-12-14,Downtown,49.28048,-123.1265,Entire home/apt,3,1 bath,2,$92.00,3,FALSE,TRUE,136,4.63,0,1
48509898,2023-12-13,Kensington-Cedar Cottage,49.24829,-123.08672,Entire home/apt,3,1 bath,2,$159.00,3,FALSE,FALSE,44,5,55,1
48526879,2023-12-13,Mount Pleasant,49.26086,-123.08846,Entire home/apt,6,2 baths,2,$116.00,1,FALSE,FALSE,96,4.63,37,1
48547310,2023-12-13,Kitsilano,49.271591,-123.161057,Entire home/apt,2,1 bath,1,$250.00,3,TRUE,TRUE,70,4.96,341,1
48553847,2023-12-14,Downtown,49.278571372832936,-123.1236389772274,Entire home/apt,2,1 bath,1,$118.00,1,TRUE,FALSE,255,4.87,243,1
48554012,2023-12-13,Fairview,49.25766,-123.1252,Private room,2,1 private bath,1,$63.00,35,TRUE,FALSE,10,5,47,2
48562554,2023-12-14,Grandview-Woodland,49.2771,-123.06348,Entire home/apt,5,1 bath,2,$87.00,1,TRUE,FALSE,222,4.91,0,1
48574343,2023-12-14,Kerrisdale,49.22105,-123.14342,Entire home/apt,4,1 bath,2,$96.00,30,TRUE,FALSE,9,4.78,221,2
48577269,2023-12-14,West End,49.28434,-123.13376,Entire home/apt,2,1 bath,1,$230.00,31,FALSE,FALSE,0,NA,0,38
48577652,2023-12-14,West End,49.2861,-123.13491,Entire home/apt,2,1 bath,1,$230.00,31,FALSE,FALSE,2,5,337,38
48577969,2023-12-14,West End,49.2867,-123.13479,Entire home/apt,2,1 bath,1,$230.00,31,FALSE,FALSE,0,NA,88,38
48578263,2023-12-14,West End,49.28611,-123.1335,Entire home/apt,2,1 bath,1,$230.00,31,FALSE,FALSE,2,4.5,337,38
48578918,2023-12-14,West End,49.28665,-123.13488,Entire home/apt,2,1 bath,1,$230.00,31,FALSE,FALSE,0,NA,0,38
48579389,2023-12-14,West End,49.28635,-123.13539,Entire home/apt,2,1 bath,1,$230.00,31,FALSE,FALSE,1,5,338,38
48579791,2023-12-14,West End,49.28451,-123.13501,Entire home/apt,2,1 bath,1,$230.00,31,FALSE,FALSE,3,5,339,38
48587260,2023-12-14,Downtown,49.27992,-123.10715,Entire home/apt,4,1 bath,3,$152.00,2,FALSE,TRUE,181,4.72,21,1
48611956,2023-12-14,West End,49.2868,-123.12484,Entire home/apt,2,1 bath,1,$149.00,30,TRUE,TRUE,202,4.8,292,2
48612967,2023-12-14,Downtown,49.27617,-123.12499,Entire home/apt,3,1 bath,1,$150.00,30,TRUE,FALSE,0,NA,169,1
48640539,2023-12-14,Arbutus Ridge,49.23708,-123.16252,Entire home/apt,6,1.5 baths,3,$143.00,3,TRUE,FALSE,109,4.9,162,2
48661064,2023-12-13,Downtown,49.29436,-123.13473,Entire home/apt,4,1 bath,1,$130.00,30,FALSE,TRUE,5,5,334,12
48682875,2023-12-14,Downtown Eastside,49.2752,-123.09992,Entire home/apt,4,1 bath,2,$70.00,2,FALSE,FALSE,244,4.79,69,5
48713011,2023-12-14,West End,49.28111,-123.13463,Entire home/apt,3,1 bath,2,NA,30,FALSE,TRUE,1,5,0,1
48722790,2023-12-14,Victoria-Fraserview,49.21841,-123.0756,Entire home/apt,2,2 baths,2,$129.00,3,TRUE,FALSE,61,4.84,10,5
48737659,2023-12-14,Hastings-Sunrise,49.27763,-123.02775,Entire home/apt,2,1 bath,1,$101.00,1,TRUE,FALSE,161,4.86,0,1
48756845,2023-12-13,Mount Pleasant,49.25875,-123.11044,Entire home/apt,2,1 bath,1,$150.00,2,TRUE,FALSE,104,5,64,1
48760992,2023-12-13,Killarney,49.22866,-123.03668,Entire home/apt,2,1 bath,2,$83.00,7,TRUE,FALSE,32,4.91,349,2
48761092,2023-12-13,Killarney,49.22836,-123.0381,Entire home/apt,2,1 bath,2,$72.00,7,TRUE,FALSE,30,4.8,356,2
48773250,2023-12-13,Grandview-Woodland,49.27709,-123.0729,Entire home/apt,2,1 bath,1,$110.00,5,TRUE,FALSE,27,5,14,1
48846092,2023-12-14,West End,49.29104,-123.13265,Entire home/apt,2,1 bath,1,$125.00,30,TRUE,FALSE,2,5,269,37
48846105,2023-12-14,West End,49.27742,-123.13524,Entire home/apt,3,1 bath,1,$145.00,30,TRUE,FALSE,4,5,267,37
48846533,2023-12-14,Fairview,49.25829,-123.13743,Entire home/apt,4,1.5 baths,3,NA,7,TRUE,FALSE,0,NA,0,1
48846867,2023-12-14,Mount Pleasant,49.26148,-123.08115,Entire home/apt,10,2.5 baths,6,$288.00,4,FALSE,TRUE,35,4.66,143,1
48883040,2023-12-14,West End,49.27941,-123.13675,Entire home/apt,2,1 bath,1,$145.00,30,TRUE,FALSE,3,4.67,184,37
48884299,2023-12-14,Downtown,49.28234,-123.12423,Entire home/apt,4,1 bath,2,$453.00,30,TRUE,FALSE,7,5,160,7
48920775,2023-12-14,West End,49.27993,-123.13312,Entire home/apt,2,1 bath,1,$123.00,30,TRUE,FALSE,23,4.91,251,1
48960147,2023-12-14,Downtown Eastside,49.27903,-123.10124,Entire home/apt,3,1 bath,NA,$120.00,2,FALSE,TRUE,64,4.68,0,1
48961715,2023-12-14,Kensington-Cedar Cottage,49.24019,-123.08661,Entire home/apt,4,1 bath,2,$135.00,3,TRUE,FALSE,41,4.98,60,1
49082089,2023-12-14,Downtown,49.29013,-123.12886,Entire home/apt,4,1 bath,2,$14.00,30,FALSE,FALSE,8,4.75,161,1
49093947,2023-12-14,Downtown,49.28183,-123.11988,Entire home/apt,2,1 bath,1,$150.00,30,FALSE,FALSE,1,5,159,21
49095894,2023-12-13,Kitsilano,49.27459,-123.1455,Entire home/apt,6,2.5 baths,4,$783.00,30,FALSE,FALSE,4,5,57,1
49111180,2023-12-14,Downtown,49.29073,-123.12754,Entire home/apt,3,1 bath,2,$120.00,30,FALSE,FALSE,1,5,179,11
49116789,2023-12-14,Arbutus Ridge,49.254,-123.15372,Entire home/apt,7,3.5 baths,5,NA,7,FALSE,FALSE,13,5,0,1
49118691,2023-12-13,Kitsilano,49.26779,-123.17905,Private room,1,1 shared bath,NA,$62.00,31,FALSE,FALSE,1,4,364,7
49148812,2023-12-14,West End,49.28822,-123.13061,Entire home/apt,2,1 bath,1,$139.00,30,TRUE,TRUE,0,NA,269,6
49174307,2023-12-14,Renfrew-Collingwood,49.25635,-123.03981,Entire home/apt,4,1 bath,2,$142.00,1,FALSE,FALSE,123,4.27,0,1
49180753,2023-12-13,Downtown Eastside,49.28316,-123.08981,Entire home/apt,4,2 baths,4,$120.00,7,FALSE,FALSE,9,4.56,160,1
49215656,2023-12-14,West End,49.28185,-123.12644,Entire home/apt,4,1 bath,3,$135.00,30,FALSE,FALSE,30,4.7,168,2
49227757,2023-12-13,Mount Pleasant,49.26851,-123.10604,Entire home/apt,2,1 bath,1,$126.00,30,TRUE,FALSE,11,5,157,1
49250546,2023-12-13,Marpole,49.20883,-123.1189,Entire home/apt,3,1 bath,2,$90.00,30,FALSE,TRUE,2,5,220,1
49250591,2023-12-14,Downtown Eastside,49.28126,-123.10823,Entire home/apt,2,1 bath,1,$170.00,4,TRUE,FALSE,19,4.95,73,1
49261827,2023-12-13,Downtown,49.27492,-123.12271,Entire home/apt,3,1 bath,2,$105.00,30,FALSE,FALSE,0,NA,77,1
49263262,2023-12-14,Downtown,49.27661,-123.12705,Entire home/apt,6,2 baths,4,$226.00,2,FALSE,TRUE,29,4.52,37,1
49263410,2023-12-14,Killarney,49.23203,-123.04651,Private room,1,1 shared bath,NA,NA,30,FALSE,TRUE,0,NA,0,1
49292823,2023-12-14,Mount Pleasant,49.26632,-123.09976,Entire home/apt,2,1 bath,1,$75.00,4,FALSE,FALSE,13,5,2,2
49293657,2023-12-14,Victoria-Fraserview,49.21267,-123.06414,Entire home/apt,6,1 bath,3,$229.00,3,FALSE,FALSE,30,4.6,269,1
49322534,2023-12-14,Downtown,49.28644,-123.1153,Entire home/apt,4,2 baths,2,$250.00,30,TRUE,FALSE,10,4.9,123,13
49347205,2023-12-14,Downtown,49.27936,-123.10821,Entire home/apt,6,2 baths,4,$277.00,1,TRUE,FALSE,76,4.95,0,1
49367406,2023-12-14,Marpole,49.21806,-123.14074,Entire home/apt,6,2.5 baths,3,$241.00,30,TRUE,FALSE,15,5,321,1
49385564,2023-12-14,Downtown Eastside,49.28021,-123.10461,Entire home/apt,2,1 bath,1,$89.00,30,TRUE,FALSE,10,5,87,1
49405745,2023-12-13,Kensington-Cedar Cottage,49.24176,-123.08412,Entire home/apt,2,1 bath,1,$72.00,3,TRUE,FALSE,71,4.82,210,1
49417587,2023-12-14,Downtown,49.281143,-123.125366,Entire home/apt,3,1 bath,2,$116.00,30,TRUE,FALSE,18,4.89,209,1
49444222,2023-12-13,Mount Pleasant,49.26453,-123.10106,Entire home/apt,4,1 bath,2,$111.00,2,FALSE,FALSE,116,4.91,64,2
49445133,2023-12-14,West End,49.28513,-123.13315,Entire home/apt,2,1 bath,1,$230.00,31,FALSE,FALSE,2,5,338,38
49449135,2023-12-14,Downtown,49.27986,-123.10773,Entire home/apt,6,2 baths,4,$276.00,1,TRUE,TRUE,47,4.92,0,3
49460681,2023-12-13,South Cambie,49.25452,-123.1246,Private room,1,1 shared bath,1,$40.00,30,FALSE,FALSE,6,4.5,164,2
49463332,2023-12-14,West End,49.28576,-123.1353,Entire home/apt,2,1 bath,1,$230.00,31,FALSE,FALSE,2,4,320,38
49467325,2023-12-13,Sunset,49.23102,-123.0791,Entire home/apt,2,1 bath,1,$70.00,30,FALSE,FALSE,10,4.6,58,2
49469128,2023-12-13,Sunset,49.23208,-123.08063,Entire home/apt,2,1 bath,1,$55.00,30,FALSE,FALSE,8,4.63,188,2
49487564,2023-12-14,Downtown,49.28018,-123.10849,Entire home/apt,4,1 bath,3,$123.00,1,TRUE,FALSE,162,4.77,172,1
49496849,2023-12-13,West End,49.29271,-123.13453,Entire home/apt,3,1 bath,2,$138.00,30,FALSE,TRUE,0,NA,255,12
49505394,2023-12-13,Arbutus Ridge,49.25059,-123.16999,Entire home/apt,3,1 bath,2,$112.00,4,TRUE,FALSE,99,4.99,106,1
49506913,2023-12-13,Hastings-Sunrise,49.28696,-123.05642,Entire home/apt,6,2 baths,3,$468.00,3,TRUE,TRUE,27,4.89,329,1
49532581,2023-12-13,Riley Park,49.246181,-123.101997,Entire home/apt,2,1 bath,2,$135.00,30,TRUE,FALSE,54,4.96,42,2
49533657,2023-12-14,Kitsilano,49.26446,-123.18129,Private room,4,1 private bath,2,$177.00,2,TRUE,FALSE,112,4.93,89,1
49550641,2023-12-13,Kitsilano,49.26356,-123.14739,Entire home/apt,4,1 bath,4,$150.00,30,FALSE,FALSE,3,4.33,365,5
49553408,2023-12-14,Downtown,49.277130126953125,-123.1286392211914,Entire home/apt,2,1 bath,1,$170.00,30,FALSE,TRUE,3,5,330,1
49598472,2023-12-13,Kitsilano,49.2633,-123.14727,Entire home/apt,4,1 bath,4,$140.00,30,FALSE,FALSE,3,4.33,365,5
49598735,2023-12-14,Riley Park,49.243328,-123.092522,Entire home/apt,4,1 bath,3,$153.00,2,TRUE,FALSE,86,4.84,0,1
49598996,2023-12-14,Downtown Eastside,49.28344,-123.10375,Entire home/apt,2,1 bath,1,$100.00,30,TRUE,FALSE,8,4.88,312,13
49608999,2023-12-14,Downtown,49.28018,-123.12502,Entire home/apt,3,1 bath,1,$125.00,1,FALSE,FALSE,130,4.88,154,1
49611171,2023-12-14,Shaughnessy,49.25103,-123.1492,Entire home/apt,6,3 baths,4,$257.00,3,TRUE,FALSE,87,4.97,0,1
49611812,2023-12-14,Killarney,49.23176,-123.03904,Entire home/apt,3,1 bath,1,$109.00,30,FALSE,TRUE,27,4.7,221,1
49629032,2023-12-14,Hastings-Sunrise,49.275593,-123.037743,Entire home/apt,2,1 bath,1,$90.00,2,TRUE,TRUE,160,4.9,0,2
49659579,2023-12-14,Arbutus Ridge,49.23616,-123.16346,Entire home/apt,4,1 bath,3,$142.00,3,TRUE,FALSE,107,4.85,123,2
49671642,2023-12-14,Riley Park,49.24824,-123.09289,Entire home/apt,4,1 bath,2,$250.00,2,TRUE,FALSE,95,4.88,221,1
49672841,2023-12-14,West End,49.2861,-123.12557,Entire home/apt,4,2 baths,3,$160.00,150,FALSE,FALSE,0,NA,358,2
49676079,2023-12-14,Downtown,49.27908,-123.10974,Entire home/apt,4,1 bath,2,NA,2,TRUE,FALSE,140,4.96,0,1
49711999,2023-12-13,West End,49.2928,-123.13653,Entire home/apt,6,2 baths,3,$388.00,30,FALSE,FALSE,1,5,358,12
49714670,2023-12-14,Downtown,49.27816,-123.13049,Entire home/apt,2,1 bath,1,$133.00,3,TRUE,TRUE,18,4.94,77,1
49728888,2023-12-14,West End,49.28545,-123.138466,Entire home/apt,2,1 bath,1,$227.00,31,FALSE,FALSE,1,5,88,38
49732231,2023-12-13,West End,49.29411,-123.13638,Entire home/apt,4,1 bath,1,$130.00,30,FALSE,TRUE,8,5,286,12
49736233,2023-12-14,West End,49.28629,-123.13803,Entire home/apt,2,1 bath,1,$210.00,31,FALSE,FALSE,1,5,88,38
49736443,2023-12-14,West End,49.28513,-123.13737,Entire home/apt,2,1 bath,1,$213.00,31,FALSE,FALSE,2,4.5,88,38
49736607,2023-12-14,West End,49.28438,-123.13945,Entire home/apt,2,1 bath,1,$210.00,31,FALSE,FALSE,4,4,55,38
49738253,2023-12-14,West End,49.29217,-123.13457,Entire home/apt,2,1 bath,1,$145.00,30,FALSE,TRUE,4,5,259,12
49756244,2023-12-13,Oakridge,49.227,-123.11221,Private room,2,NA,1,$60.00,30,FALSE,TRUE,8,4.88,140,20
49756276,2023-12-14,Kensington-Cedar Cottage,49.2551,-123.08143,Entire home/apt,2,1 bath,2,$86.00,30,TRUE,FALSE,12,5,87,2
49759027,2023-12-14,Dunbar Southlands,49.24383,-123.18171,Entire home/apt,4,2 baths,2,$188.00,30,TRUE,FALSE,39,4.9,174,1
49759600,2023-12-13,Oakridge,49.2266631,-123.1132735,Private room,1,1 private bath,1,$55.00,30,FALSE,TRUE,1,5,365,20
49855529,2023-12-14,West End,49.28603,-123.12383,Entire home/apt,3,1 bath,1,$168.00,1,FALSE,FALSE,143,4.6,65,2
49888707,2023-12-14,Victoria-Fraserview,49.21851,-123.07433,Entire home/apt,5,1 bath,2,$160.00,3,FALSE,FALSE,79,4.73,76,2
49896211,2023-12-13,Hastings-Sunrise,49.26291,-123.04073,Private room,2,1 shared bath,1,$52.00,30,FALSE,FALSE,3,3.67,131,8
49909554,2023-12-14,Victoria-Fraserview,49.22013,-123.07263,Entire home/apt,3,1 bath,2,$90.00,4,FALSE,FALSE,74,4.78,76,2
49916516,2023-12-14,Hastings-Sunrise,49.26462,-123.04109,Private room,2,1 shared bath,1,$50.00,30,FALSE,FALSE,6,4.57,0,8
49924638,2023-12-14,Kitsilano,49.26808,-123.16623,Entire home/apt,5,1 bath,3,$204.00,2,TRUE,FALSE,86,4.88,73,1
49952404,2023-12-14,Dunbar Southlands,49.24838,-123.17097,Entire home/apt,2,2 baths,1,$210.00,3,TRUE,FALSE,27,4.93,357,1
49952443,2023-12-14,Downtown,49.28844,-123.12522,Entire home/apt,2,1 bath,NA,$80.00,30,TRUE,FALSE,0,NA,0,1
49965502,2023-12-14,Downtown,49.27515,-123.11137,Entire home/apt,5,3 baths,3,$600.00,30,TRUE,FALSE,2,5,358,2
50007462,2023-12-14,Kitsilano,49.2589,-123.1645,Entire home/apt,4,1 bath,2,$259.00,30,TRUE,TRUE,18,4.94,193,4
50009867,2023-12-14,Downtown Eastside,49.278,-123.07801,Private room,2,2 shared baths,1,NA,3,FALSE,FALSE,4,5,0,2
50009999,2023-12-14,West Point Grey,49.26641,-123.20401,Entire home/apt,16,6.5 baths,6,"$8,391.00",30,FALSE,FALSE,0,NA,365,4
50017691,2023-12-14,West End,49.28093,-123.13215,Entire home/apt,3,1 bath,1,$99.00,30,FALSE,FALSE,0,NA,130,19
50031333,2023-12-13,Riley Park,49.25667,-123.11081,Entire home/apt,2,1 bath,1,$140.00,2,TRUE,TRUE,91,4.92,222,1
50047176,2023-12-13,Grandview-Woodland,49.27076,-123.06609,Entire home/apt,2,1 bath,1,$140.00,30,TRUE,TRUE,8,5,83,2
50057849,2023-12-14,Downtown,49.280006,-123.108253,Entire home/apt,4,1 bath,3,$142.00,30,TRUE,FALSE,42,4.95,66,1
50079145,2023-12-14,West End,49.28108,-123.13112,Entire home/apt,4,2 baths,2,$109.00,30,FALSE,FALSE,1,5,195,19
50092099,2023-12-13,Kitsilano,49.26289,-123.1779,Entire home/apt,5,1 bath,2,$176.00,30,FALSE,FALSE,2,5,365,1
50092727,2023-12-13,Hastings-Sunrise,49.27257,-123.04712,Entire home/apt,4,1 bath,2,$90.00,1,TRUE,FALSE,82,4.89,8,1
50104275,2023-12-14,West End,49.28391,-123.12485,Entire home/apt,2,1 bath,1,$300.00,30,NA,FALSE,2,5,0,3
50115981,2023-12-13,Hastings-Sunrise,49.2851,-123.04854,Entire home/apt,4,1 bath,2,$97.00,3,TRUE,FALSE,93,4.85,30,1
50118804,2023-12-14,Kitsilano,49.26685,-123.16003,Entire home/apt,5,2 baths,2,$353.00,3,TRUE,FALSE,110,4.94,156,1
50135290,2023-12-14,Kensington-Cedar Cottage,49.23885,-123.08848,Entire home/apt,4,1 bath,3,NA,4,TRUE,FALSE,49,4.96,0,1
50157717,2023-12-13,Downtown Eastside,49.28015,-123.08391,Entire home/apt,2,2 baths,1,$123.00,2,FALSE,FALSE,85,4.73,71,1
50168383,2023-12-14,Downtown Eastside,49.27899,-123.08008,Private room,2,2 shared baths,1,NA,3,FALSE,FALSE,6,5,0,2
50174927,2023-12-13,Downtown,49.29436,-123.13416,Entire home/apt,2,1 bath,2,$214.00,30,TRUE,FALSE,6,4.83,139,1
50196325,2023-12-14,Mount Pleasant,49.26302,-123.095,Entire home/apt,2,1 bath,1,NA,60,FALSE,FALSE,0,NA,0,1
50198592,2023-12-14,Downtown,49.28149,-123.11816,Entire home/apt,4,2 baths,2,$361.00,4,FALSE,FALSE,15,4.6,347,3
50200213,2023-12-14,Downtown,49.27883,-123.10528,Entire home/apt,4,2 baths,2,$165.00,30,TRUE,FALSE,11,5,146,1
50212617,2023-12-13,Marpole,49.20909,-123.12053,Entire home/apt,7,2.5 baths,5,$249.00,3,TRUE,FALSE,82,4.89,145,1
50229369,2023-12-14,Downtown,49.27468,-123.12471,Entire home/apt,2,1 bath,1,$175.00,30,FALSE,FALSE,0,NA,263,1
50232515,2023-12-14,Downtown,49.28128,-123.1095,Entire home/apt,4,1 bath,2,$250.00,30,FALSE,FALSE,0,NA,363,5
50284580,2023-12-14,Downtown,49.276,-123.13207,Entire home/apt,2,1 bath,1,$149.00,30,FALSE,TRUE,0,NA,89,2
50287231,2023-12-14,Grandview-Woodland,49.27213,-123.07085,Entire home/apt,2,1 bath,1,NA,60,FALSE,FALSE,0,NA,0,1
50291805,2023-12-14,Downtown,49.279213,-123.121483,Entire home/apt,4,1 bath,2,$333.00,1,TRUE,FALSE,82,4.85,113,1
50307082,2023-12-13,Downtown,49.29419,-123.13586,Entire home/apt,4,1.5 baths,2,$123.00,30,FALSE,FALSE,7,4.86,89,1
50307867,2023-12-13,Kensington-Cedar Cottage,49.23399,-123.07925,Entire home/apt,2,1 bath,1,$68.00,1,FALSE,TRUE,79,4.58,32,1
50311143,2023-12-13,Kensington-Cedar Cottage,49.24943,-123.08702,Entire home/apt,2,1 bath,1,$91.00,3,TRUE,FALSE,116,4.95,47,1
50330531,2023-12-14,Downtown Eastside,49.279240581072784,-123.09843843899344,Entire home/apt,2,1 bath,1,$107.00,2,FALSE,FALSE,111,4.75,0,1
50350753,2023-12-13,Kitsilano,49.272385,-123.159279,Entire home/apt,4,2.5 baths,2,$263.00,30,TRUE,FALSE,6,5,214,13
50365628,2023-12-14,Sunset,49.22338,-123.08978,Entire home/apt,2,1 bath,1,$70.00,90,TRUE,FALSE,6,4.67,289,2
50379446,2023-12-14,Downtown,49.27923,-123.10751,Private room,2,1 private bath,1,$110.00,1,TRUE,FALSE,228,4.85,0,2
50380794,2023-12-13,Victoria-Fraserview,49.21484756469727,-123.07687377929688,Private room,1,1 shared bath,1,$101.00,30,TRUE,FALSE,2,4.5,289,9
50381461,2023-12-13,Victoria-Fraserview,49.21484756469727,-123.07687377929688,Private room,1,1 shared bath,1,$95.00,30,TRUE,FALSE,3,5,365,9
50415395,2023-12-13,Marpole,49.21227,-123.123,Private room,4,1 private bath,2,$150.00,2,FALSE,FALSE,32,4.28,331,2
50416700,2023-12-14,Grandview-Woodland,49.27461,-123.07421,Entire home/apt,2,1 bath,2,$104.00,30,TRUE,FALSE,19,5,178,1
50419742,2023-12-14,Downtown,49.27681,-123.11543,Entire home/apt,4,3 baths,2,NA,180,FALSE,FALSE,0,NA,0,1
50424788,2023-12-14,Marpole,49.20818,-123.1371,Entire home/apt,2,1.5 baths,1,NA,3,FALSE,FALSE,16,4.69,0,1
50448518,2023-12-14,Marpole,49.21766,-123.11684,Entire home/apt,5,1 bath,3,$375.00,30,TRUE,FALSE,10,4.9,146,1
50461998,2023-12-14,West Point Grey,49.26431,-123.20444,Entire home/apt,12,6.5 baths,6,"$11,236.00",7,FALSE,FALSE,0,NA,363,4
50466377,2023-12-13,Grandview-Woodland,49.27973,-123.07267,Entire home/apt,2,1 bath,1,$150.00,3,TRUE,FALSE,43,4.98,162,1
50468520,2023-12-14,Downtown,49.28677,-123.12261,Entire home/apt,2,1 bath,2,$140.00,1,FALSE,TRUE,142,4.74,155,1
50492114,2023-12-14,Downtown,49.27353,-123.12783,Entire home/apt,4,2 baths,3,$330.00,50,FALSE,FALSE,1,5,263,1
50492915,2023-12-14,Downtown,49.279213,-123.121483,Entire home/apt,2,1 bath,1,$176.00,1,TRUE,TRUE,257,4.86,0,1
50551242,2023-12-14,Kensington-Cedar Cottage,49.2492,-123.07849,Entire home/apt,2,1 bath,1,NA,30,FALSE,TRUE,0,NA,0,1
50551809,2023-12-14,Mount Pleasant,49.26481,-123.08488,Entire home/apt,2,1 bath,1,$228.00,90,FALSE,FALSE,4,5,164,1
50553610,2023-12-14,West End,49.28694,-123.13386,Entire home/apt,1,1 bath,NA,$85.00,3,FALSE,FALSE,8,4.63,148,10
50554509,2023-12-14,Downtown,49.277122,-123.128647,Entire home/apt,4,1 bath,2,NA,30,TRUE,FALSE,7,5,0,1
50561545,2023-12-14,Downtown Eastside,49.27995,-123.10551,Entire home/apt,4,1 bath,2,$144.00,1,FALSE,TRUE,190,4.7,46,1
50577229,2023-12-14,Kensington-Cedar Cottage,49.24248,-123.08847,Entire home/apt,2,1 bath,1,$107.00,30,TRUE,FALSE,86,4.98,159,1
50578179,2023-12-13,West End,49.29363,-123.13651,Entire home/apt,4,1 bath,1,$130.00,30,FALSE,TRUE,6,4.83,333,12
50582919,2023-12-14,Kerrisdale,49.21683,-123.14906,Entire home/apt,6,1 bath,3,$95.00,2,FALSE,TRUE,52,4.77,240,2
50593231,2023-12-14,Downtown,49.28226,-123.11707,Entire home/apt,2,1 bath,1,$176.00,30,FALSE,FALSE,3,3.67,364,1
50595217,2023-12-14,Grandview-Woodland,49.27652,-123.07521,Entire home/apt,6,2.5 baths,3,$233.00,30,TRUE,FALSE,2,5,357,7
50600916,2023-12-13,Arbutus Ridge,49.25753,-123.16495,Entire home/apt,3,2 baths,2,$170.00,7,TRUE,FALSE,43,4.93,175,4
50622288,2023-12-14,Downtown,49.28696,-123.12298,Entire home/apt,4,2 baths,3,$450.00,30,TRUE,FALSE,86,4.8,93,1
50625095,2023-12-14,West End,49.28093,-123.13129,Entire home/apt,3,1 bath,1,$99.00,30,FALSE,FALSE,3,4.33,161,19
50625789,2023-12-14,Sunset,49.22517,-123.09917,Entire home/apt,4,1 bath,2,$93.00,3,TRUE,FALSE,111,5,22,1
50627986,2023-12-14,West End,49.28262,-123.13277,Entire home/apt,3,1 bath,1,$110.00,30,FALSE,FALSE,2,5,305,19
50628100,2023-12-14,West End,49.28129,-123.13303,Entire home/apt,3,1 bath,1,$114.00,30,FALSE,FALSE,0,NA,161,19
50645581,2023-12-14,West End,49.28269,-123.13118,Entire home/apt,4,1 bath,2,$132.00,30,FALSE,FALSE,1,5,161,19
50672219,2023-12-14,Downtown Eastside,49.27732,-123.09895,Entire home/apt,4,1 bath,1,$110.00,3,FALSE,TRUE,10,4.9,339,1
50679059,2023-12-14,Downtown,49.27738,-123.11554,Entire home/apt,6,1 bath,3,NA,5,FALSE,FALSE,2,4.5,0,1
50685285,2023-12-14,Downtown,49.27638,-123.12519,Entire home/apt,2,1 bath,1,$100.00,30,TRUE,FALSE,11,5,208,1
50687667,2023-12-14,West End,49.28343,-123.1279,Entire home/apt,2,1 bath,1,$101.00,30,FALSE,FALSE,6,4.5,46,19
50704191,2023-12-14,West End,49.29267,-123.13626,Entire home/apt,3,1 bath,2,$85.00,30,FALSE,FALSE,0,5,0,11
50707553,2023-12-13,Killarney,49.20603888634861,-123.0306374903175,Private room,2,1 shared bath,1,$150.00,30,FALSE,FALSE,0,NA,89,1
50730031,2023-12-14,Oakridge,49.229675,-123.13176,Entire home/apt,3,1.5 baths,2,NA,1,FALSE,FALSE,29,4.59,0,1
50731868,2023-12-14,West End,49.283863,-123.135788,Entire home/apt,3,1 bath,2,$210.00,90,TRUE,TRUE,7,5,226,1
50759344,2023-12-14,Victoria-Fraserview,49.22013,-123.07361,Entire home/apt,4,1 bath,2,$79.00,4,FALSE,FALSE,98,4.77,74,1
50779138,2023-12-14,Riley Park,49.2438,-123.09316,Entire home/apt,2,1 bath,1,$150.00,30,TRUE,FALSE,20,5,129,2
50780994,2023-12-14,West End,49.28341,-123.12966,Entire home/apt,2,1 bath,1,$99.00,30,FALSE,FALSE,3,3.33,16,19
50795092,2023-12-13,Riley Park,49.24869,-123.10502,Entire home/apt,5,1 bath,1,$58.00,1,FALSE,TRUE,91,4.58,329,134
50799718,2023-12-13,Kensington-Cedar Cottage,49.26102,-123.06448,Entire home/apt,3,1 bath,2,$110.00,1,FALSE,FALSE,117,4.8,365,1
50807299,2023-12-14,Downtown,49.287787467968094,-123.1246159158406,Entire home/apt,5,2 baths,3,$862.00,3,TRUE,FALSE,70,4.91,39,1
50834436,2023-12-14,West End,49.29157,-123.14117,Entire home/apt,4,1.5 baths,3,NA,3,TRUE,TRUE,88,4.98,0,1
50867445,2023-12-14,Mount Pleasant,49.26298,-123.10017,Entire home/apt,4,2 baths,2,NA,4,FALSE,FALSE,9,5,0,1
50880264,2023-12-14,Downtown,49.28012,-123.11807,Entire home/apt,4,2 baths,2,$298.00,30,TRUE,FALSE,0,NA,89,6
50882256,2023-12-13,Sunset,49.21476,-123.09021,Entire home/apt,6,1 bath,3,$132.00,2,FALSE,TRUE,54,4.54,303,1
50899995,2023-12-14,Downtown,49.27437,-123.11656,Entire home/apt,4,2 baths,3,$200.00,30,FALSE,FALSE,1,5,179,1
50902393,2023-12-14,Downtown,49.27309,-123.12704,Entire home/apt,6,2 baths,3,$390.00,7,FALSE,FALSE,5,4.8,364,3
50902531,2023-12-14,Downtown,49.28749,-123.11823,Entire home/apt,4,2.5 baths,2,$826.00,3,FALSE,FALSE,2,5,336,3
50922756,2023-12-14,Downtown,49.28026,-123.12452,Entire home/apt,2,1 bath,1,$261.00,30,TRUE,FALSE,11,5,197,7
50940483,2023-12-13,Kensington-Cedar Cottage,49.26226,-123.07517,Entire home/apt,1,1 bath,1,$35.00,30,TRUE,FALSE,2,4.5,219,4
50942659,2023-12-14,Kensington-Cedar Cottage,49.25619,-123.07367,Entire home/apt,12,2 baths,5,$475.00,2,TRUE,FALSE,54,4.87,157,2
50955789,2023-12-13,Renfrew-Collingwood,49.25114,-123.03842,Private room,1,2 shared baths,1,$98.00,30,FALSE,FALSE,6,5,90,1
50958386,2023-12-14,Downtown,49.2792,-123.10651,Entire home/apt,4,1 bath,3,$151.00,2,TRUE,TRUE,164,4.81,138,5
50965568,2023-12-14,West End,49.28384,-123.12371,Entire home/apt,2,1 bath,1,$129.00,1,FALSE,TRUE,173,4.61,0,2
51015559,2023-12-14,Oakridge,49.22641,-123.12051,Private room,1,1 shared bath,1,$40.00,30,FALSE,TRUE,9,4.33,231,20
51018159,2023-12-13,Mount Pleasant,49.2694,-123.10194,Entire home/apt,4,1 bath,2,$199.00,3,TRUE,FALSE,55,4.91,67,1
51039979,2023-12-14,Downtown,49.27799,-123.11139,Entire home/apt,3,1 bath,2,$110.00,30,FALSE,FALSE,2,5,89,6
51045720,2023-12-14,Dunbar Southlands,49.24324,-123.17941,Entire home/apt,4,1 bath,2,$95.00,30,FALSE,FALSE,5,4.6,26,2
51049050,2023-12-14,Downtown,49.278938,-123.107407,Entire home/apt,4,1 bath,3,$187.00,1,FALSE,FALSE,106,4.56,20,1
51064400,2023-12-14,Downtown Eastside,49.28368,-123.10224,Entire home/apt,2,2 baths,1,$435.00,4,FALSE,FALSE,8,5,0,1
51070267,2023-12-14,Downtown,49.28028,-123.10621,Entire home/apt,2,1 bath,1,$228.00,1,TRUE,FALSE,50,4.92,169,1
51110418,2023-12-14,Downtown,49.27804,-123.1211,Entire home/apt,2,1 bath,1,$128.00,1,TRUE,TRUE,81,4.75,333,1
51112344,2023-12-14,Kerrisdale,49.21478,-123.14897,Entire home/apt,3,1 bath,1,$65.00,30,FALSE,TRUE,7,4.57,364,2
51130737,2023-12-14,Sunset,49.22833,-123.10478,Entire home/apt,2,1 bath,1,$130.00,1,TRUE,FALSE,66,4.92,42,1
51145875,2023-12-13,Riley Park,49.24993,-123.1002,Entire home/apt,2,1 bath,1,$150.00,30,TRUE,FALSE,16,5,267,1
51146115,2023-12-14,Downtown,49.28038,-123.12618,Entire home/apt,2,1 bath,NA,NA,180,FALSE,FALSE,2,5,0,33
51152635,2023-12-14,Downtown,49.274539947509766,-123.12782287597656,Entire home/apt,2,1 bath,1,$120.00,30,TRUE,FALSE,14,4.57,102,1
51154737,2023-12-14,West End,49.2871,-123.13214,Entire home/apt,6,2 baths,3,$149.00,30,FALSE,FALSE,0,NA,0,19
51173023,2023-12-14,Hastings-Sunrise,49.275593,-123.037613,Entire home/apt,4,1 bath,2,NA,3,TRUE,TRUE,16,4.88,0,2
51194450,2023-12-13,Grandview-Woodland,49.26661,-123.0567,Entire home/apt,3,1 bath,1,$204.00,3,TRUE,FALSE,6,4.67,192,2
51195391,2023-12-13,Grandview-Woodland,49.26571,-123.05677,Private room,2,1 shared bath,1,$77.00,1,TRUE,FALSE,114,4.91,344,2
51196059,2023-12-13,Mount Pleasant,49.26296,-123.10715,Entire home/apt,8,2.5 baths,3,$550.00,2,TRUE,FALSE,21,4.81,144,1
51213577,2023-12-14,Kensington-Cedar Cottage,49.24094,-123.06918,Entire home/apt,4,1.5 baths,2,$214.00,1,FALSE,FALSE,4,5,0,1
51216976,2023-12-14,Downtown,49.27837,-123.10839,Entire home/apt,4,1 bath,2,$106.00,1,TRUE,FALSE,224,4.95,51,1
51217071,2023-12-14,Downtown,49.2801,-123.10828,Entire home/apt,8,2 baths,3,$247.00,2,TRUE,FALSE,150,4.88,0,1
51219409,2023-12-13,Downtown,49.274769,-123.115135,Entire home/apt,2,1 bath,2,$178.00,90,TRUE,FALSE,4,5,0,1
51230054,2023-12-14,Kensington-Cedar Cottage,49.25503,-123.07242,Entire home/apt,4,1 bath,2,$147.00,3,FALSE,FALSE,23,4.87,60,1
51238612,2023-12-14,Renfrew-Collingwood,49.23785,-123.0318,Entire home/apt,2,1 bath,NA,$99.00,30,FALSE,FALSE,2,5,130,4
51248997,2023-12-14,Downtown Eastside,49.28164,-123.09936,Entire home/apt,4,1 bath,3,$136.00,30,FALSE,TRUE,2,5,225,1
51263979,2023-12-14,Renfrew-Collingwood,49.23984,-123.04397,Entire home/apt,4,1 bath,2,$180.00,1,TRUE,FALSE,37,4.92,355,2
51266313,2023-12-13,Victoria-Fraserview,49.22589,-123.05035,Entire home/apt,2,1 bath,1,$60.00,1,TRUE,FALSE,84,4.86,314,1
51283048,2023-12-14,Kitsilano,49.27086,-123.18188,Entire home/apt,2,1 bath,1,$150.00,30,FALSE,FALSE,4,5,262,1
51310169,2023-12-14,Downtown,49.27652204898403,-123.12954563012929,Entire home/apt,2,1 bath,1,$102.00,30,TRUE,FALSE,1,5,0,4
51320938,2023-12-13,Riley Park,49.25369,-123.09964,Entire home/apt,2,1 bath,2,$100.00,2,TRUE,FALSE,93,4.91,139,1
51324665,2023-12-14,Downtown,49.27997,-123.10719,Entire home/apt,4,1 bath,2,$135.00,3,FALSE,TRUE,115,4.66,124,1
51325905,2023-12-14,Victoria-Fraserview,49.21647,-123.06073,Entire home/apt,6,1 bath,3,$123.00,3,FALSE,FALSE,11,4.27,0,1
51333015,2023-12-14,Downtown,49.27314,-123.12782,Entire home/apt,6,2.5 baths,4,$135.00,2,FALSE,FALSE,176,4.75,67,2
51346182,2023-12-14,Downtown,49.27923,-123.10773,Entire home/apt,8,2 baths,5,$164.00,2,TRUE,FALSE,158,4.65,0,2
51362825,2023-12-14,Downtown,49.27928,-123.10643,Entire home/apt,5,1 bath,3,$350.00,3,TRUE,FALSE,49,4.92,120,1
51365809,2023-12-14,Downtown,49.28052,-123.12454,Entire home/apt,2,1 bath,1,$132.00,2,TRUE,FALSE,115,4.95,332,2
51366458,2023-12-14,Downtown,49.287464,-123.123779,Entire home/apt,2,1 bath,2,$160.00,1,TRUE,TRUE,175,4.83,0,1
51369107,2023-12-14,Downtown,49.278324,-123.116196,Entire home/apt,4,1 bath,2,NA,4,FALSE,TRUE,0,NA,0,1
51385923,2023-12-14,Downtown Eastside,49.28217795664162,-123.08393608778717,Entire home/apt,3,1 bath,2,$93.00,1,TRUE,TRUE,62,4.79,0,1
51388855,2023-12-13,Downtown,49.2759,-123.11432,Entire home/apt,2,1 bath,1,$128.00,3,FALSE,TRUE,20,4.7,60,6
51389016,2023-12-13,Downtown,49.27398,-123.11435,Entire home/apt,3,1 bath,1,$85.00,30,FALSE,TRUE,22,4.36,153,6
51392426,2023-12-13,Kitsilano,49.26419,-123.1832,Entire home/apt,3,1 bath,1,$139.00,2,TRUE,FALSE,86,4.88,75,1
51393995,2023-12-14,Downtown,49.27786,-123.10715,Entire home/apt,8,2 baths,5,$519.00,8,TRUE,FALSE,94,4.74,69,1
51429827,2023-12-14,Downtown,49.27578,-123.12991,Entire home/apt,2,1 bath,1,$329.00,30,FALSE,FALSE,0,NA,179,1
51435213,2023-12-13,Downtown Eastside,49.28194,-123.08367,Entire home/apt,2,1 bath,1,$125.00,2,TRUE,TRUE,133,4.89,320,1
51445585,2023-12-14,West End,49.2817,-123.12652,Entire home/apt,2,1 bath,1,$200.00,120,TRUE,FALSE,11,5,337,2
51453194,2023-12-14,Fairview,49.27066,-123.1412,Entire home/apt,4,1 bath,2,NA,1,FALSE,FALSE,4,5,0,1
51453218,2023-12-13,Sunset,49.2286,-123.10228,Entire home/apt,4,1 bath,3,$109.00,1,TRUE,FALSE,162,4.91,32,2
51456497,2023-12-14,Grandview-Woodland,49.28065,-123.07268,Entire home/apt,6,2 baths,3,NA,2,FALSE,FALSE,9,5,0,1
51457997,2023-12-14,Downtown,49.278667,-123.107681,Entire home/apt,6,2 baths,3,$144.00,2,TRUE,FALSE,132,4.81,40,1
51465302,2023-12-14,Downtown,49.280106,-123.108513,Entire home/apt,4,2 baths,4,$179.00,1,TRUE,FALSE,108,4.98,1,2
51468414,2023-12-14,Sunset,49.22643,-123.09187,Entire home/apt,4,1 bath,3,$204.00,3,TRUE,FALSE,16,4.94,353,1
51476043,2023-12-14,Hastings-Sunrise,49.26918,-123.03743,Private room,1,1 private bath,1,$64.00,30,TRUE,FALSE,14,5,240,8
51476263,2023-12-14,Hastings-Sunrise,49.26947,-123.039,Private room,1,1 private bath,1,$66.00,30,TRUE,FALSE,4,5,196,8
51486439,2023-12-14,Downtown,49.27926,-123.11004,Entire home/apt,3,1 bath,2,$187.00,1,TRUE,FALSE,203,4.95,54,1
51488728,2023-12-13,Shaughnessy,49.234776,-123.131737,Private room,4,1 shared bath,4,$198.00,2,FALSE,TRUE,4,3.5,359,4
51505411,2023-12-14,Marpole,49.2085,-123.13856,Entire home/apt,2,1 bath,1,NA,3,FALSE,TRUE,20,4.3,0,1
51508961,2023-12-14,Renfrew-Collingwood,49.23961,-123.05595,Entire home/apt,7,3 baths,4,$235.00,3,TRUE,FALSE,67,4.87,149,2
51517972,2023-12-13,Oakridge,49.22635,-123.12193,Private room,1,1 private bath,1,$65.00,30,FALSE,TRUE,9,5,253,20
51519104,2023-12-14,Mount Pleasant,49.25769,-123.09847,Entire home/apt,2,1 bath,1,$130.00,65,TRUE,FALSE,6,4.83,127,1
51534453,2023-12-13,Oakridge,49.22664,-123.12082,Entire home/apt,1,1 bath,1,$68.00,30,FALSE,TRUE,2,4,143,20
51560463,2023-12-14,Downtown,49.27813,-123.12249,Entire home/apt,4,1 bath,2,$107.00,2,TRUE,FALSE,146,4.84,0,1
51565160,2023-12-14,Grandview-Woodland,49.27908,-123.07132,Entire home/apt,4,1 bath,2,NA,1,TRUE,FALSE,53,4.87,0,3
51578337,2023-12-14,Downtown,49.274403,-123.130981,Entire home/apt,2,1 bath,1,$95.00,30,FALSE,FALSE,7,4.71,157,21
51582019,2023-12-14,Killarney,49.22571,-123.0248,Entire home/apt,4,1 bath,2,$170.00,2,FALSE,TRUE,46,4.7,164,2
51583568,2023-12-14,Hastings-Sunrise,49.28856,-123.05462,Entire home/apt,2,1 bath,1,$102.00,2,TRUE,FALSE,124,4.98,0,2
51604644,2023-12-14,Downtown,49.280342104365374,-123.11110029659662,Entire home/apt,2,1 bath,1,$128.00,30,FALSE,FALSE,0,NA,58,1
51604803,2023-12-14,Kitsilano,49.26916,-123.15598,Entire home/apt,2,1 bath,1,NA,3,FALSE,FALSE,8,5,0,1
51621696,2023-12-14,Mount Pleasant,49.25923,-123.09073,Entire home/apt,2,1 bath,1,$105.00,3,FALSE,FALSE,13,5,44,1
51634125,2023-12-13,Downtown Eastside,49.28193,-123.08341,Entire home/apt,2,1 bath,1,$140.00,2,FALSE,FALSE,123,4.94,163,1
51641491,2023-12-14,Mount Pleasant,49.26059,-123.08626,Entire home/apt,4,1 bath,2,$84.00,2,TRUE,FALSE,124,4.95,0,1
51656840,2023-12-14,Downtown,49.27818,-123.1205,Entire home/apt,2,1 bath,1,$164.00,1,TRUE,FALSE,158,4.86,0,1
51657992,2023-12-14,Kensington-Cedar Cottage,49.25068,-123.07965,Entire home/apt,2,1 bath,1,$110.00,3,FALSE,FALSE,9,4.78,0,1
51659675,2023-12-14,Downtown,49.2781,-123.10608,Entire home/apt,4,1 bath,2,$143.00,1,FALSE,TRUE,98,4.63,109,1
51671718,2023-12-14,Kitsilano,49.27402,-123.15025,Entire home/apt,3,2 baths,2,NA,3,FALSE,FALSE,5,4.8,0,1
51694092,2023-12-14,Hastings-Sunrise,49.28981,-123.04691,Entire home/apt,2,1 bath,1,$135.00,5,FALSE,TRUE,24,4.83,0,1
51712984,2023-12-14,Downtown,49.27804,-123.12067,Entire home/apt,4,2 baths,2,$212.00,5,TRUE,TRUE,57,4.86,262,1
51728523,2023-12-14,Downtown,49.27885,-123.10595000000001,Entire home/apt,4,1 bath,2,$211.00,1,TRUE,TRUE,184,4.84,219,1
51744891,2023-12-13,Mount Pleasant,49.25902,-123.08134,Entire home/apt,4,1 bath,2,$160.00,2,FALSE,FALSE,86,4.95,138,1
51745176,2023-12-14,Kitsilano,49.271172,-123.176331,Entire home/apt,2,1 bath,1,$250.00,5,TRUE,FALSE,34,5,233,2
51747629,2023-12-14,Downtown,49.27683,-123.12173,Entire home/apt,2,1 bath,1,$120.00,150,FALSE,TRUE,0,NA,107,1
51751196,2023-12-14,Grandview-Woodland,49.269785,-123.0641753,Private room,2,1 private bath,1,$107.00,1,TRUE,FALSE,97,4.96,340,6
51753888,2023-12-14,Downtown,49.27925,-123.10998,Entire home/apt,4,2 baths,2,$356.00,2,FALSE,FALSE,109,4.77,125,1
51755157,2023-12-14,Marpole,49.20967,-123.14499,Entire home/apt,4,1 bath,2,$92.00,2,FALSE,FALSE,92,4.59,54,1
51786963,2023-12-13,Mount Pleasant,49.2635,-123.09994,Entire home/apt,2,1 bath,1,$174.00,4,TRUE,FALSE,73,4.97,87,1
51801222,2023-12-14,Downtown Eastside,49.27866,-123.09776,Entire home/apt,2,1 bath,1,NA,30,FALSE,FALSE,1,5,0,1
51802018,2023-12-14,Killarney,49.22788,-123.03137,Entire home/apt,6,1 bath,3,$151.00,2,FALSE,FALSE,183,4.79,0,1
51804359,2023-12-14,Downtown,49.27497,-123.1168,Entire home/apt,4,2 baths,2,$179.00,30,FALSE,FALSE,4,5,322,5
51806219,2023-12-14,Downtown,49.27846,-123.10652,Entire home/apt,4,1 bath,4,$171.00,2,FALSE,TRUE,80,4.7,0,1
51844910,2023-12-14,Downtown,49.28059,-123.10982,Entire home/apt,4,1 bath,3,$146.00,2,FALSE,FALSE,97,4.62,141,1
51869906,2023-12-13,Kensington-Cedar Cottage,49.23589442335483,-123.07605636738684,Entire home/apt,2,1 bath,1,$91.00,30,TRUE,FALSE,35,5,237,1
51871378,2023-12-14,Downtown,49.27833,-123.10575,Entire home/apt,4,1 bath,2,$104.00,30,TRUE,FALSE,7,4.86,270,1
51871971,2023-12-14,Downtown,49.2805,-123.10714,Entire home/apt,4,1 bath,2,$210.00,4,FALSE,FALSE,31,4.87,200,1
51881533,2023-12-14,Strathcona,49.26745,-123.09761,Entire home/apt,2,1 bath,1,NA,2,TRUE,FALSE,15,5,0,2
51884205,2023-12-13,Kitsilano,49.26994,-123.1839,Entire home/apt,6,1.5 baths,3,$712.00,4,TRUE,TRUE,25,5,317,1
51888235,2023-12-14,Kensington-Cedar Cottage,49.23647,-123.08041,Entire home/apt,6,1.5 baths,3,$133.00,30,TRUE,TRUE,39,4.77,101,1
51888662,2023-12-13,Kitsilano,49.26018,-123.1552,Entire home/apt,2,1 bath,2,$125.00,3,NA,FALSE,87,4.85,118,1
51890015,2023-12-14,Kensington-Cedar Cottage,49.23888,-123.08173,Entire home/apt,4,1 bath,2,$179.00,2,TRUE,FALSE,68,4.81,179,1
51911247,2023-12-13,Kitsilano,49.26929,-123.16918,Entire home/apt,2,1 bath,1,$120.00,30,FALSE,TRUE,1,4,38,1
51911331,2023-12-14,Downtown,49.280029999999996,-123.10926,Entire home/apt,6,2 baths,4,$200.00,2,FALSE,FALSE,90,4.61,23,1
51937252,2023-12-14,Downtown,49.2814,-123.1179,Entire home/apt,4,2 baths,2,$341.00,7,TRUE,FALSE,94,4.85,82,6
51939685,2023-12-13,Dunbar Southlands,49.25369,-123.18446,Entire home/apt,4,1 bath,3,$258.00,2,FALSE,FALSE,59,5,48,1
51977761,2023-12-13,Kensington-Cedar Cottage,49.24236,-123.07909,Entire home/apt,4,1 bath,2,$121.00,2,TRUE,FALSE,35,4.74,47,5
51980073,2023-12-14,Riley Park,49.25188,-123.096,Entire home/apt,2,1 bath,1,$100.00,30,TRUE,FALSE,11,4.82,1,2
51980737,2023-12-13,Kitsilano,49.26598,-123.15625,Entire home/apt,2,1 bath,2,$120.00,30,FALSE,FALSE,2,5,85,1
51982771,2023-12-13,Kitsilano,49.26313,-123.17929,Entire home/apt,2,1 bath,1,$95.00,90,TRUE,FALSE,11,4.91,166,1
51985429,2023-12-13,Kitsilano,49.25902647122163,-123.18334771885014,Entire home/apt,2,1 bath,2,$99.00,30,TRUE,FALSE,1,5,50,4
51988204,2023-12-14,Downtown,49.279388,-123.108551,Entire home/apt,5,2 baths,3,$205.00,2,TRUE,TRUE,75,4.81,166,1
52014961,2023-12-14,Victoria-Fraserview,49.226768,-123.071358,Entire home/apt,4,2 baths,2,$97.00,1,TRUE,FALSE,70,4.79,144,4
52027528,2023-12-14,Downtown,49.2736552422483,-123.12862957641214,Entire home/apt,4,2.5 baths,2,$305.00,30,FALSE,FALSE,0,5,0,1
52028010,2023-12-13,Renfrew-Collingwood,49.23614,-123.0482,Private room,1,1 shared bath,1,$60.00,2,FALSE,FALSE,32,4.75,79,2
52052930,2023-12-14,Downtown,49.279301,-123.107849,Entire home/apt,6,2 baths,3,$279.00,3,TRUE,FALSE,94,4.91,64,1
52053918,2023-12-13,Hastings-Sunrise,49.27856,-123.0335,Entire home/apt,4,1 bath,2,$339.00,3,FALSE,FALSE,25,4.84,25,1
52055809,2023-12-14,Downtown,49.27932,-123.10776,Entire home/apt,6,2 baths,4,$256.00,1,TRUE,TRUE,44,4.95,328,4
52075388,2023-12-13,Dunbar Southlands,49.25123,-123.18473,Entire home/apt,8,3 baths,5,$825.00,14,FALSE,FALSE,8,5,164,1
52078383,2023-12-14,Victoria-Fraserview,49.226768,-123.071358,Entire home/apt,6,2 baths,3,NA,1,TRUE,FALSE,19,4.95,0,4
52078423,2023-12-14,Victoria-Fraserview,49.226768,-123.071358,Entire home/apt,2,1 bath,1,NA,1,TRUE,FALSE,4,4.75,0,4
52086928,2023-12-13,Victoria-Fraserview,49.2094,-123.0703,Entire home/apt,4,1 bath,2,$257.00,3,TRUE,FALSE,54,4.89,133,1
52090070,2023-12-14,Hastings-Sunrise,49.277,-123.04394,Entire home/apt,6,1 bath,3,$130.00,30,FALSE,FALSE,2,4.5,78,1
52112673,2023-12-14,West End,49.28781,-123.12937,Entire home/apt,3,1 bath,1,$102.00,30,FALSE,FALSE,14,4.93,225,1
52151125,2023-12-13,Shaughnessy,49.24245,-123.14458,Private room,2,1 private bath,1,$119.00,3,FALSE,FALSE,11,4.27,180,1
52164791,2023-12-14,West End,49.28692,-123.12787,Entire home/apt,2,1 bath,1,$104.00,30,FALSE,FALSE,3,4.67,87,1
52202007,2023-12-14,Downtown,49.27766,-123.10818,Entire home/apt,6,2 baths,4,$288.00,1,TRUE,TRUE,6,4.83,299,4
52246368,2023-12-13,Strathcona,49.26967,-123.10033,Entire home/apt,3,1 bath,1,$111.00,1,TRUE,TRUE,89,4.99,73,1
52248459,2023-12-14,Downtown,49.27794,-123.13074,Entire home/apt,4,1 bath,2,$186.00,2,TRUE,FALSE,106,4.92,89,2
52257213,2023-12-14,Mount Pleasant,49.26669,-123.10033,Entire home/apt,4,2 baths,2,NA,2,TRUE,FALSE,81,4.86,0,1
52262826,2023-12-13,Riley Park,49.25556,-123.09243,Entire home/apt,2,2 baths,1,$120.00,7,FALSE,FALSE,15,4.87,68,1
52268129,2023-12-14,Riley Park,49.24715,-123.10489,Entire home/apt,6,2 baths,3,$233.00,5,FALSE,FALSE,28,4.21,265,2
52269475,2023-12-13,Downtown,49.27418,-123.11587,Entire home/apt,4,2 baths,2,$200.00,30,FALSE,FALSE,1,5,364,1
52290090,2023-12-14,Kensington-Cedar Cottage,49.23855,-123.08754,Entire home/apt,4,1 bath,2,$110.00,2,FALSE,FALSE,67,4.69,39,1
52321610,2023-12-14,Grandview-Woodland,49.27585,-123.05692,Entire home/apt,5,1 bath,2,$153.00,30,TRUE,FALSE,4,5,0,2
52322712,2023-12-14,Downtown,49.27377,-123.12848,Entire home/apt,3,1 bath,1,NA,1,FALSE,FALSE,9,4.78,0,1
52352286,2023-12-14,West End,49.28899,-123.12951,Entire home/apt,7,2 baths,4,$466.00,10,FALSE,FALSE,0,NA,89,30
52353085,2023-12-14,Renfrew-Collingwood,49.23859,-123.05309,Entire home/apt,2,1 bath,1,$100.00,1,FALSE,FALSE,36,4.69,257,1
52383437,2023-12-14,West End,49.27776,-123.13194,Entire home/apt,2,1 bath,1,$100.00,30,FALSE,FALSE,9,4.78,173,1
52385091,2023-12-14,Downtown Eastside,49.282501,-123.103249,Entire home/apt,2,1 bath,1,$208.00,7,TRUE,FALSE,100,4.99,0,7
52389678,2023-12-14,West End,49.27802,-123.13082,Entire home/apt,4,2 baths,2,$170.00,1,FALSE,FALSE,147,4.69,97,1
52406989,2023-12-14,Downtown,49.275428771972656,-123.1332778930664,Entire home/apt,6,2 baths,4,$430.00,3,TRUE,FALSE,76,5,339,4
52421120,2023-12-14,Mount Pleasant,49.26426,-123.11431,Entire home/apt,2,1.5 baths,1,$50.00,30,TRUE,FALSE,1,5,0,1
52444764,2023-12-13,Kensington-Cedar Cottage,49.2466,-123.06222,Entire home/apt,2,1 bath,2,$93.00,1,FALSE,TRUE,172,4.67,170,1
52470977,2023-12-14,Downtown,49.27627,-123.13246,Entire home/apt,2,1 bath,1,$122.00,1,FALSE,TRUE,54,4.67,0,1
52471789,2023-12-14,Grandview-Woodland,49.28454890148651,-123.06196318316898,Entire home/apt,3,1 bath,1,NA,3,FALSE,FALSE,8,4.88,0,1
52474433,2023-12-13,Kitsilano,49.2701793,-123.1548103,Entire home/apt,3,1 bath,2,$193.00,2,TRUE,FALSE,27,5,7,1
52474696,2023-12-14,Riley Park,49.23443,-123.10095,Private room,2,1 private bath,1,$76.00,1,TRUE,FALSE,85,4.94,0,1
52475121,2023-12-14,Sunset,49.21847,-123.09666,Entire home/apt,15,4 baths,9,$525.00,3,FALSE,FALSE,55,4.38,0,1
52477307,2023-12-13,Mount Pleasant,49.26264,-123.11449,Entire home/apt,3,1.5 baths,1,$150.00,180,FALSE,FALSE,0,NA,365,2
52477526,2023-12-14,Fairview,49.25881,-123.14189,Entire home/apt,2,1 bath,1,NA,2,FALSE,FALSE,0,NA,0,1
52479392,2023-12-14,Downtown,49.278687,-123.10746,Entire home/apt,5,1 bath,2,$92.00,3,TRUE,FALSE,83,4.55,334,21
52491262,2023-12-14,Renfrew-Collingwood,49.24671,-123.05463,Entire home/apt,4,1 bath,3,$149.00,1,TRUE,FALSE,202,4.94,248,1
52496643,2023-12-14,Riley Park,49.24984,-123.10131,Entire home/apt,10,2 baths,4,$396.00,2,FALSE,FALSE,55,4.2,225,1
52515788,2023-12-14,Downtown,49.27837,-123.10627,Entire home/apt,3,1 bath,1,$90.00,1,FALSE,TRUE,92,4.72,0,134
52516564,2023-12-14,Downtown,49.280945,-123.124832,Entire home/apt,3,1 bath,2,$140.00,30,TRUE,FALSE,10,5,364,13
52554167,2023-12-14,Downtown Eastside,49.28112,-123.10627,Entire home/apt,4,1 bath,2,$159.00,3,FALSE,FALSE,88,4.78,94,1
52563323,2023-12-14,Downtown Eastside,49.28341,-123.10408,Entire home/apt,2,1 bath,1,$266.00,110,TRUE,FALSE,17,5,357,2
52572961,2023-12-14,Hastings-Sunrise,49.29081,-123.04819,Entire home/apt,2,1 bath,1,$99.00,2,FALSE,FALSE,95,4.98,0,1
52585480,2023-12-14,Riley Park,49.2446,-123.10432,Entire home/apt,2,1 bath,1,$74.00,1,FALSE,TRUE,110,4.68,0,1
52594124,2023-12-13,Kitsilano,49.26975,-123.14841,Entire home/apt,4,1 bath,2,$121.00,90,TRUE,TRUE,10,5,207,1
52596989,2023-12-13,Mount Pleasant,49.272188718408216,-123.10244852325776,Entire home/apt,4,2 baths,2,$300.00,30,TRUE,FALSE,7,5,222,1
52613490,2023-12-14,Downtown,49.274403,-123.130981,Entire home/apt,2,1 bath,1,$91.00,30,FALSE,FALSE,4,5,179,21
52620322,2023-12-14,Riley Park,49.25254,-123.11116,Entire home/apt,5,2 baths,2,$123.00,2,TRUE,FALSE,135,4.9,0,2
52638952,2023-12-13,Mount Pleasant,49.26742,-123.09996,Entire home/apt,1,1 bath,1,$105.00,30,TRUE,FALSE,4,5,188,3
52639645,2023-12-14,West End,49.27986444480039,-123.13168897095132,Entire home/apt,3,1 bath,1,$141.00,30,FALSE,FALSE,1,5,0,1
52640140,2023-12-14,Downtown,49.27964,-123.108856,Entire home/apt,4,2 baths,2,$236.00,2,TRUE,FALSE,135,4.87,0,2
52641610,2023-12-14,Downtown,49.2755,-123.12565,Entire home/apt,2,1 bath,1,$169.00,30,FALSE,TRUE,4,4.75,364,1
52669221,2023-12-14,Downtown,49.27873,-123.12615,Entire home/apt,2,1 bath,1,NA,30,FALSE,FALSE,3,4.67,0,33
52671247,2023-12-14,Downtown,49.27881,-123.10989,Entire home/apt,6,0 baths,NA,$385.00,2,FALSE,TRUE,39,4.69,153,1
52687888,2023-12-13,Mount Pleasant,49.27056,-123.11088,Entire home/apt,3,1 bath,1,$130.00,30,FALSE,FALSE,6,5,90,2
52706178,2023-12-14,Kitsilano,49.26004,-123.183,Private room,2,1.5 baths,1,$112.00,3,NA,FALSE,91,4.95,148,2
52708672,2023-12-14,Hastings-Sunrise,49.27056,-123.04463,Entire home/apt,4,1 bath,3,NA,3,FALSE,FALSE,0,NA,0,1
52721235,2023-12-14,Downtown,49.27994,-123.12292,Entire home/apt,5,1 bath,3,NA,1,FALSE,FALSE,124,4.61,0,1
52722088,2023-12-13,Mount Pleasant,49.27074,-123.10981,Entire home/apt,3,1 bath,1,$129.00,30,FALSE,TRUE,10,5,6,6
52740070,2023-12-13,Killarney,49.22611,-123.02494,Entire home/apt,2,1 bath,1,$110.00,2,FALSE,TRUE,7,4.86,75,2
52740677,2023-12-13,Hastings-Sunrise,49.28224,-123.02616,Entire home/apt,7,2 baths,5,$194.00,3,TRUE,FALSE,68,4.99,353,1
52751384,2023-12-14,Downtown,49.27389,-123.12902,Entire home/apt,2,1 bath,1,$175.00,4,TRUE,FALSE,60,5,215,1
52760617,2023-12-13,Kitsilano,49.26875,-123.17022,Entire home/apt,2,1 bath,1,$108.00,14,FALSE,FALSE,14,4.86,114,1
52762458,2023-12-13,Hastings-Sunrise,49.26749,-123.04195,Entire home/apt,4,1 bath,2,$144.00,2,TRUE,FALSE,41,4.95,89,1
52780922,2023-12-13,Kensington-Cedar Cottage,49.2607,-123.0629,Entire home/apt,3,1 bath,2,$106.00,2,TRUE,FALSE,79,4.84,75,1
52781880,2023-12-14,Downtown,49.278488,-123.129669,Entire home/apt,5,1 bath,3,$156.00,1,TRUE,TRUE,141,4.81,336,1
52795536,2023-12-13,Strathcona,49.26934,-123.09995,Entire home/apt,3,1 bath,2,$209.00,2,TRUE,FALSE,44,4.89,80,1
52799181,2023-12-14,Downtown,49.27485,-123.12004,Entire home/apt,2,1 bath,1,NA,30,FALSE,FALSE,1,5,0,1
52805065,2023-12-13,Kitsilano,49.27111,-123.16437,Private room,1,1.5 baths,1,$80.00,2,FALSE,FALSE,33,4.94,58,2
52820683,2023-12-14,Downtown,49.28023,-123.12441,Entire home/apt,2,1 bath,2,$200.00,2,TRUE,FALSE,83,4.98,0,1
52823029,2023-12-13,Kitsilano,49.271198,-123.176323,Entire home/apt,2,1 bath,1,$250.00,30,TRUE,FALSE,6,5,286,2
52825942,2023-12-14,Mount Pleasant,49.26769,-123.10049,Entire home/apt,4,1 bath,2,NA,30,FALSE,FALSE,7,5,0,1
52826298,2023-12-14,Downtown,49.278667,-123.12056,Entire home/apt,2,1 bath,1,$100.00,30,TRUE,FALSE,12,5,266,1
52843541,2023-12-13,Riley Park,49.25074,-123.10011,Entire home/apt,2,1 bath,1,$115.00,30,TRUE,FALSE,3,5,178,2
52855864,2023-12-14,Renfrew-Collingwood,49.26181,-123.03733,Entire home/apt,7,2 baths,4,$278.00,30,TRUE,FALSE,28,4.86,261,2
52862090,2023-12-13,Hastings-Sunrise,49.27272,-123.03632,Entire home/apt,2,1 bath,1,$84.00,6,FALSE,FALSE,27,4.89,29,1
52899123,2023-12-14,Downtown,49.27459,-123.12567,Entire home/apt,2,1 bath,1,$200.00,30,TRUE,FALSE,7,5,109,1
52922381,2023-12-13,Fairview,49.26872,-123.14232,Entire home/apt,5,2 baths,2,$160.00,30,TRUE,FALSE,11,4.91,365,1
52924224,2023-12-13,Hastings-Sunrise,49.26905,-123.03937,Private room,1,1 shared bath,1,$59.00,30,TRUE,FALSE,7,4.71,248,8
52935965,2023-12-14,Mount Pleasant,49.27027,-123.10973,Entire home/apt,5,2 baths,2,$225.00,30,FALSE,FALSE,1,5,365,13
52940209,2023-12-14,Downtown,49.28126,-123.10915,Private room,2,1 private bath,1,$79.00,30,FALSE,FALSE,7,4.86,107,3
52942172,2023-12-14,West End,49.28281,-123.13619,Entire home/apt,4,2 baths,2,$319.00,1,TRUE,FALSE,109,4.82,170,1
52956334,2023-12-14,Strathcona,49.2699,-123.10042,Entire home/apt,2,1 bath,1,NA,2,FALSE,FALSE,5,5,0,1
52972435,2023-12-13,Downtown,49.27429,-123.11537,Entire home/apt,2,1 bath,1,$140.00,30,TRUE,TRUE,8,4.88,220,1
52990385,2023-12-13,West Point Grey,49.26732,-123.20746,Private room,1,Shared half-bath,NA,$35.00,30,FALSE,FALSE,1,5,55,1
53009047,2023-12-13,Downtown,49.27476,-123.11566,Entire home/apt,2,1 bath,1,$176.00,2,TRUE,FALSE,16,4.75,182,1
53016999,2023-12-14,Downtown,49.278667,-123.12056,Entire home/apt,3,1 bath,2,$119.00,31,TRUE,FALSE,13,4.92,306,1
53026140,2023-12-13,Grandview-Woodland,49.26935,-123.06394,Entire home/apt,2,1 bath,2,$106.00,2,TRUE,FALSE,122,4.95,13,3
53029237,2023-12-14,Mount Pleasant,49.2678,-123.10022,Entire home/apt,5,1 bath,3,$78.00,2,TRUE,FALSE,158,4.85,67,3
53031952,2023-12-14,Downtown,49.27491,-123.11612,Entire home/apt,2,1 bath,1,NA,120,TRUE,FALSE,8,5,0,1
53042652,2023-12-14,Kensington-Cedar Cottage,49.245087,-123.061363,Entire home/apt,6,2 baths,3,$175.00,2,TRUE,FALSE,85,4.81,73,1
53046207,2023-12-14,West End,49.28732,-123.1257,Entire home/apt,4,1 bath,2,$22.00,30,TRUE,FALSE,7,5,52,1
53052416,2023-12-14,Grandview-Woodland,49.262623,-123.073257,Entire home/apt,3,1 bath,2,$135.00,30,TRUE,FALSE,8,4.88,43,1
53053077,2023-12-13,Mount Pleasant,49.27105,-123.10117,Entire home/apt,3,1 bath,1,$187.00,2,TRUE,TRUE,79,4.89,155,2
53062333,2023-12-14,Fairview,49.26663,-123.13379,Entire home/apt,2,1 bath,1,$155.00,30,FALSE,FALSE,4,5,245,1
53063850,2023-12-13,Downtown Eastside,49.27699,-123.09089,Entire home/apt,2,1 bath,2,$175.00,4,TRUE,FALSE,64,4.95,269,1
53066164,2023-12-14,Downtown Eastside,49.283146,-123.103371,Entire home/apt,2,1 bath,1,$149.00,2,TRUE,FALSE,67,4.81,35,1
53082021,2023-12-13,Downtown,49.27509,-123.11849,Entire home/apt,2,1 bath,1,$134.00,30,FALSE,TRUE,18,4.83,161,1
53082281,2023-12-14,Oakridge,49.22633377361149,-123.11923436471476,Private room,1,1 private bath,1,$124.00,3,FALSE,TRUE,4,4.75,17,1
53094754,2023-12-14,Kitsilano,49.27151,-123.16727,Entire home/apt,3,1 bath,3,$283.00,3,FALSE,FALSE,26,4.69,332,1
53107198,2023-12-13,Mount Pleasant,49.26848,-123.09997,Entire home/apt,4,2 baths,2,$238.00,2,TRUE,FALSE,131,4.89,280,1
53112643,2023-12-14,Fairview,49.26244,-123.14222,Entire home/apt,2,1 bath,1,$110.00,1,FALSE,FALSE,261,4.73,0,1
53130366,2023-12-14,Sunset,49.22899,-123.10397,Entire home/apt,3,1 bath,2,$96.00,1,TRUE,TRUE,152,4.92,0,2
53149977,2023-12-14,Mount Pleasant,49.27049,-123.1112,Entire home/apt,5,2 baths,2,$204.00,30,FALSE,FALSE,0,NA,365,13
53151153,2023-12-14,Downtown,49.278992,-123.108124,Entire home/apt,4,2 baths,2,$200.00,2,TRUE,FALSE,116,4.82,106,5
53156613,2023-12-14,Downtown,49.27834,-123.12816,Entire home/apt,4,2 baths,2,$146.00,30,TRUE,FALSE,8,5,90,1
53172196,2023-12-13,West End,49.29231,-123.13646,Entire home/apt,2,1 bath,1,$130.00,30,FALSE,TRUE,2,4.5,245,12
53172876,2023-12-14,West End,49.28555679321289,-123.12384796142578,Entire home/apt,3,1 bath,1,$179.00,30,FALSE,FALSE,3,4.67,179,3
53174283,2023-12-14,Oakridge,49.21975,-123.10647,Entire home/apt,2,1 bath,1,$110.00,50,FALSE,FALSE,1,5,263,2
53174480,2023-12-14,Kensington-Cedar Cottage,49.23862,-123.05881,Entire home/apt,2,1 bath,1,$114.00,1,TRUE,FALSE,198,4.85,0,1
53188087,2023-12-13,Grandview-Woodland,49.26628,-123.06967,Entire home/apt,5,1 bath,2,$150.00,1,TRUE,TRUE,137,4.89,131,1
53188469,2023-12-14,Downtown,49.278839111328125,-123.1073989868164,Entire home/apt,5,2 baths,3,$180.00,2,TRUE,FALSE,67,4.96,212,1
53192345,2023-12-13,Mount Pleasant,49.268883,-123.101006,Entire home/apt,3,1 bath,1,$208.00,2,TRUE,TRUE,40,4.93,17,1
53195437,2023-12-13,Fairview,49.2679,-123.14029,Entire home/apt,6,1 bath,3,$140.00,30,TRUE,TRUE,1,5,364,4
53199179,2023-12-14,West End,49.28953,-123.12976,Entire home/apt,4,2 baths,3,$505.00,10,FALSE,FALSE,0,NA,346,30
53199386,2023-12-14,West End,49.28452,-123.12477,Entire home/apt,5,3 baths,2,$590.00,10,FALSE,FALSE,0,NA,365,30
53204972,2023-12-14,Riley Park,49.25384,-123.11282,Entire home/apt,2,1 bath,1,$155.00,1,TRUE,FALSE,56,4.93,0,1
53221676,2023-12-14,Grandview-Woodland,49.26567,-123.06469,Entire home/apt,4,1 bath,2,NA,2,FALSE,FALSE,28,4.68,0,1
53223007,2023-12-13,Downtown,49.27353,-123.10005,Entire home/apt,4,2 baths,2,$153.00,30,FALSE,FALSE,6,5,102,1
53230371,2023-12-13,Riley Park,49.24618,-123.10439,Entire home/apt,3,1 bath,2,$111.00,2,TRUE,FALSE,104,4.86,353,1
53236759,2023-12-14,Downtown,49.27784,-123.12782,Entire home/apt,2,1 bath,2,$295.00,30,TRUE,FALSE,36,4.89,20,2
53239738,2023-12-14,Mount Pleasant,49.26959,-123.102,Entire home/apt,3,1 bath,1,$130.00,2,TRUE,FALSE,82,4.88,132,2
53240006,2023-12-14,Downtown Eastside,49.27993,-123.10522,Entire home/apt,4,1 bath,3,$126.00,2,FALSE,TRUE,85,4.71,132,1
53243648,2023-12-14,Downtown,49.27807,-123.12876,Entire home/apt,4,1 bath,2,$300.00,2,FALSE,FALSE,15,4.93,95,1
53253520,2023-12-14,Downtown,49.278992,-123.108124,Entire home/apt,6,2 baths,3,$244.00,2,TRUE,TRUE,133,4.95,130,1
53266421,2023-12-14,Riley Park,49.24668,-123.09273,Entire home/apt,4,1 bath,2,$211.00,30,TRUE,FALSE,24,4.92,178,1
53281286,2023-12-13,Kitsilano,49.270973,-123.148743,Entire home/apt,4,1 bath,2,$425.00,3,FALSE,FALSE,6,5,14,2
53282868,2023-12-14,Downtown,49.27959,-123.12037,Entire home/apt,3,1 bath,2,$265.00,1,TRUE,FALSE,46,4.91,80,1
53296529,2023-12-14,Grandview-Woodland,49.27174,-123.07181,Entire home/apt,2,2 baths,1,NA,2,FALSE,FALSE,8,5,0,1
53309359,2023-12-14,Downtown,49.27581,-123.12419,Entire home/apt,4,2 baths,2,$251.00,30,TRUE,FALSE,2,5,179,2
53312417,2023-12-14,Strathcona,49.26946,-123.10007,Entire home/apt,4,1 bath,3,$69.00,2,FALSE,FALSE,149,4.85,52,6
53312843,2023-12-14,Mount Pleasant,49.26969,-123.10193,Entire home/apt,4,1 bath,3,$66.00,2,FALSE,FALSE,149,4.85,0,6
53313024,2023-12-14,Strathcona,49.27004,-123.10029,Entire home/apt,5,1 bath,3,$77.00,2,TRUE,FALSE,176,4.84,0,3
53313118,2023-12-14,Mount Pleasant,49.26779,-123.10126,Entire home/apt,4,1 bath,3,$63.00,2,TRUE,FALSE,171,4.78,71,3
53330760,2023-12-13,Downtown,49.27601,-123.116,Entire home/apt,4,2 baths,2,$129.00,30,FALSE,TRUE,24,4.71,183,6
53338639,2023-12-14,Mount Pleasant,49.26175,-123.08412,Entire home/apt,6,1.5 baths,3,NA,7,FALSE,FALSE,0,NA,0,1
53339583,2023-12-13,Arbutus Ridge,49.23674,-123.16653,Entire home/apt,2,1 bath,2,$90.00,2,TRUE,FALSE,130,4.85,66,1
53343134,2023-12-14,Sunset,49.23169,-123.0771,Entire home/apt,8,2 baths,4,$135.00,30,FALSE,TRUE,66,4.33,214,1
53344603,2023-12-14,Downtown Eastside,49.2772,-123.07871,Entire home/apt,8,2 baths,4,$500.00,5,NA,FALSE,2,4.5,0,1
53347228,2023-12-13,Hastings-Sunrise,49.26434,-123.03881,Entire home/apt,2,1 bath,1,$72.00,30,FALSE,FALSE,0,NA,40,8
53348746,2023-12-13,Mount Pleasant,49.26554,-123.09734,Entire home/apt,2,1 bath,1,$150.00,30,FALSE,TRUE,6,4.67,330,1
53382359,2023-12-14,Hastings-Sunrise,49.278065,-123.047577,Entire home/apt,3,1 bath,2,$200.00,1,TRUE,TRUE,84,4.85,0,1
53383620,2023-12-13,Mount Pleasant,49.2708,-123.10372,Entire home/apt,2,1 bath,1,$129.00,30,FALSE,TRUE,11,4.82,365,2
53383998,2023-12-13,Downtown Eastside,49.28212,-123.08309,Entire home/apt,3,1 bath,1,$112.00,1,FALSE,TRUE,78,4.81,9,134
53385748,2023-12-14,Downtown,49.2885,-123.1227,Entire home/apt,4,1 bath,2,$145.00,30,TRUE,FALSE,135,4.84,0,1
53388647,2023-12-14,Downtown,49.2786,-123.10713,Entire home/apt,6,2 baths,3,$171.00,2,TRUE,FALSE,120,4.77,0,2
53395597,2023-12-14,Renfrew-Collingwood,49.25218,-123.04947,Entire home/apt,4,1 bath,2,$144.00,3,TRUE,FALSE,33,4.88,80,1
53401445,2023-12-13,Kitsilano,49.26671,-123.15096,Entire home/apt,3,1 bath,1,$100.00,3,FALSE,FALSE,9,5,16,2
53418671,2023-12-14,Renfrew-Collingwood,49.23316955566406,-123.05464935302734,Entire home/apt,4,1 bath,2,$143.00,2,TRUE,FALSE,100,4.89,0,2
53421362,2023-12-14,Downtown,49.27717,-123.12793,Entire home/apt,4,1 bath,2,$160.00,2,TRUE,FALSE,131,4.88,0,1
53437636,2023-12-13,Kensington-Cedar Cottage,49.24306,-123.06606,Entire home/apt,5,1 bath,3,$145.00,1,TRUE,FALSE,112,4.97,196,1
53446776,2023-12-13,Mount Pleasant,49.26675,-123.09764,Entire home/apt,2,1 bath,1,$120.00,30,TRUE,FALSE,8,5,113,1
53478280,2023-12-14,Renfrew-Collingwood,49.24176,-123.05637,Entire home/apt,2,2 baths,2,$150.00,30,FALSE,FALSE,1,5,142,1
53479392,2023-12-14,Kitsilano,49.26672,-123.17683,Entire home/apt,4,1 bath,3,$422.00,2,FALSE,TRUE,46,4.85,105,134
53483895,2023-12-13,Renfrew-Collingwood,49.24927,-123.05462,Entire home/apt,4,1 bath,2,$80.00,1,FALSE,FALSE,114,4.67,49,1
53500874,2023-12-14,Kensington-Cedar Cottage,49.24436,-123.08632,Entire home/apt,6,2 baths,3,$364.00,7,TRUE,FALSE,0,NA,321,2
53514361,2023-12-13,Kensington-Cedar Cottage,49.26039,-123.07146,Entire home/apt,2,1 bath,1,$100.00,7,FALSE,FALSE,69,4.83,97,2
53519115,2023-12-13,Downtown,49.27577,-123.11461,Entire home/apt,2,1 bath,1,$120.00,30,FALSE,FALSE,12,5,56,2
53521306,2023-12-14,Downtown,49.27894,-123.10852,Entire home/apt,3,1 bath,1,$131.00,1,TRUE,FALSE,203,4.88,0,1
53523917,2023-12-14,Downtown,49.27761,-123.12805,Entire home/apt,2,1 bath,1,$149.00,30,FALSE,FALSE,0,NA,365,1
53531830,2023-12-14,Riley Park,49.23982238769531,-123.0981674194336,Entire home/apt,2,1.5 baths,1,NA,30,TRUE,FALSE,9,5,0,2
53540805,2023-12-13,Oakridge,49.22527260987796,-123.12001982129172,Entire home/apt,2,1 bath,1,$64.00,30,FALSE,TRUE,3,4,39,20
53572143,2023-12-14,Kensington-Cedar Cottage,49.24541,-123.0627,Entire home/apt,5,1 bath,3,$156.00,1,TRUE,FALSE,118,4.91,263,1
53576801,2023-12-14,Downtown Eastside,49.27926,-123.10456,Entire home/apt,2,1 bath,1,$210.00,30,TRUE,FALSE,6,4.83,0,1
53580140,2023-12-14,Renfrew-Collingwood,49.23531,-123.04212,Entire home/apt,6,1 bath,3,$100.00,1,TRUE,FALSE,70,4.74,75,1
53589380,2023-12-14,Marpole,49.21329,-123.13759,Entire home/apt,4,1 bath,2,$110.00,31,TRUE,FALSE,70,4.96,49,1
53595567,2023-12-14,Riley Park,49.25038,-123.0999,Entire home/apt,5,2.5 baths,3,$463.00,3,TRUE,FALSE,17,5,70,1
53596215,2023-12-13,Renfrew-Collingwood,49.23287,-123.03256,Entire home/apt,3,1 bath,1,$140.00,2,TRUE,FALSE,80,4.93,25,1
53597154,2023-12-13,Oakridge,49.22534,-123.12228,Private room,1,NA,1,$47.00,30,FALSE,FALSE,2,5,171,20
53612566,2023-12-14,Mount Pleasant,49.26945,-123.10197,Entire home/apt,4,1 bath,2,$130.00,1,TRUE,TRUE,127,4.8,0,4
53613052,2023-12-14,Kitsilano,49.26347,-123.15016,Entire home/apt,1,1 bath,1,$90.00,90,TRUE,FALSE,3,4.67,49,2
53623847,2023-12-14,Mount Pleasant,49.26072,-123.08679,Entire home/apt,6,2 baths,3,$359.00,2,TRUE,FALSE,82,4.88,0,1
53625046,2023-12-14,Downtown,49.27948,-123.12846,Entire home/apt,5,2 baths,3,$160.00,1,TRUE,TRUE,39,4.85,0,1
53625783,2023-12-14,West End,49.27867,-123.13049,Entire home/apt,2,1 bath,1,$151.00,2,TRUE,TRUE,53,4.87,159,1
53628096,2023-12-14,Renfrew-Collingwood,49.2502,-123.04452,Entire home/apt,4,2 baths,2,$155.00,30,TRUE,TRUE,15,4.8,159,2
53638287,2023-12-13,Oakridge,49.22451,-123.12202,Private room,1,1 private bath,1,$45.00,30,FALSE,TRUE,5,5,60,20
53644738,2023-12-14,Renfrew-Collingwood,49.23582,-123.04613,Entire home/apt,3,1 bath,2,$109.00,1,FALSE,FALSE,57,4.53,0,2
53650580,2023-12-13,Grandview-Woodland,49.27182,-123.06724,Entire home/apt,2,1 bath,1,$134.00,2,TRUE,FALSE,98,4.98,105,1
53664325,2023-12-14,Downtown,49.28118,-123.11904,Entire home/apt,2,2 baths,1,$500.00,30,FALSE,FALSE,0,NA,362,1
53675968,2023-12-14,Downtown,49.27858,-123.1088,Entire home/apt,6,2 baths,4,$220.00,1,FALSE,TRUE,140,4.65,0,1
53686125,2023-12-14,West End,49.28,-123.13526,Private room,2,1 shared bath,1,NA,7,FALSE,FALSE,4,4.75,0,2
53720026,2023-12-14,Downtown,49.276817,-123.127129,Entire home/apt,4,1 bath,2,$113.00,30,TRUE,TRUE,80,4.89,178,1
53726311,2023-12-14,West End,49.27968,-123.13862,Entire home/apt,2,1 bath,1,NA,10,FALSE,TRUE,2,4.5,0,1
53730855,2023-12-14,Downtown Eastside,49.28162,-123.10409,Entire home/apt,2,1 bath,1,$196.00,7,TRUE,FALSE,91,4.97,0,2
53740950,2023-12-13,Fairview,49.26236,-123.14082,Private room,2,1 shared bath,1,$85.00,3,FALSE,FALSE,69,4.94,36,2
53741351,2023-12-13,Shaughnessy,49.2567,-123.1404,Entire home/apt,16,3.5 baths,6,$655.00,1,FALSE,FALSE,48,4.52,214,1
53756807,2023-12-13,Killarney,49.2325,-123.03907,Private room,8,2 shared baths,5,$299.00,2,TRUE,TRUE,64,4.77,344,1
53766103,2023-12-14,Downtown,49.27831,-123.12079,Entire home/apt,2,1 bath,1,$186.00,1,TRUE,FALSE,179,4.97,0,1
53772718,2023-12-13,Kitsilano,49.26944,-123.17919,Private room,1,1 shared bath,2,$85.00,31,FALSE,FALSE,3,5,362,7
53780504,2023-12-14,Oakridge,49.22741,-123.11395,Private room,1,1 bath,1,$70.00,30,FALSE,FALSE,2,5,18,20
53785210,2023-12-14,West End,49.28554,-123.13833,Private room,1,1 shared bath,1,$75.00,30,FALSE,FALSE,2,5,88,1
53788662,2023-12-13,Riley Park,49.246761,-123.113998,Entire home/apt,8,2 baths,4,$319.00,30,FALSE,TRUE,3,5,121,43
53812295,2023-12-13,Mount Pleasant,49.26575,-123.09905,Entire home/apt,2,1 bath,1,$210.00,10,FALSE,FALSE,6,5,118,1
53813671,2023-12-14,West End,49.27903,-123.13372,Entire home/apt,2,1 bath,1,$80.00,30,FALSE,FALSE,1,5,30,33
53814869,2023-12-14,West End,49.2840690612793,-123.1290283203125,Entire home/apt,2,1 bath,1,$125.00,30,TRUE,FALSE,100,4.9,134,1
53817474,2023-12-14,Killarney,49.22959,-123.02697,Entire home/apt,6,2 baths,3,$210.00,3,TRUE,FALSE,36,4.92,71,1
53828673,2023-12-14,South Cambie,49.25496,-123.11763,Entire home/apt,4,1 bath,2,$125.00,1,TRUE,FALSE,32,5,0,1
53833651,2023-12-14,Marpole,49.2147,-123.14397,Entire home/apt,4,1 bath,2,$116.00,1,TRUE,FALSE,137,4.98,173,1
53835039,2023-12-14,West End,49.2840690612793,-123.1290283203125,Entire home/apt,2,1 bath,1,$125.00,30,TRUE,FALSE,107,4.98,153,1
53835714,2023-12-14,West End,49.28999,-123.13831,Entire home/apt,2,1 bath,1,$80.00,30,FALSE,TRUE,7,4.86,82,1
53837470,2023-12-13,Kitsilano,49.27222,-123.15986,Entire home/apt,2,1 bath,1,$106.00,3,TRUE,FALSE,39,4.97,63,1
53862186,2023-12-14,Downtown,49.28859,-123.12614,Entire home/apt,3,1 bath,2,$180.00,30,FALSE,FALSE,4,4.5,89,11
53864196,2023-12-14,Downtown,49.27872,-123.1054,Entire home/apt,6,2 baths,4,$386.00,2,TRUE,FALSE,72,4.9,0,5
53868586,2023-12-14,Downtown,49.27991,-123.10842,Entire home/apt,6,2 baths,4,$328.00,2,TRUE,TRUE,102,4.81,27,1
53878386,2023-12-14,Arbutus Ridge,49.23982,-123.16016,Entire home/apt,9,3.5 baths,5,$968.00,7,FALSE,TRUE,4,4.75,149,1
53878626,2023-12-14,Downtown,49.279339,-123.106544,Entire home/apt,4,2 baths,2,$342.00,2,FALSE,TRUE,73,4.7,334,1
53908651,2023-12-14,West End,49.28992,-123.13057,Entire home/apt,2,1 bath,1,$135.00,30,TRUE,FALSE,3,4.67,223,13
53953082,2023-12-14,Renfrew-Collingwood,49.2409,-123.04883,Private room,1,1 private bath,1,$146.00,5,TRUE,FALSE,11,5,0,1
53953464,2023-12-14,Riley Park,49.24023,-123.09728,Entire home/apt,2,1 bath,1,NA,30,TRUE,FALSE,10,5,0,2
53970656,2023-12-14,Riley Park,49.251220000000004,-123.11358,Entire home/apt,4,1 bath,2,$160.00,1,TRUE,FALSE,145,4.88,0,1
53981785,2023-12-14,West End,49.27953,-123.13026,Entire home/apt,4,1 bath,2,$155.00,1,TRUE,FALSE,76,4.79,356,21
53989148,2023-12-14,Downtown,49.27824,-123.10962,Entire home/apt,6,2 baths,3,$114.00,2,TRUE,TRUE,123,4.85,346,1
53989770,2023-12-14,Hastings-Sunrise,49.27915,-123.03073,Entire home/apt,4,1 bath,2,NA,3,FALSE,FALSE,40,4.95,0,1
54003189,2023-12-14,Oakridge,49.22435059027678,-123.11910561225729,Entire home/apt,5,1 bath,3,$250.00,3,FALSE,TRUE,0,NA,17,2
54003850,2023-12-14,Downtown,49.278839,-123.107399,Entire home/apt,3,1 bath,2,$129.00,2,FALSE,FALSE,53,4.85,155,1
54034800,2023-12-13,Downtown,49.27283,-123.12129,Entire home/apt,2,2 baths,2,$220.00,30,FALSE,FALSE,5,5,307,1
54039081,2023-12-14,Sunset,49.22073,-123.08173,Entire home/apt,5,1.5 baths,2,NA,2,TRUE,FALSE,72,4.9,0,1
54054764,2023-12-14,Downtown,49.274403,-123.130981,Entire home/apt,2,1 bath,1,$91.00,30,FALSE,FALSE,6,4.5,179,21
54060797,2023-12-14,Dunbar Southlands,49.23835,-123.1725,Entire home/apt,5,2 baths,3,$250.00,30,TRUE,TRUE,6,5,261,1
54097330,2023-12-14,Mount Pleasant,49.26923,-123.10233,Entire home/apt,6,2 baths,3,$173.00,2,FALSE,FALSE,97,4.76,0,1
54111673,2023-12-14,Marpole,49.21631,-123.11369,Entire home/apt,6,2.5 baths,4,NA,30,FALSE,FALSE,2,5,0,1
54125257,2023-12-13,Renfrew-Collingwood,49.24713,-123.03256,Entire home/apt,2,1 bath,1,$78.00,2,TRUE,FALSE,89,4.93,165,1
54143648,2023-12-14,Downtown,49.28036,-123.10779,Entire home/apt,4,1 bath,1,$314.00,1,TRUE,FALSE,129,4.92,4,1
54146055,2023-12-13,Renfrew-Collingwood,49.25062,-123.05418,Entire home/apt,2,1 bath,1,$101.00,2,TRUE,FALSE,53,4.91,70,1
54162408,2023-12-14,Downtown,49.276817321777344,-123.12712860107422,Entire home/apt,4,1 bath,2,$179.00,1,TRUE,FALSE,126,4.75,184,1
54163567,2023-12-14,Grandview-Woodland,49.27325,-123.07023,Entire home/apt,4,1 bath,2,$137.00,4,TRUE,FALSE,89,4.95,0,2
54177005,2023-12-14,Downtown Eastside,49.27738,-123.10027,Entire home/apt,2,1 bath,1,$150.00,3,TRUE,FALSE,54,4.89,237,1
54183138,2023-12-14,Downtown,49.28027,-123.12401,Entire home/apt,3,1 bath,1,$157.00,30,TRUE,FALSE,7,5,152,3
54194548,2023-12-14,West End,49.28225,-123.12449,Private room,2,1 shared bath,NA,$94.00,1,TRUE,FALSE,37,4.97,10,2
54214233,2023-12-14,West End,49.28117,-123.12637,Private room,2,1 private bath,1,$65.00,30,TRUE,FALSE,5,5,215,1
54217464,2023-12-14,Kitsilano,49.25936,-123.18241,Private room,2,1.5 baths,1,$113.00,3,NA,FALSE,96,4.97,233,2
54232388,2023-12-14,Renfrew-Collingwood,49.2498,-123.05363,Entire home/apt,2,1 bath,1,$99.00,3,TRUE,TRUE,65,4.85,0,1
54239422,2023-12-14,Downtown,49.2788,-123.10856,Entire home/apt,4,1 bath,2,$133.00,1,TRUE,TRUE,115,4.86,0,3
54240909,2023-12-14,Downtown,49.27772,-123.10684,Entire home/apt,3,1 bath,1,$109.00,1,FALSE,TRUE,82,4.83,39,1
54243757,2023-12-14,Downtown Eastside,49.28341,-123.1071,Entire home/apt,2,1 bath,1,$200.00,90,FALSE,FALSE,3,5,99,4
54245903,2023-12-13,Victoria-Fraserview,49.226768,-123.071358,Entire home/apt,2,1 bath,1,$73.00,1,TRUE,FALSE,117,4.88,53,4
54267743,2023-12-14,Downtown,49.27867,-123.10671,Private room,2,1 private bath,1,$162.00,1,TRUE,FALSE,106,4.88,106,1
54267773,2023-12-13,Downtown Eastside,49.2784,-123.08592,Entire home/apt,3,1 bath,2,$126.00,30,TRUE,FALSE,3,5,55,1
54271255,2023-12-13,Kitsilano,49.27231,-123.14955,Entire home/apt,4,2 baths,2,$287.00,30,TRUE,FALSE,9,5,150,3
54279568,2023-12-14,Downtown,49.28925,-123.12583,Entire home/apt,6,2.5 baths,4,$785.00,10,FALSE,FALSE,0,NA,364,30
54283005,2023-12-13,Kitsilano,49.26403,-123.16577,Entire home/apt,5,1 bath,4,$150.00,1,FALSE,FALSE,45,4.89,61,1
54295911,2023-12-14,Kensington-Cedar Cottage,49.251869,-123.07547,Entire home/apt,4,1 bath,3,$145.00,2,FALSE,FALSE,11,4.91,76,5
54298019,2023-12-14,Kensington-Cedar Cottage,49.251869,-123.07547,Entire home/apt,5,1 bath,4,$158.00,2,FALSE,FALSE,72,4.75,76,5
54307188,2023-12-14,Kensington-Cedar Cottage,49.251869,-123.07547,Entire home/apt,2,1 bath,2,$145.00,2,FALSE,FALSE,3,5,76,5
54309719,2023-12-14,West End,49.28545,-123.12414,Entire home/apt,4,2 baths,2,$114.00,30,TRUE,FALSE,2,5,162,2
54331347,2023-12-13,Kensington-Cedar Cottage,49.25331,-123.08743,Entire home/apt,3,1.5 baths,2,$143.00,2,TRUE,FALSE,70,4.94,72,1
54332008,2023-12-14,Mount Pleasant,49.26353,-123.08277,Entire home/apt,2,1 bath,1,$125.00,30,FALSE,FALSE,2,5,83,1
54335389,2023-12-14,Downtown,49.278839,-123.107399,Entire home/apt,3,1 bath,1,$132.00,1,FALSE,TRUE,145,4.48,160,43
54342824,2023-12-14,Downtown,49.27680587768555,-123.1292495727539,Entire home/apt,2,1 bath,1,$240.00,30,TRUE,FALSE,4,4.75,342,41
54343169,2023-12-14,Downtown,49.27680587768555,-123.1292495727539,Entire home/apt,4,1 bath,1,$260.00,30,TRUE,FALSE,1,5,342,41
54343284,2023-12-14,Downtown,49.27680587768555,-123.1292495727539,Entire home/apt,6,1 bath,3,$385.00,30,TRUE,FALSE,2,5,365,41
54345288,2023-12-14,Downtown,49.29113,-123.12291,Entire home/apt,10,2.5 baths,8,$774.00,9,FALSE,FALSE,0,NA,364,30
54355446,2023-12-14,West End,49.28429,-123.13437,Entire home/apt,6,2 baths,3,$190.00,30,TRUE,TRUE,8,5,161,1
54365821,2023-12-14,Downtown,49.27680587768555,-123.1292495727539,Entire home/apt,6,1 bath,3,$385.00,30,TRUE,FALSE,0,NA,365,41
54365910,2023-12-14,Downtown,49.27680587768555,-123.1292495727539,Entire home/apt,2,1 bath,1,$240.00,30,TRUE,FALSE,2,5,342,41
54366045,2023-12-14,Downtown,49.27680587768555,-123.1292495727539,Entire home/apt,4,1 bath,1,$260.00,30,TRUE,FALSE,1,5,341,41
54366570,2023-12-14,Marpole,49.21545,-123.11622,Entire home/apt,8,2.5 baths,4,$182.00,2,FALSE,TRUE,82,4.8,0,134
54372129,2023-12-14,Downtown,49.27877431605714,-123.12186897204784,Entire home/apt,3,1 bath,2,$156.00,2,FALSE,FALSE,139,4.49,166,1
54379117,2023-12-13,Kitsilano,49.26838,-123.16187,Entire home/apt,4,1 bath,2,$137.00,3,FALSE,TRUE,35,4.71,38,1
54391818,2023-12-13,West End,49.29246,-123.13475,Entire home/apt,2,1 bath,1,$140.00,30,FALSE,FALSE,6,4.83,365,12
501681193430525310,2023-12-13,Kitsilano,49.26616,-123.14731,Entire home/apt,3,2 baths,2,$128.00,30,FALSE,FALSE,0,NA,358,1
510948460468405144,2023-12-14,Downtown,49.27786,-123.11915,Entire home/apt,2,1 bath,1,$189.00,6,TRUE,FALSE,66,4.97,129,1
513658452171545478,2023-12-13,Kitsilano,49.271362,-123.150948,Entire home/apt,4,2 baths,2,$400.00,3,TRUE,TRUE,33,5,129,1
514444008042828499,2023-12-13,Hastings-Sunrise,49.29046,-123.04278,Entire home/apt,3,1.5 baths,2,$250.00,30,TRUE,FALSE,74,4.95,364,1
537282821502227729,2023-12-14,Downtown,49.28621,-123.1235,Private room,1,1 private bath,1,$105.00,3,TRUE,TRUE,56,4.77,0,4
538075693317179216,2023-12-14,Downtown,49.28623,-123.12309,Private room,1,1 shared bath,1,$107.00,3,TRUE,TRUE,73,4.84,61,4
539840891599271273,2023-12-13,Downtown,49.273327,-123.119072,Entire home/apt,6,2 baths,2,$239.00,30,FALSE,FALSE,3,5,83,1
541472859148711343,2023-12-14,Mount Pleasant,49.26093,-123.10725,Entire home/apt,5,3 baths,4,$329.00,4,FALSE,FALSE,11,5,42,1
542797367504541344,2023-12-14,Downtown,49.27848,-123.10681,Entire home/apt,9,2 baths,5,$535.00,2,FALSE,FALSE,80,4.78,167,2
542988842170788575,2023-12-13,Mount Pleasant,49.27072,-123.10981,Entire home/apt,2,1 bath,1,$130.00,30,TRUE,FALSE,11,4.82,34,1
544160182412563008,2023-12-14,Kitsilano,49.26519,-123.17573,Entire home/apt,6,2 baths,3,$235.00,2,TRUE,FALSE,89,4.86,0,1
544444868103846015,2023-12-14,Kitsilano,49.27141,-123.1658,Entire home/apt,5,2.5 baths,3,$356.00,5,FALSE,FALSE,18,4.94,35,2
544919086130938918,2023-12-14,Renfrew-Collingwood,49.24002,-123.0405,Entire home/apt,2,1 bath,1,NA,30,FALSE,FALSE,41,4.83,0,1
545573736585254642,2023-12-14,Downtown,49.27732,-123.13003,Entire home/apt,2,1 bath,1,$134.00,2,TRUE,FALSE,36,4.72,19,2
546063009397613558,2023-12-14,Downtown,49.27837,-123.10732,Entire home/apt,6,2 baths,3,$163.00,2,TRUE,TRUE,38,4.71,319,21
546262200725114075,2023-12-14,Victoria-Fraserview,49.21809,-123.05294,Entire home/apt,7,2 baths,4,$220.00,2,TRUE,FALSE,83,4.94,264,1
546566442410025454,2023-12-13,Kitsilano,49.2672,-123.14684,Entire home/apt,4,2 baths,2,$155.00,30,FALSE,FALSE,0,NA,42,1
546611144864188281,2023-12-14,Kitsilano,49.273464,-123.15007,Entire home/apt,3,1.5 baths,1,NA,3,FALSE,FALSE,8,5,0,1
546665007868243018,2023-12-14,Downtown,49.27846,-123.12076,Entire home/apt,4,1 bath,2,$218.00,5,TRUE,FALSE,20,4.7,340,3
546992172231995022,2023-12-14,Kensington-Cedar Cottage,49.24949,-123.05988,Entire home/apt,4,1 bath,2,NA,1,TRUE,FALSE,56,4.63,0,1
548791024234882915,2023-12-13,Riley Park,49.25316,-123.09006,Entire home/apt,4,1 bath,2,$125.00,3,TRUE,FALSE,119,4.92,226,1
548806900333113026,2023-12-14,Downtown Eastside,49.28059,-123.10916,Entire home/apt,6,2 baths,3,NA,2,TRUE,FALSE,87,4.9,0,1
548845420372967670,2023-12-14,Fairview,49.26696,-123.13169,Entire home/apt,6,1.5 baths,3,$275.00,2,TRUE,FALSE,62,4.95,0,1
549349671942178710,2023-12-14,Downtown Eastside,49.28176,-123.10719,Entire home/apt,6,1 bath,2,$211.00,1,FALSE,FALSE,109,4.7,87,1
549543615618148743,2023-12-14,Grandview-Woodland,49.27189,-123.06115,Entire home/apt,6,1 bath,3,$222.00,2,TRUE,FALSE,81,4.98,316,2
549974829808850097,2023-12-14,Downtown,49.27773,-123.10868,Private room,2,1 private bath,1,$136.00,2,TRUE,FALSE,147,4.94,38,1
550876657287146230,2023-12-13,Downtown,49.2742,-123.11429,Entire home/apt,2,1 bath,1,$125.00,90,TRUE,TRUE,12,5,327,2
551074287832212187,2023-12-14,Renfrew-Collingwood,49.25382,-123.03675,Entire home/apt,4,1 bath,2,$120.00,5,TRUE,FALSE,76,4.87,0,1
551448362493059866,2023-12-13,Dunbar Southlands,49.25439,-123.19624,Entire home/apt,2,1 bath,1,$98.00,30,TRUE,FALSE,11,5,83,1
551666185546451664,2023-12-14,Downtown,49.27495,-123.12722,Private room,2,1 private bath,1,$100.00,1,FALSE,FALSE,40,4.65,327,1
552199534066642003,2023-12-14,Grandview-Woodland,49.27905,-123.07353,Entire home/apt,4,1 bath,2,NA,1,TRUE,FALSE,3,4.67,0,3
552249842998317215,2023-12-13,Mount Pleasant,49.26581,-123.09625,Entire home/apt,3,1 bath,1,$248.00,2,FALSE,TRUE,60,4.97,321,134
552513157902921088,2023-12-14,Hastings-Sunrise,49.26509,-123.04036,Entire home/apt,6,1 bath,3,$185.00,30,FALSE,FALSE,25,4.92,39,1
552948063129239677,2023-12-14,West End,49.28649,-123.12461,Entire home/apt,4,1 bath,2,$168.00,1,FALSE,FALSE,160,4.75,0,1
553817958707241245,2023-12-14,Downtown,49.28042,-123.12475,Entire home/apt,8,2 baths,4,$349.00,30,FALSE,TRUE,3,5,364,1
554273089360679060,2023-12-14,Downtown,49.27981,-123.10838,Entire home/apt,4,1 bath,2,NA,3,TRUE,TRUE,49,4.86,0,1
554951199020796621,2023-12-13,Kitsilano,49.27265,-123.15328,Entire home/apt,5,1 bath,2,$300.00,7,TRUE,FALSE,8,4.75,312,3
555833212800285534,2023-12-14,Downtown,49.27881,-123.10941,Entire home/apt,6,2 baths,2,$238.00,3,FALSE,TRUE,28,4.82,97,1
557252192489107670,2023-12-13,Mount Pleasant,49.26803,-123.10071,Entire home/apt,4,1 bath,2,$133.00,1,TRUE,TRUE,87,4.83,180,4
557360388521540150,2023-12-14,Downtown,49.27923,-123.12031,Entire home/apt,3,1 bath,3,$250.00,30,TRUE,FALSE,8,5,272,1
557934514408186393,2023-12-13,Grandview-Woodland,49.27899,-123.07411,Entire home/apt,6,2 baths,3,$125.00,1,FALSE,TRUE,81,4.81,13,134
558024557334388713,2023-12-14,Downtown,49.27442169189453,-123.13230895996094,Entire home/apt,4,2 baths,3,$342.00,3,TRUE,TRUE,75,4.96,313,4
558761107575318456,2023-12-13,Hastings-Sunrise,49.27797,-123.03602,Entire home/apt,6,1 bath,4,$201.00,2,TRUE,FALSE,90,4.97,235,1
558780726555453737,2023-12-14,Mount Pleasant,49.27049,-123.10985,Entire home/apt,4,1 bath,1,$115.00,90,FALSE,FALSE,0,NA,225,13
560808141922458912,2023-12-13,Kitsilano,49.258511,-123.169258,Entire home/apt,4,1 bath,2,$113.00,1,FALSE,TRUE,105,4.77,109,43
561420430548811362,2023-12-14,Renfrew-Collingwood,49.25136,-123.03416,Entire home/apt,4,1 bath,2,$103.00,2,TRUE,TRUE,63,4.83,0,1
561767409786915919,2023-12-14,Downtown,49.274914,-123.131027,Entire home/apt,3,2 baths,2,$380.00,30,TRUE,TRUE,3,5,214,1
562273398233310583,2023-12-14,Downtown,49.2772,-123.12613,Entire home/apt,4,1 bath,2,$127.00,1,FALSE,TRUE,102,4.65,239,1
562596359527085526,2023-12-13,Downtown,49.27556,-123.11598,Entire home/apt,5,1 bath,2,$135.00,30,FALSE,FALSE,15,5,161,1
563115181211622654,2023-12-14,Downtown Eastside,49.28353,-123.10468,Entire home/apt,2,1 bath,1,$260.00,2,TRUE,TRUE,137,4.93,254,1
563248180261220836,2023-12-14,Downtown,49.27582,-123.12673,Entire home/apt,4,1 bath,2,$140.00,4,TRUE,FALSE,36,4.89,199,3
563594163484468406,2023-12-14,Downtown,49.28097,-123.11662,Entire home/apt,3,1 bath,1,$160.00,30,FALSE,FALSE,0,NA,358,1
563672491412670947,2023-12-14,Downtown,49.27671,-123.11476,Entire home/apt,2,1 bath,1,NA,30,TRUE,FALSE,6,5,0,1
563811005512806585,2023-12-14,Downtown,49.27595,-123.12827,Entire home/apt,2,1 bath,1,$123.00,2,TRUE,FALSE,63,4.83,0,2
563837045230627489,2023-12-13,Marpole,49.21133,-123.12235,Entire home/apt,1,1 bath,1,$70.00,30,TRUE,FALSE,8,5,139,2
564089062376990775,2023-12-14,Downtown,49.2761,-123.12638,Private room,2,1 private bath,1,$125.00,1,TRUE,FALSE,147,4.93,27,1
564880673945279487,2023-12-14,Victoria-Fraserview,49.21694,-123.06275,Entire home/apt,14,3 baths,7,$337.00,3,FALSE,FALSE,19,4.21,340,1
565268651352901459,2023-12-14,Hastings-Sunrise,49.26192,-123.03705,Entire home/apt,6,3 baths,3,$227.00,3,TRUE,FALSE,23,4.83,288,2
566735552038171956,2023-12-13,Killarney,49.21944,-123.04112,Private room,1,1 shared bath,1,$59.00,30,FALSE,FALSE,5,5,346,4
567362169637674569,2023-12-14,Kensington-Cedar Cottage,49.25172517969593,-123.07252418228978,Entire home/apt,6,3 baths,4,$400.00,3,FALSE,FALSE,1,5,13,1
567446694511645765,2023-12-14,Victoria-Fraserview,49.2071,-123.06412,Entire home/apt,2,1 bath,1,$118.00,30,FALSE,TRUE,1,5,365,1
568418120198514314,2023-12-13,Marpole,49.21696,-123.1139,Entire home/apt,7,2 baths,4,$280.00,30,FALSE,FALSE,3,4.33,364,1
568808881399597264,2023-12-14,Kitsilano,49.2669,-123.17785,Private room,1,1 private bath,1,$92.00,5,TRUE,FALSE,49,4.94,266,1
569162770621083690,2023-12-14,Kensington-Cedar Cottage,49.24384,-123.08696,Entire home/apt,2,1 bath,1,$155.00,30,TRUE,TRUE,19,5,354,1
569187847103076470,2023-12-14,Mount Pleasant,49.26928,-123.10216,Entire home/apt,3,1 bath,2,$145.00,2,TRUE,FALSE,55,4.91,0,1
570291023195322066,2023-12-14,Kitsilano,49.26746,-123.1728,Private room,2,1 private bath,1,NA,2,TRUE,TRUE,36,4.94,0,1
570297645185348471,2023-12-14,Hastings-Sunrise,49.28265,-123.02794,Entire home/apt,2,1 bath,1,$100.00,1,TRUE,FALSE,84,4.93,0,1
571794764777794595,2023-12-14,Renfrew-Collingwood,49.24102,-123.04993,Entire home/apt,2,1 bath,1,NA,2,TRUE,FALSE,35,4.97,0,1
571827776156478503,2023-12-14,Downtown,49.27792,-123.12654,Entire home/apt,2,1 bath,1,$78.00,1,FALSE,TRUE,64,4.53,0,134
572359625603226701,2023-12-13,Strathcona,49.26964,-123.10062,Entire home/apt,4,1.5 baths,2,$117.00,2,TRUE,FALSE,40,4.9,212,1
572526966738574217,2023-12-14,Mount Pleasant,49.26817,-123.10207,Entire home/apt,4,1 bath,2,$157.00,1,TRUE,FALSE,86,4.78,0,3
572541104622819341,2023-12-14,Downtown,49.27377,-123.11451,Entire home/apt,4,2 baths,2,$150.00,30,TRUE,FALSE,9,5,18,2
572609209433746227,2023-12-14,Kitsilano,49.2702,-123.16161,Entire home/apt,2,1 bath,1,$70.00,30,TRUE,FALSE,8,4.63,77,3
572726524344983768,2023-12-14,Downtown,49.279781,-123.106384,Entire home/apt,2,1 bath,1,$125.00,30,FALSE,FALSE,7,4.57,59,4
573204480902325004,2023-12-14,Kensington-Cedar Cottage,49.23631,-123.07196,Entire home/apt,8,4.5 baths,4,$322.00,2,FALSE,FALSE,76,4.71,3,1
573217195003184747,2023-12-14,West End,49.28496,-123.12473,Entire home/apt,4,2.5 baths,2,$354.00,60,FALSE,FALSE,0,NA,363,1
573236213853060492,2023-12-14,Kensington-Cedar Cottage,49.255,-123.07054,Entire home/apt,3,1 bath,2,$154.00,3,TRUE,FALSE,84,4.94,0,1
573330912931029091,2023-12-14,Downtown,49.28843,-123.12406,Entire home/apt,3,1 bath,2,$156.00,1,TRUE,FALSE,94,4.95,47,1
574531787170117608,2023-12-13,Grandview-Woodland,49.27659,-123.06246,Private room,1,1.5 shared baths,1,$111.00,30,TRUE,FALSE,19,5,225,3
574541994233882935,2023-12-13,Mount Pleasant,49.26604,-123.10004,Entire home/apt,2,1 bath,1,$136.00,30,TRUE,FALSE,9,5,50,2
574571550054322020,2023-12-13,Downtown Eastside,49.2803,-123.08313,Entire home/apt,4,1 bath,2,$160.00,2,TRUE,TRUE,67,4.76,161,1
574795430216987558,2023-12-13,Downtown,49.275288,-123.115334,Entire home/apt,3,1 bath,1,$128.00,20,FALSE,FALSE,39,4.82,266,5
575441480842553082,2023-12-14,Downtown,49.27729,-123.12597,Entire home/apt,3,1 bath,2,$65.00,1,FALSE,TRUE,49,4.61,333,134
575500580463866352,2023-12-14,Victoria-Fraserview,49.22839,-123.06437,Entire home/apt,2,1 bath,1,$99.00,30,TRUE,FALSE,4,5,363,2
575544573517713892,2023-12-14,Downtown,49.27928,-123.1249,Entire home/apt,3,1 bath,1,$102.00,30,FALSE,FALSE,4,4,166,6
575552289903756274,2023-12-14,Dunbar Southlands,49.23548,-123.18947,Entire home/apt,4,1.5 baths,2,$141.00,1,TRUE,FALSE,158,4.84,213,2
575615010351390473,2023-12-14,Victoria-Fraserview,49.22852,-123.06424,Entire home/apt,4,1 bath,2,$136.00,30,TRUE,FALSE,1,5,364,2
575852005143129019,2023-12-14,West End,49.29023,-123.14119,Entire home/apt,4,1 bath,1,$102.00,30,FALSE,FALSE,4,4.5,31,1
576324169204815575,2023-12-14,Downtown,49.2784,-123.12258,Entire home/apt,2,1 bath,1,$125.00,30,FALSE,FALSE,108,4.81,89,1
577819138934727220,2023-12-14,Downtown,49.27936,-123.11803,Entire home/apt,4,1 bath,2,$220.00,30,TRUE,FALSE,3,4.5,0,1
578217036933479442,2023-12-14,Downtown,49.279282,-123.106544,Entire home/apt,4,2 baths,2,$145.00,2,FALSE,FALSE,99,4.68,74,1
578234710130263021,2023-12-14,Downtown,49.27757,-123.12637,Entire home/apt,2,1 bath,1,$94.00,30,FALSE,FALSE,0,NA,32,33
578243553292776571,2023-12-14,Downtown,49.27976320657832,-123.10768242250488,Entire home/apt,3,1 bath,1,$122.00,1,TRUE,FALSE,28,4.89,126,1
578285252934806382,2023-12-14,Downtown,49.28040525039189,-123.12605870011843,Entire home/apt,2,1 bath,1,$99.00,30,FALSE,FALSE,5,5,151,10
578340355352983331,2023-12-13,Riley Park,49.24939,-123.102509,Entire home/apt,2,1 bath,1,$125.00,1,TRUE,FALSE,70,4.81,199,1
579008258736804776,2023-12-13,Downtown,49.27538,-123.11415,Entire home/apt,3,1 bath,1,$128.00,15,NA,TRUE,19,4.89,260,1
579361892875107137,2023-12-13,Mount Pleasant,49.26759423487032,-123.11248675735668,Entire home/apt,3,1 bath,2,$129.00,30,FALSE,TRUE,1,4,6,6
579895395200595933,2023-12-13,Downtown,49.27502,-123.12242,Entire home/apt,4,1 bath,2,$255.00,30,TRUE,FALSE,10,5,176,1
580534853710324061,2023-12-14,Downtown Eastside,49.2772,-123.10035,Entire home/apt,2,1 bath,1,$70.00,30,FALSE,FALSE,3,3.67,20,33
580555318102483549,2023-12-14,Downtown,49.27935,-123.10834,Entire home/apt,9,2 baths,3,$366.00,30,TRUE,FALSE,24,4.92,219,1
580700510757402838,2023-12-14,Downtown,49.27507,-123.12774,Entire home/apt,3,1 bath,2,$165.00,5,FALSE,FALSE,29,4.83,162,1
581913215389516560,2023-12-14,Renfrew-Collingwood,49.2473,-123.02912,Entire home/apt,8,2 baths,4,$207.00,2,FALSE,FALSE,23,4.57,263,1
582833790411644565,2023-12-14,Hastings-Sunrise,49.26268,-123.04685,Entire home/apt,4,1 bath,2,$94.00,1,TRUE,TRUE,138,4.71,0,2
582878768498753325,2023-12-14,Downtown,49.281239,-123.12545,Entire home/apt,2,1 bath,1,NA,2,TRUE,FALSE,74,4.89,0,1
583441829362699064,2023-12-13,Kensington-Cedar Cottage,49.25343,-123.0633,Private room,1,1 private bath,1,$80.00,7,FALSE,TRUE,6,5,78,1
583612717303453099,2023-12-14,Downtown,49.277061038142726,-123.12929717134674,Entire home/apt,2,1 bath,1,$120.00,2,TRUE,FALSE,78,4.9,148,1
583681190860048504,2023-12-14,Downtown,49.27951,-123.10801,Entire home/apt,8,2 baths,6,$378.00,2,TRUE,FALSE,113,4.88,245,1
584211208751510499,2023-12-13,Mount Pleasant,49.26993,-123.10188,Entire home/apt,5,1 bath,3,$144.00,5,TRUE,FALSE,44,4.91,308,11
584308798385392175,2023-12-14,Downtown,49.28935,-123.12272,Entire home/apt,4,1 bath,2,$185.00,3,TRUE,FALSE,38,4.84,170,6
585568481664319320,2023-12-14,Killarney,49.2064,-123.04788,Entire home/apt,6,2.5 baths,6,$297.00,5,FALSE,FALSE,6,5,33,1
585747588926620776,2023-12-14,Downtown,49.27964,-123.108856,Entire home/apt,4,2 baths,2,$464.00,2,TRUE,FALSE,29,4.93,269,1
585782776000350130,2023-12-13,Mount Pleasant,49.26814,-123.10219,Entire home/apt,3,1.5 baths,2,$125.00,2,TRUE,TRUE,122,4.93,186,2
586313115486065213,2023-12-14,Downtown,49.28287,-123.11562,Entire home/apt,6,1 bath,1,NA,15,FALSE,FALSE,0,NA,0,1
586527360182677089,2023-12-14,West End,49.2882,-123.13397,Entire home/apt,5,1.5 baths,2,$229.00,90,FALSE,FALSE,28,4.79,169,1
587071375941594371,2023-12-13,Renfrew-Collingwood,49.24214879732028,-123.0421307200668,Entire home/apt,2,1 bath,1,$97.00,1,TRUE,FALSE,83,4.95,333,2
587221675720305110,2023-12-14,Downtown,49.2793,-123.10795,Entire home/apt,3,1 bath,2,$189.00,14,TRUE,FALSE,74,4.84,0,1
587787888872965176,2023-12-14,Downtown Eastside,49.27754,-123.10042,Entire home/apt,4,1 bath,2,$155.00,2,FALSE,FALSE,50,4.74,272,1
588073002881427772,2023-12-14,Downtown Eastside,49.28378,-123.10693,Entire home/apt,4,2.5 baths,2,$280.00,30,TRUE,FALSE,1,5,185,1
588519747336055516,2023-12-14,Downtown,49.28038,-123.12542,Entire home/apt,4,1 bath,NA,$245.00,2,TRUE,TRUE,41,4.98,5,2
588547571730017567,2023-12-14,Downtown Eastside,49.283524320173576,-123.10432173256105,Entire home/apt,2,1 bath,1,$95.00,30,TRUE,FALSE,8,4.88,122,1
589081132555758015,2023-12-14,Downtown,49.28884,-123.12675,Entire home/apt,2,1 bath,1,$150.00,90,TRUE,FALSE,7,5,144,1
589095658929102856,2023-12-13,Hastings-Sunrise,49.280476,-123.026375,Entire home/apt,2,1 bath,1,$165.00,2,TRUE,FALSE,39,4.92,261,1
589258548885692438,2023-12-14,Downtown,49.27794,-123.12761,Entire home/apt,4,1 bath,2,$250.00,2,FALSE,TRUE,66,4.78,0,134
589780230502938980,2023-12-14,Downtown,49.27866,-123.10792,Entire home/apt,2,1 bath,1,$149.00,3,TRUE,FALSE,89,4.88,11,1
589891753220103775,2023-12-13,Kitsilano,49.26268,-123.1527,Entire home/apt,2,1 bath,1,$120.00,30,FALSE,FALSE,0,NA,294,42
589943890853533309,2023-12-14,Downtown,49.278,-123.12599,Entire home/apt,2,1 bath,1,$133.00,1,FALSE,TRUE,63,4.7,340,134
591184227874299694,2023-12-14,Kitsilano,49.26782,-123.1734,Entire home/apt,2,1.5 baths,1,$375.00,3,FALSE,FALSE,14,4.86,315,1
591202087897623948,2023-12-14,West End,49.28588,-123.12715,Entire home/apt,8,2 baths,4,$289.00,18,FALSE,FALSE,0,NA,89,30
591253181072006920,2023-12-14,Hastings-Sunrise,49.26416,-123.04863,Entire home/apt,2,1 bath,1,$66.00,1,TRUE,TRUE,132,4.77,0,2
591501265133490901,2023-12-13,Dunbar Southlands,49.23381,-123.19242,Private room,2,1 shared bath,1,$69.00,30,TRUE,FALSE,1,5,225,8
591513009241652117,2023-12-13,Dunbar Southlands,49.23349,-123.19252,Private room,2,1 shared bath,1,$89.00,30,TRUE,FALSE,4,5,225,8
591712598908658805,2023-12-13,Hastings-Sunrise,49.26591,-123.03978,Entire home/apt,4,1 bath,3,$149.00,2,FALSE,FALSE,78,4.73,89,3
592142675011832063,2023-12-14,Grandview-Woodland,49.269424,-123.071915,Entire home/apt,4,1 bath,2,NA,3,FALSE,FALSE,15,4.87,0,1
592193406756906169,2023-12-13,Mount Pleasant,49.26092,-123.08867,Entire home/apt,7,2.5 baths,4,$278.00,2,TRUE,FALSE,49,4.9,342,2
592224306511044590,2023-12-14,Downtown,49.27871,-123.10794,Entire home/apt,2,1 bath,1,$149.00,2,TRUE,FALSE,100,4.87,171,1
592719174009370781,2023-12-14,Kensington-Cedar Cottage,49.23394,-123.06891,Entire home/apt,2,1 bath,2,$70.00,30,TRUE,FALSE,2,5,133,4
593757447212336154,2023-12-14,Downtown,49.27529,-123.12668,Entire home/apt,2,1 bath,2,$153.00,2,TRUE,FALSE,113,4.89,56,2
594307476176384716,2023-12-13,Kitsilano,49.25846,-123.15491,Private room,2,1 private bath,1,$116.00,3,TRUE,FALSE,59,4.81,133,1
594366866537579117,2023-12-13,Downtown Eastside,49.28137,-123.08411,Entire home/apt,6,2 baths,3,$128.00,30,FALSE,FALSE,25,4.76,179,1
594560281009631016,2023-12-14,Downtown,49.27838,-123.10661,Entire home/apt,6,2 baths,3,$400.00,2,TRUE,FALSE,62,4.81,311,5
594865741734856596,2023-12-13,Riley Park,49.253437,-123.101845,Entire home/apt,4,1.5 baths,2,$146.00,29,TRUE,FALSE,39,5,247,1
595005982768643282,2023-12-14,Downtown,49.28014,-123.12108,Entire home/apt,4,1 bath,3,$175.00,2,TRUE,FALSE,87,4.75,0,2
595106650021760076,2023-12-14,Downtown,49.27841,-123.10618,Entire home/apt,2,1 bath,1,$256.00,1,FALSE,FALSE,18,4.89,355,1
595142761234603729,2023-12-13,Dunbar Southlands,49.23562,-123.19262,Private room,2,1 shared bath,1,$89.00,30,TRUE,FALSE,3,4,225,8
595609500674965648,2023-12-14,Downtown,49.279587,-123.119118,Entire home/apt,2,1 bath,1,$175.00,30,FALSE,FALSE,0,NA,30,1
595807969725500931,2023-12-13,Kensington-Cedar Cottage,49.24147,-123.08936,Entire home/apt,5,1.5 baths,3,$88.00,2,FALSE,FALSE,46,4.65,299,1
596964280164101368,2023-12-14,West End,49.28226,-123.12513,Entire home/apt,4,1 bath,2,$165.00,30,TRUE,FALSE,8,5,136,1
597326193763505865,2023-12-13,South Cambie,49.25659,-123.1194,Entire home/apt,4,1 bath,2,$113.00,2,FALSE,FALSE,72,4.63,59,1
597339362256290035,2023-12-13,Dunbar Southlands,49.23486,-123.19451,Private room,2,1 shared bath,2,$69.00,30,TRUE,FALSE,5,5,225,8
597400742715108501,2023-12-14,Kensington-Cedar Cottage,49.24549,-123.05949,Entire home/apt,4,1 bath,2,$132.00,1,FALSE,FALSE,44,4.77,142,2
597410502801768294,2023-12-14,Riley Park,49.25469,-123.11014,Entire home/apt,9,3 baths,5,$704.00,2,TRUE,FALSE,32,4.97,243,2
597765578414885881,2023-12-14,Kensington-Cedar Cottage,49.25313,-123.08254,Entire home/apt,2,1 bath,1,NA,2,FALSE,FALSE,37,4.81,0,1
597865604058302294,2023-12-13,South Cambie,49.25114,-123.11539,Entire home/apt,5,1.5 baths,2,$149.00,2,TRUE,FALSE,17,4.94,22,2
597874043150139129,2023-12-13,Kitsilano,49.27329,-123.1594,Entire home/apt,2,1 bath,1,$173.00,30,TRUE,FALSE,5,5,240,2
598111946566621620,2023-12-14,Downtown,49.27811,-123.12212,Entire home/apt,3,1 bath,2,$125.00,2,FALSE,TRUE,54,4.65,71,2
598527972021044449,2023-12-13,Mount Pleasant,49.26867,-123.11007,Entire home/apt,2,1 bath,1,$147.00,2,TRUE,FALSE,83,4.98,80,1
598921169429413796,2023-12-14,Downtown,49.28038,-123.10859,Entire home/apt,7,2 baths,4,$237.00,3,TRUE,FALSE,112,4.93,0,2
599252074324243772,2023-12-14,Downtown,49.27873,-123.10688,Private room,2,1.5 shared baths,1,$130.00,2,TRUE,FALSE,38,4.92,101,2
599470811120745880,2023-12-14,Downtown Eastside,49.28002,-123.10582,Entire home/apt,4,1 bath,2,$124.00,3,FALSE,FALSE,72,4.68,45,1
599476700045132617,2023-12-13,Mount Pleasant,49.26687,-123.09979,Entire home/apt,3,1 bath,1,$116.00,2,FALSE,FALSE,70,4.77,110,1
600328992695728484,2023-12-14,Downtown,49.27634,-123.12594,Entire home/apt,3,1 bath,4,$175.00,2,FALSE,TRUE,58,4.66,46,2
600748206626760906,2023-12-13,Hastings-Sunrise,49.27515,-123.05531,Private room,2,1 private bath,1,$120.00,1,FALSE,TRUE,62,4.63,192,1
600820463747266049,2023-12-14,Downtown Eastside,49.28187,-123.09115,Entire home/apt,3,1.5 baths,1,$215.00,2,TRUE,FALSE,17,4.76,6,1
600904585727251645,2023-12-14,Downtown,49.27787905265793,-123.10792103070575,Entire home/apt,6,2 baths,3,$274.00,1,TRUE,TRUE,11,4.73,340,3
600922000654291512,2023-12-14,Downtown,49.27538,-123.12665,Entire home/apt,2,1 bath,1,$300.00,30,TRUE,FALSE,81,4.88,193,2
601392275677306227,2023-12-14,Kensington-Cedar Cottage,49.23294,-123.07898,Entire home/apt,2,1 bath,2,$130.00,29,FALSE,FALSE,4,4.75,162,1
602154066182833086,2023-12-14,Riley Park,49.23459,-123.10079,Private room,2,1 shared bath,1,$130.00,5,FALSE,FALSE,50,4.84,0,2
602505352466485386,2023-12-14,Renfrew-Collingwood,49.25623,-123.02943,Entire home/apt,4,1.5 baths,3,$119.00,30,FALSE,FALSE,7,4.71,364,1
602913401013531737,2023-12-25,Sunset,49.22626,-123.08721,Entire home/apt,3,1 bath,2,$180.00,2,TRUE,FALSE,60,4.87,0,1
602934586251880758,2023-12-14,Downtown,49.2787,-123.10715,Entire home/apt,5,1.5 baths,3,$245.00,2,TRUE,FALSE,73,4.89,41,2
602991122404680631,2023-12-14,Downtown,49.2771,-123.12643,Entire home/apt,4,1 bath,2,$164.00,2,TRUE,FALSE,57,4.93,333,1
603081354355516451,2023-12-13,Kerrisdale,49.22049971588017,-123.15156568187696,Private room,1,Shared half-bath,1,$68.00,30,TRUE,FALSE,0,NA,365,6
603133463630310615,2023-12-14,Downtown,49.27579,-123.12648,Entire home/apt,4,1 bath,2,$160.00,30,TRUE,FALSE,3,5,205,3
603544416657092376,2023-12-14,Hastings-Sunrise,49.26954,-123.051,Entire home/apt,8,1 bath,3,$100.00,30,FALSE,TRUE,4,4,346,1
603626814689298469,2023-12-14,West End,49.28235,-123.12427,Entire home/apt,2,1 bath,1,$175.00,180,TRUE,FALSE,8,5,354,7
603818499899628527,2023-12-13,Downtown,49.27706,-123.12069,Entire home/apt,4,1 bath,4,$117.00,30,FALSE,FALSE,3,4,324,1
603883328121098333,2023-12-14,Downtown Eastside,49.28059,-123.09934,Entire home/apt,4,1 bath,2,$142.00,2,TRUE,TRUE,110,4.86,38,1
604421305038384850,2023-12-14,Downtown Eastside,49.28369,-123.10652,Entire home/apt,4,2 baths,2,NA,90,FALSE,FALSE,0,NA,0,33
604727681310140669,2023-12-14,Downtown,49.27818,-123.12246,Entire home/apt,4,1 bath,2,$166.00,1,FALSE,FALSE,7,4.86,134,1
605160287994469707,2023-12-14,West End,49.27999339797515,-123.12902673960144,Entire home/apt,3,1 bath,1,$117.00,2,TRUE,TRUE,71,4.9,132,2
605307060473340559,2023-12-14,Downtown,49.27303,-123.12464,Entire home/apt,2,1 bath,1,$115.00,30,FALSE,TRUE,4,5,0,1
605332606169282410,2023-12-14,Downtown,49.280102,-123.126518,Entire home/apt,2,1 bath,1,$269.00,1,TRUE,FALSE,62,4.95,294,1
606454117619359125,2023-12-13,Downtown Eastside,49.28228,-123.08244,Entire home/apt,2,1 bath,1,$230.00,5,FALSE,FALSE,6,5,269,1
607203915811682879,2023-12-13,Hastings-Sunrise,49.28701,-123.04642,Entire home/apt,5,2 baths,3,$123.00,2,FALSE,FALSE,78,4.78,256,1
607992574106210859,2023-12-14,Downtown,49.2789,-123.12708,Private room,4,2 baths,2,$337.00,1,FALSE,FALSE,25,4.68,84,30
608053030891574372,2023-12-14,Kitsilano,49.25772,-123.1667,Entire home/apt,4,1 bath,2,NA,5,FALSE,FALSE,12,4.83,0,1
608076159232440691,2023-12-14,Downtown,49.27515,-123.12896,Entire home/apt,2,1 bath,1,$214.00,2,TRUE,FALSE,60,4.9,2,1
608097368668273586,2023-12-14,Kensington-Cedar Cottage,49.25333151173366,-123.0734595455165,Entire home/apt,4,1 bath,2,$129.00,4,TRUE,FALSE,45,4.93,90,1
608252515654744309,2023-12-14,Mount Pleasant,49.26142,-123.08861,Entire home/apt,2,1 bath,1,$99.00,1,TRUE,FALSE,94,4.81,0,2
608629349064811166,2023-12-14,Fairview,49.26468,-123.12203,Entire home/apt,2,1 bath,1,NA,30,FALSE,FALSE,0,NA,0,1
608705726758009728,2023-12-13,Downtown Eastside,49.27692,-123.10058,Entire home/apt,4,2 baths,2,$250.00,30,FALSE,FALSE,3,5,343,1
608724893294739921,2023-12-13,Kitsilano,49.27111074233997,-123.1602433067169,Entire home/apt,2,1 bath,1,$143.00,2,FALSE,FALSE,70,4.69,12,1
609353050084506686,2023-12-14,Kensington-Cedar Cottage,49.23492,-123.08652,Entire home/apt,4,1 bath,2,$120.00,40,TRUE,FALSE,3,5,266,2
609410553175400905,2023-12-13,Kensington-Cedar Cottage,49.2342,-123.08449,Entire home/apt,2,1 bath,1,$97.00,40,TRUE,FALSE,5,5,186,2
609670248608941536,2023-12-14,Downtown,49.27804,-123.12408,Entire home/apt,6,2 baths,3,$321.00,30,FALSE,FALSE,1,5,209,1
610071070003905590,2023-12-14,Downtown,49.27772,-123.11934,Private room,1,1 shared bath,1,$83.00,30,FALSE,FALSE,1,5,357,6
611052589703707024,2023-12-14,Downtown,49.27589,-123.12813,Entire home/apt,4,1 bath,2,$144.00,2,FALSE,TRUE,95,4.66,311,3
611121379258353622,2023-12-14,Killarney,49.23206,-123.04752,Entire home/apt,4,1 bath,2,$121.00,1,TRUE,FALSE,73,4.74,102,1
611405029675643099,2023-12-14,West End,49.283688,-123.122597,Entire home/apt,4,1 bath,2,$130.00,30,TRUE,FALSE,4,5,328,1
611511432669901937,2023-12-14,Marpole,49.2102465442382,-123.13411364353018,Entire home/apt,2,1 bath,1,$63.00,1,FALSE,FALSE,33,4.88,0,1
611761422268205294,2023-12-14,Downtown,49.27951,-123.10752,Entire home/apt,4,1 bath,2,$137.00,2,TRUE,FALSE,109,4.85,0,1
611761793841869482,2023-12-13,Hastings-Sunrise,49.26702374731058,-123.03910863754602,Entire home/apt,2,1 bath,1,$77.00,2,FALSE,FALSE,51,4.84,234,16
612209813935397709,2023-12-14,Mount Pleasant,49.25756,-123.0975,Entire home/apt,3,1 bath,1,NA,21,FALSE,FALSE,1,5,0,1
612373754892538320,2023-12-14,Riley Park,49.23691,-123.10937,Entire home/apt,14,4 baths,7,$610.00,2,FALSE,FALSE,39,4.67,285,1
612467374898116535,2023-12-13,Fairview,49.26119,-123.13178,Entire home/apt,4,1 bath,1,$250.00,30,FALSE,FALSE,0,NA,365,1
612551607860152584,2023-12-14,Fairview,49.26001,-123.13188,Entire home/apt,2,1 bath,1,$80.00,30,FALSE,FALSE,0,NA,17,1
613327802223607485,2023-12-13,Mount Pleasant,49.26728,-123.11363,Entire home/apt,2,1 bath,1,$159.00,30,TRUE,FALSE,5,4.8,0,1
613776602622404469,2023-12-14,Downtown,49.27416,-123.12744000000001,Entire home/apt,6,2.5 baths,3,"$1,729.00",3,FALSE,FALSE,0,NA,364,30
613813114468644371,2023-12-14,Sunset,49.22571,-123.07777,Entire home/apt,6,2.5 baths,3,$310.00,2,TRUE,FALSE,42,4.88,75,4
614061219604928949,2023-12-13,Grandview-Woodland,49.263538,-123.077103,Entire home/apt,3,1 bath,2,$115.00,2,FALSE,FALSE,48,5,162,1
614082306603487238,2023-12-14,Killarney,49.22287,-123.04107,Entire home/apt,4,1 bath,2,$200.00,2,TRUE,FALSE,44,4.95,140,1
614477422281461473,2023-12-14,Grandview-Woodland,49.27687380191557,-123.05980922164252,Private room,2,1.5 shared baths,1,$55.00,1,FALSE,FALSE,9,4.91,0,1
614535285620077327,2023-12-13,Kensington-Cedar Cottage,49.23663,-123.07494,Entire home/apt,10,4 baths,5,$321.00,2,FALSE,FALSE,64,4.75,152,1
614561663212500179,2023-12-14,Downtown,49.27992,-123.12284,Entire home/apt,4,1 bath,2,$137.00,2,TRUE,FALSE,67,4.76,39,1
614593732126628457,2023-12-14,Mount Pleasant,49.2599,-123.10077,Entire home/apt,2,1 bath,1,NA,1,FALSE,TRUE,7,4.57,0,1
615359455962613090,2023-12-14,Hastings-Sunrise,49.27064,-123.03864,Entire home/apt,4,1 bath,2,$90.00,2,TRUE,TRUE,64,4.91,0,1
615500879384445059,2023-12-13,Riley Park,49.25564,-123.10419,Entire home/apt,5,1 bath,4,$200.00,2,TRUE,TRUE,33,4.94,63,1
615502055752548982,2023-12-13,Fairview,49.26068,-123.14138,Entire home/apt,2,1 bath,1,$152.00,3,FALSE,FALSE,32,4.59,73,1
615894425249570290,2023-12-14,Downtown,49.288311,-123.125313,Entire home/apt,6,2 baths,3,$349.00,30,FALSE,FALSE,8,4.75,52,1
615971194962131099,2023-12-13,Fairview,49.264004,-123.121536,Entire home/apt,4,3.5 baths,3,$215.00,30,TRUE,FALSE,3,5,334,13
616050328255396636,2023-12-14,Downtown Eastside,49.28154,-123.10701,Entire home/apt,2,0 baths,2,$200.00,4,FALSE,FALSE,2,5,362,3
616678241381563222,2023-12-14,Marpole,49.2078,-123.12619,Entire home/apt,3,1 bath,2,$68.00,1,TRUE,FALSE,98,4.96,249,1
616880344887549590,2023-12-13,Mount Pleasant,49.26692,-123.09965,Entire home/apt,3,1 bath,2,$110.00,30,FALSE,FALSE,6,4.17,329,1
617340462521056282,2023-12-13,Hastings-Sunrise,49.27213,-123.04165,Entire home/apt,4,1 bath,2,$85.00,30,FALSE,TRUE,2,5,78,1
617626448705846583,2023-12-14,Grandview-Woodland,49.267506,-123.058884,Entire home/apt,4,1 bath,2,$245.00,2,TRUE,FALSE,18,4.83,173,1
617652251839545857,2023-12-14,Kitsilano,49.267002,-123.17424,Entire home/apt,5,2.5 baths,3,NA,15,FALSE,FALSE,9,4.89,0,1
618098020110762525,2023-12-14,Riley Park,49.23444,-123.09966,Entire home/apt,4,1 bath,2,$200.00,2,FALSE,FALSE,13,4.92,0,2
618160400027471214,2023-12-14,Riley Park,49.25137729999999,-123.0993979,Entire home/apt,2,1 bath,1,$102.00,2,TRUE,TRUE,84,4.81,0,1
618202202662861233,2023-12-13,Downtown Eastside,49.28125,-123.08334350585938,Entire home/apt,4,1 bath,2,$125.00,30,FALSE,FALSE,2,5,333,1
618204991297849432,2023-12-14,Dunbar Southlands,49.23458,-123.18825,Private room,4,1 private bath,2,NA,1,TRUE,FALSE,27,4.81,0,1
618309038300435402,2023-12-14,Dunbar Southlands,49.23386,-123.18912,Entire home/apt,4,1 bath,2,$109.00,1,TRUE,TRUE,120,4.88,311,2
618433336469061058,2023-12-13,Renfrew-Collingwood,49.25127,-123.02669,Entire home/apt,5,1.5 baths,3,$150.00,30,TRUE,FALSE,46,4.91,135,1
618812251798100112,2023-12-14,Hastings-Sunrise,49.272854499014,-123.02815181189428,Entire home/apt,6,2 baths,4,$220.00,2,FALSE,FALSE,66,4.71,264,1
618941180712090147,2023-12-13,Kitsilano,49.27133,-123.15028,Entire home/apt,2,1 bath,1,$333.00,2,FALSE,TRUE,18,4.83,69,134
619021585782094652,2023-12-14,Arbutus Ridge,49.2369,-123.155678,Entire home/apt,4,1 bath,2,$140.00,30,FALSE,FALSE,6,4.83,341,2
619598343741995242,2023-12-13,Kitsilano,49.26727,-123.14891,Entire home/apt,4,1 bath,3,$400.00,3,TRUE,TRUE,33,4.94,153,1
619599861618191200,2023-12-14,Mount Pleasant,49.27039,-123.11108,Entire home/apt,6,2 baths,2,$194.00,30,FALSE,FALSE,1,5,344,13
619851552609673097,2023-12-13,Arbutus Ridge,49.2374,-123.16893,Entire home/apt,3,1 bath,2,$91.00,1,TRUE,TRUE,99,4.77,155,1
619891189877830557,2023-12-14,West End,49.2795,-123.13108,Entire home/apt,2,1 bath,2,$99.00,30,TRUE,TRUE,5,5,346,1
620232534582512418,2023-12-14,Downtown,49.28618,-123.12278,Entire home/apt,4,1 bath,2,$172.00,2,TRUE,FALSE,86,4.92,5,1
620479604431633315,2023-12-14,Kitsilano,49.27306,-123.15072,Entire home/apt,4,1 bath,2,$200.00,1,FALSE,FALSE,58,4.58,0,3
620894844742564392,2023-12-14,Hastings-Sunrise,49.26721,-123.03685,Entire home/apt,4,1 bath,2,$100.00,2,FALSE,FALSE,32,4.82,0,16
621257811343758751,2023-12-14,Downtown,49.27944,-123.10722,Entire home/apt,8,2 baths,4,$841.00,2,FALSE,FALSE,16,4.81,359,3
621557301420276136,2023-12-14,Kensington-Cedar Cottage,49.25239,-123.06405,Entire home/apt,4,1 bath,2,$100.00,30,TRUE,FALSE,7,4.88,0,1
621695271096439188,2023-12-14,Hastings-Sunrise,49.26681518554688,-123.03836822509766,Entire home/apt,4,1 bath,2,$119.00,3,FALSE,FALSE,39,4.74,32,16
621769212719434781,2023-12-14,Downtown,49.280029999999996,-123.12232,Entire home/apt,3,1 bath,1,$350.00,3,FALSE,FALSE,31,4.74,267,1
621785894249630218,2023-12-13,Fairview,49.25934,-123.12044,Entire home/apt,3,1.5 baths,1,$172.00,2,FALSE,FALSE,19,5,79,1
623060084990213309,2023-12-14,Kitsilano,49.263187,-123.182526,Entire home/apt,2,1 bath,1,$65.00,30,TRUE,FALSE,7,4.86,54,1
623214312648827741,2023-12-14,Downtown,49.27867,-123.12352,Entire home/apt,2,1 bath,2,$160.00,30,TRUE,FALSE,9,4.89,140,1
623315425043333486,2023-12-14,West End,49.29158,-123.13427,Entire home/apt,2,1 bath,1,$110.00,30,TRUE,FALSE,8,4.38,269,37
623430413020853563,2023-12-13,Riley Park,49.25579,-123.10486,Entire home/apt,3,1.5 baths,2,$300.00,3,TRUE,FALSE,33,4.91,355,1
623925697137013134,2023-12-14,West End,49.29142895793707,-123.1328932922131,Entire home/apt,2,1 bath,1,$125.00,30,TRUE,FALSE,7,5,99,37
624056080233952427,2023-12-13,Kensington-Cedar Cottage,49.24939,-123.06427,Entire home/apt,2,1 bath,1,$83.00,4,TRUE,TRUE,24,4.88,67,1
624508553181748562,2023-12-14,Downtown,49.280102,-123.126518,Entire home/apt,6,2 baths,2,$304.00,1,TRUE,FALSE,118,4.96,0,1
624652822501750219,2023-12-14,Arbutus Ridge,49.253864,-123.166832,Private room,1,1 private bath,1,$96.00,1,TRUE,FALSE,121,4.91,0,4
624699089278954370,2023-12-14,Downtown,49.274921,-123.115028,Entire home/apt,2,1 bath,1,$178.00,30,TRUE,FALSE,2,5,0,2
624723728831681250,2023-12-14,Downtown,49.281181,-123.12558,Entire home/apt,2,1 bath,1,$187.00,60,TRUE,FALSE,6,5,269,1
624748536510828266,2023-12-13,Marpole,49.21132,-123.12131,Entire home/apt,4,1.5 baths,2,$158.00,2,TRUE,TRUE,45,4.84,8,1
624919514998278171,2023-12-14,Hastings-Sunrise,49.28478,-123.02852,Entire home/apt,2,1 bath,1,$125.00,1,TRUE,FALSE,46,5,0,1
625047365031380809,2023-12-14,Victoria-Fraserview,49.22407,-123.07631,Entire home/apt,6,2.5 baths,3,$310.00,2,TRUE,FALSE,42,4.9,76,4
625246115951293189,2023-12-14,West End,49.29171,-123.13414,Entire home/apt,3,1 bath,1,$125.00,30,TRUE,FALSE,2,5,247,37
625541081503649614,2023-12-14,Sunset,49.2224,-123.09316,Entire home/apt,5,1 bath,3,$350.00,1,FALSE,FALSE,3,4.67,179,1
625692179289449975,2023-12-14,Downtown,49.28869,-123.12571,Entire home/apt,6,1 bath,2,$119.00,30,FALSE,TRUE,3,3.67,347,3
625844667500024063,2023-12-14,West End,49.2861,-123.12684,Entire home/apt,4,2 baths,2,NA,25,FALSE,FALSE,1,5,0,2
626093663225771989,2023-12-13,Hastings-Sunrise,49.27551,-123.02888,Entire home/apt,4,2 baths,2,$104.00,1,FALSE,FALSE,108,4.67,365,2
626158733050537245,2023-12-13,Riley Park,49.25585,-123.11175,Entire home/apt,3,1 bath,3,$191.00,2,TRUE,FALSE,31,4.77,83,1
626234398126749762,2023-12-13,Downtown,49.27568,-123.11587,Entire home/apt,2,1 bath,1,$195.00,3,FALSE,FALSE,12,4.75,80,1
626319868114293618,2023-12-14,Downtown,49.28010559082031,-123.10851287841795,Entire home/apt,3,1 bath,2,$95.00,3,FALSE,FALSE,74,4.85,214,16
626324836786854668,2023-12-14,Downtown Eastside,49.278812,-123.09893,Entire home/apt,2,1 bath,1,$138.00,3,TRUE,FALSE,32,4.97,34,1
626376751841911743,2023-12-14,Downtown,49.279613,-123.124092,Entire home/apt,4,1 bath,1,$199.00,1,TRUE,TRUE,89,4.92,19,1
626670584936455248,2023-12-14,Downtown,49.278069,-123.119423,Entire home/apt,6,3.5 baths,3,NA,30,FALSE,FALSE,1,5,0,1
627548811081449811,2023-12-13,Riley Park,49.25629,-123.11224,Entire home/apt,2,1 bath,2,$49.00,2,FALSE,FALSE,113,4.69,55,1
627789510779552820,2023-12-14,Victoria-Fraserview,49.23109,-123.05583,Entire home/apt,5,2 baths,4,$146.00,1,FALSE,FALSE,28,4.54,364,2
627797252761424606,2023-12-14,Downtown,49.27831211091659,-123.1079287151696,Entire home/apt,4,1 bath,2,$148.00,2,TRUE,FALSE,82,4.78,302,1
627861999341961586,2023-12-14,Sunset,49.21843,-123.09575,Entire home/apt,3,1 bath,2,$180.00,30,FALSE,FALSE,0,NA,364,1
628492950660821905,2023-12-13,Kitsilano,49.26265,-123.15237,Entire home/apt,3,2 baths,2,$220.00,120,FALSE,FALSE,3,5,268,1
628536101890683784,2023-12-13,Kitsilano,49.26006,-123.1636,Entire home/apt,2,1 bath,1,$90.00,30,TRUE,FALSE,7,5,133,1
629125164257014197,2023-12-13,Kitsilano,49.26521,-123.18435,Entire home/apt,4,1 bath,2,$250.00,30,FALSE,FALSE,2,5,365,1
629175188531648151,2023-12-13,Mount Pleasant,49.26611,-123.0982,Entire home/apt,4,1 bath,2,$300.00,3,TRUE,FALSE,26,4.88,2,1
629184820595960637,2023-12-14,Downtown,49.28652,-123.12268,Private room,1,1 private bath,1,$85.00,30,TRUE,TRUE,1,5,73,4
629259683606195319,2023-12-14,West End,49.28751,-123.12616,Entire home/apt,2,1 bath,1,$100.00,15,TRUE,FALSE,5,5,232,3
629646595967645548,2023-12-13,Hastings-Sunrise,49.2767,-123.02491,Private room,1,1 bath,1,$56.00,2,TRUE,FALSE,50,4.9,66,2
629662650536916476,2023-12-14,Downtown,49.27734,-123.1287,Entire home/apt,4,1 bath,6,$134.00,2,FALSE,TRUE,47,4.34,339,1
629885203669929457,2023-12-14,Riley Park,49.24005,-123.1034,Entire home/apt,4,2 baths,2,$476.00,3,FALSE,FALSE,16,4.81,225,1
630450878058080908,2023-12-14,Shaughnessy,49.246101,-123.134766,Entire home/apt,8,3.5 baths,4,NA,3,TRUE,TRUE,6,5,0,1
630498547340085561,2023-12-14,Riley Park,49.23699,-123.10926,Private room,2,1 shared bath,1,$153.00,1,FALSE,TRUE,0,NA,310,4
630498959330341944,2023-12-14,Riley Park,49.23542425239884,-123.10921648770064,Private room,2,1 private bath,1,$99.00,1,FALSE,TRUE,2,5,275,4
630505224447950409,2023-12-14,Kensington-Cedar Cottage,49.24876,-123.08629,Entire home/apt,6,2 baths,3,$599.00,1,FALSE,FALSE,17,4.76,0,1
630554163349053159,2023-12-14,West End,49.29167,-123.13313,Entire home/apt,2,1 bath,1,$125.00,30,TRUE,FALSE,4,4.75,238,37
630591062999337759,2023-12-13,Shaughnessy,49.24799,-123.13493,Private room,2,1 private bath,1,$150.00,1,FALSE,TRUE,49,4.86,46,3
630752775597613567,2023-12-14,Downtown,49.27822,-123.10869,Entire home/apt,5,1 bath,5,$380.00,1,TRUE,TRUE,106,4.93,265,1
631072968897359083,2023-12-14,West End,49.28004,-123.13605,Entire home/apt,2,1 bath,1,$299.00,2,FALSE,FALSE,10,4.3,344,1
631141582243461534,2023-12-14,West End,49.27863,-123.13565,Entire home/apt,4,2.5 baths,2,$150.00,1,FALSE,TRUE,43,5,365,134
631172552697440368,2023-12-14,Downtown,49.27713,-123.128639,Entire home/apt,4,1 bath,2,"$28,650.00",30,FALSE,TRUE,5,3.8,364,3
631438486789552656,2023-12-14,Downtown,49.2784951,-123.1296296,Entire home/apt,4,1 bath,2,$154.00,2,TRUE,FALSE,72,4.97,80,1
632036717852134362,2023-12-14,Renfrew-Collingwood,49.2416,-123.03441,Entire home/apt,6,2 baths,3,$184.00,2,FALSE,FALSE,56,4.7,0,1
632084028937257235,2023-12-14,Downtown,49.2781,-123.12379,Entire home/apt,6,2 baths,3,$150.00,30,FALSE,FALSE,6,4.5,80,3
632120672358959414,2023-12-13,Shaughnessy,49.24647,-123.13304,Private room,3,1 private bath,2,$135.00,1,FALSE,TRUE,47,4.74,90,3
632130922006568135,2023-12-13,Downtown,49.27449,-123.12221,Entire home/apt,5,1 bath,2,$140.00,30,TRUE,FALSE,44,4.84,96,1
632144343641256363,2023-12-13,Oakridge,49.22254,-123.13731,Private room,1,1 shared bath,1,$55.00,30,FALSE,FALSE,4,5,346,10
632678265976583916,2023-12-14,Downtown,49.278908,-123.107994,Entire home/apt,3,1 bath,1,$132.00,1,TRUE,FALSE,158,4.99,102,1
632767601933866809,2023-12-14,Kerrisdale,49.22101,-123.16093,Entire home/apt,16,5.5 baths,8,$613.00,2,TRUE,TRUE,17,5,333,3
632793531897217025,2023-12-14,Downtown,49.285305,-123.118256,Entire home/apt,2,1 bath,2,$239.00,1,FALSE,FALSE,33,4.73,0,5
632886285729431926,2023-12-14,Kensington-Cedar Cottage,49.238859593375686,-123.06527343335917,Entire home/apt,6,1 bath,3,$156.00,1,TRUE,FALSE,15,4.8,269,1
633407688487934038,2023-12-14,Downtown,49.27956,-123.1125,Entire home/apt,3,1 bath,2,$119.00,1,TRUE,TRUE,64,4.92,0,1
633413834334929194,2023-12-14,Downtown,49.28077,-123.12564,Entire home/apt,2,1 bath,1,$142.00,2,TRUE,FALSE,50,4.94,0,1
633435043601003244,2023-12-13,Kitsilano,49.26163,-123.14609,Entire home/apt,2,1.5 baths,1,$219.00,2,FALSE,FALSE,41,4.93,283,1
633484289565831745,2023-12-14,Downtown,49.27865,-123.10603,Entire home/apt,4,1 bath,2,$229.00,2,TRUE,FALSE,78,4.92,129,1
633486950958651716,2023-12-14,Arbutus Ridge,49.25523,-123.161652,Entire home/apt,4,1 bath,2,$213.00,1,TRUE,FALSE,62,4.89,292,1
633966214914662400,2023-12-14,Downtown,49.274548,-123.127823,Entire home/apt,4,1 bath,2,$220.00,2,TRUE,FALSE,49,4.98,266,1
634033308853779812,2023-12-14,Downtown,49.27988,-123.10772,Entire home/apt,4,2 baths,2,$123.00,2,FALSE,TRUE,66,4.71,325,134
634039127458505827,2023-12-13,Hastings-Sunrise,49.28095936764871,-123.0447329261999,Entire home/apt,4,1 bath,3,$100.00,31,TRUE,FALSE,6,4.83,347,1
634155444777314867,2023-12-14,Downtown,49.280106,-123.108513,Entire home/apt,4,2 baths,4,$550.00,1,TRUE,TRUE,37,4.92,0,1
634277765560068912,2023-12-14,Downtown,49.279213,-123.121483,Entire home/apt,2,1 bath,2,$167.00,2,TRUE,FALSE,53,4.79,89,1
634682909912162736,2023-12-13,Shaughnessy,49.2464,-123.13333,Private room,2,1 shared bath,1,$104.00,1,FALSE,TRUE,11,4.27,84,3
634799704188511630,2023-12-14,Downtown,49.27995,-123.1226,Entire home/apt,3,1 bath,1,$147.00,2,TRUE,FALSE,105,4.82,34,1
634854307981905605,2023-12-14,Downtown,49.2797,-123.12299,Entire home/apt,2,1 bath,1,$183.00,2,TRUE,FALSE,99,4.9,0,1
634977176911291611,2023-12-13,Downtown,49.27678,-123.11745,Entire home/apt,3,1 bath,1,$176.00,60,FALSE,FALSE,3,4.67,17,3
635425836809127737,2023-12-13,Renfrew-Collingwood,49.24105,-123.04106,Private room,2,1 shared bath,1,$93.00,28,NA,FALSE,7,4.29,72,3
635449286586800491,2023-12-14,West End,49.28234,-123.12582,Entire home/apt,4,1 bath,2,$143.00,30,TRUE,TRUE,41,4.93,80,1
635567434949366572,2023-12-13,South Cambie,49.23965835571289,-123.1181182861328,Entire home/apt,4,1 bath,1,$105.00,30,FALSE,TRUE,2,4.5,97,43
635569683526669550,2023-12-13,Kensington-Cedar Cottage,49.26116,-123.07255,Entire home/apt,4,1 bath,2,$183.00,2,FALSE,FALSE,51,4.53,133,1
635635417999100343,2023-12-14,Downtown,49.27861,-123.12057,Entire home/apt,4,1 bath,1,$143.00,2,TRUE,FALSE,92,4.86,0,1
635735633811950757,2023-12-14,West End,49.28554916381836,-123.12384796142578,Entire home/apt,3,1 bath,1,$160.00,30,FALSE,FALSE,5,5,89,3
636199700415481295,2023-12-13,Downtown,49.27413079999999,-123.1188715,Entire home/apt,2,1 bath,1,$130.00,30,TRUE,FALSE,1,5,364,2
636337435310265721,2023-12-14,Riley Park,49.25025,-123.09367,Entire home/apt,6,2.5 baths,3,"$1,840.00",7,TRUE,FALSE,24,4.96,83,1
636357259042017372,2023-12-13,Renfrew-Collingwood,49.24125,-123.04077,Private room,2,1 shared bath,1,$35.00,28,NA,TRUE,5,4,50,3
636541707361749311,2023-12-13,Renfrew-Collingwood,49.24168,-123.03906,Private room,2,1 private bath,1,$54.00,30,NA,TRUE,8,4.38,70,3
636542653780339189,2023-12-14,Downtown,49.27929,-123.12049,Entire home/apt,4,1 bath,3,NA,4,TRUE,FALSE,47,4.98,0,1
637770635296994623,2023-12-13,Victoria-Fraserview,49.20817,-123.06793,Entire home/apt,5,1 bath,3,$159.00,1,NA,FALSE,66,4.86,10,6
637804622057886300,2023-12-13,Victoria-Fraserview,49.208618,-123.069122,Entire home/apt,3,1 bath,1,$81.00,1,TRUE,FALSE,40,4.83,36,5
638257517892456878,2023-12-13,Kitsilano,49.266083,-123.146225,Entire home/apt,4,2 baths,2,$245.00,30,FALSE,FALSE,2,5,191,1
638309253284807578,2023-12-14,Downtown Eastside,49.28218,-123.1066,Entire home/apt,2,1 bath,1,$113.00,3,TRUE,FALSE,45,4.89,71,1
638356290560759607,2023-12-14,Mount Pleasant,49.26858,-123.10962,Entire home/apt,8,3 baths,4,$464.00,1,FALSE,TRUE,84,4.88,0,1
638563804431432725,2023-12-14,Fairview,49.26778,-123.13862,Entire home/apt,4,2.5 baths,2,$600.00,30,FALSE,TRUE,0,NA,364,1
638683001952068231,2023-12-13,Victoria-Fraserview,49.218624,-123.076698,Private room,2,1 shared bath,1,$105.00,30,TRUE,FALSE,3,5,337,8
639042332403169021,2023-12-14,Hastings-Sunrise,49.26602172829369,-123.04181281239322,Entire home/apt,2,1 bath,1,$92.00,31,FALSE,FALSE,19,4.84,179,16
639207363096142908,2023-12-14,West End,49.2840227177156,-123.12670045289128,Entire home/apt,2,1 bath,1,$170.00,30,NA,FALSE,7,5,129,3
639391587977090965,2023-12-14,Victoria-Fraserview,49.2319752,-123.0568416,Entire home/apt,4,1 bath,2,$99.00,1,FALSE,FALSE,51,4.75,0,2
639893927189178683,2023-12-14,Downtown,49.27728,-123.12187,Entire home/apt,6,5 baths,3,"$1,166.00",30,TRUE,FALSE,1,5,17,41
639927443825084449,2023-12-14,Downtown Eastside,49.28047,-123.10941,Entire home/apt,6,3 baths,3,$475.00,2,TRUE,FALSE,34,4.92,0,2
640065149106989508,2023-12-14,Downtown,49.27831588142301,-123.12076038700826,Entire home/apt,4,1 bath,2,$127.00,2,FALSE,FALSE,102,4.66,0,1
640154516395738718,2023-12-14,Downtown,49.2814,-123.11834,Entire home/apt,4,2 baths,2,$300.00,59,FALSE,FALSE,3,4.67,0,1
640175272296394289,2023-12-14,Kensington-Cedar Cottage,49.25424,-123.07215,Entire home/apt,3,1 bath,2,$65.00,30,TRUE,FALSE,2,5,208,4
640471776476857550,2023-12-14,Downtown,49.277103,-123.128587,Entire home/apt,2,1 bath,1,$112.00,30,FALSE,FALSE,5,4.8,47,1
640593750402489550,2023-12-14,Strathcona,49.26941,-123.10017,Entire home/apt,5,1.5 baths,3,$132.00,1,FALSE,FALSE,44,4.71,0,2
640738520061925386,2023-12-14,Riley Park,49.24442,-123.09038,Entire home/apt,6,1.5 baths,4,$267.00,3,TRUE,FALSE,17,4.88,352,1
641252486705150500,2023-12-14,Downtown,49.27755845443451,-123.12794895365866,Entire home/apt,4,1 bath,3,$220.00,2,TRUE,FALSE,39,4.77,50,1
641286360676071042,2023-12-14,Riley Park,49.24514,-123.10224,Entire home/apt,4,1 bath,2,$200.00,5,TRUE,FALSE,31,4.94,60,1
641316977281490648,2023-12-13,Mount Pleasant,49.26069,-123.09888,Entire home/apt,4,1 bath,2,$120.00,90,TRUE,FALSE,3,5,286,1
641392179594828515,2023-12-14,Downtown Eastside,49.2796505,-123.1001372,Entire home/apt,2,1 bath,4,$208.00,3,FALSE,FALSE,13,4.92,0,1
641935676868138681,2023-12-14,Downtown,49.28692,-123.12281,Entire home/apt,3,1 bath,2,$120.00,3,TRUE,TRUE,60,4.88,328,1
641982635205184775,2023-12-14,Killarney,49.22255,-123.03928,Entire home/apt,4,1.5 baths,2,NA,2,FALSE,FALSE,75,4.88,0,1
642006705469754937,2023-12-14,Kensington-Cedar Cottage,49.2407,-123.07155,Entire home/apt,4,1 bath,2,NA,4,FALSE,FALSE,5,5,0,1
642020784192497505,2023-12-14,Mount Pleasant,49.26946,-123.10095,Entire home/apt,2,1 bath,1,NA,3,TRUE,FALSE,29,4.93,0,1
642062954403185715,2023-12-13,Sunset,49.22658,-123.08834,Entire home/apt,2,1 bath,1,$64.00,1,FALSE,TRUE,77,4.48,156,1
642093491066075534,2023-12-14,West End,49.2855514,-123.1238497,Entire home/apt,4,2 baths,3,$450.00,30,FALSE,FALSE,0,NA,179,1
642270777321779733,2023-12-14,Downtown,49.28004,-123.10649,Entire home/apt,6,2 baths,3,$208.00,2,FALSE,TRUE,56,4.52,69,1
642830911504735152,2023-12-13,Downtown Eastside,49.28125,-123.08335,Entire home/apt,4,1 bath,3,$160.00,5,TRUE,FALSE,34,4.97,59,1
642845654059828366,2023-12-13,Fairview,49.27182,-123.14016,Entire home/apt,8,1 bath,1,"$2,000.00",1,FALSE,TRUE,0,NA,365,1
642969025079878119,2023-12-14,Sunset,49.21678,-123.0984,Entire home/apt,6,1 bath,3,$81.00,1,FALSE,TRUE,63,4.62,17,1
643049747557576463,2023-12-14,Dunbar Southlands,49.2372901,-123.1911822,Entire home/apt,4,1 bath,2,$142.00,1,TRUE,TRUE,97,4.85,218,1
643428720356607196,2023-12-14,Downtown,49.28012971369756,-123.1084866821766,Entire home/apt,4,2 baths,2,NA,1,TRUE,TRUE,60,4.97,0,1
643454713255857011,2023-12-14,Downtown,49.2793,-123.12079,Entire home/apt,6,2 baths,6,$175.00,1,FALSE,TRUE,32,4.41,200,1
643595234540931119,2023-12-14,Hastings-Sunrise,49.27129,-123.04974,Entire home/apt,2,1 bath,1,NA,2,FALSE,FALSE,10,5,0,1
643629595006449595,2023-12-13,Mount Pleasant,49.2703259,-123.1012376,Entire home/apt,2,1 bath,2,$146.00,3,TRUE,FALSE,74,4.97,225,1
643719201957974595,2023-12-14,West End,49.28235,-123.12433,Entire home/apt,4,2 baths,2,$206.00,3,TRUE,FALSE,45,4.93,0,1
644125610949156087,2023-12-14,Kerrisdale,49.2340869,-123.1748362,Entire home/apt,4,1 bath,2,$165.00,2,TRUE,FALSE,91,4.97,14,1
644390721714287946,2023-12-14,Mount Pleasant,49.2664,-123.09501,Entire home/apt,2,1 bath,1,NA,30,FALSE,TRUE,0,NA,0,1
644498839223761591,2023-12-13,Kensington-Cedar Cottage,49.25204,-123.07269,Entire home/apt,2,1 bath,1,$66.00,3,TRUE,FALSE,49,4.9,46,1
644537187492046591,2023-12-14,Marpole,49.2130759,-123.1188481,Entire home/apt,4,1 bath,2,$74.00,1,TRUE,TRUE,127,4.87,0,1
644832400238584702,2023-12-14,Downtown,49.27716,-123.11052,Entire home/apt,3,1 bath,1,$85.00,30,FALSE,FALSE,3,5,364,5
644842174214405413,2023-12-13,Mount Pleasant,49.26135,-123.10423,Private room,1,1 shared bath,1,$62.00,30,FALSE,FALSE,0,NA,365,1
645380488250317455,2023-12-14,Downtown,49.2745506903785,-123.12782105058432,Entire home/apt,6,2 baths,3,$219.00,1,FALSE,FALSE,130,4.68,0,43
646480052557828957,2023-12-14,West Point Grey,49.27312,-123.21773,Entire home/apt,12,10 baths,6,"$20,000.00",30,FALSE,FALSE,0,NA,364,4
646493357727548428,2023-12-14,Downtown,49.27724,-123.12594,Entire home/apt,4,1 bath,5,NA,1,TRUE,FALSE,41,4.98,0,1
646553615976355959,2023-12-13,Kitsilano,49.27152,-123.15559,Entire home/apt,2,1 bath,1,$267.00,3,TRUE,FALSE,40,4.95,139,1
646600046097231118,2023-12-14,Downtown,49.27293,-123.1263,Entire home/apt,3,1 bath,1,$236.00,30,FALSE,FALSE,4,5,191,1
646678872055754037,2023-12-13,Hastings-Sunrise,49.27185,-123.05508,Entire home/apt,4,1 bath,2,$120.00,30,TRUE,FALSE,23,4.96,162,1
647160230901267431,2023-12-13,Renfrew-Collingwood,49.25407,-123.05079,Entire home/apt,2,1 bath,1,$95.00,3,TRUE,TRUE,47,4.85,88,1
647416326590883231,2023-12-13,Sunset,49.2153634,-123.1060518,Entire home/apt,2,1 bath,1,$160.00,2,TRUE,FALSE,7,4.86,179,2
647864077087781088,2023-12-14,Downtown Eastside,49.28179442694261,-123.10528516146331,Entire home/apt,3,1 bath,1,$161.00,2,FALSE,TRUE,3,4,0,2
647903884003868958,2023-12-14,Mount Pleasant,49.26034,-123.11101,Entire home/apt,5,1 bath,3,$176.00,1,TRUE,TRUE,123,4.94,0,1
648528012520524034,2023-12-14,Victoria-Fraserview,49.2215009,-123.066223,Entire home/apt,4,1 bath,2,$225.00,1,FALSE,FALSE,13,4.92,0,1
648569725703199283,2023-12-14,West End,49.2863385,-123.133479,Entire home/apt,2,1 bath,1,$93.00,90,FALSE,FALSE,0,NA,108,33
648571715106497356,2023-12-14,Dunbar Southlands,49.23880253867669,-123.18772383034228,Entire home/apt,4,1 bath,2,$96.00,1,FALSE,FALSE,72,4.61,164,43
648655367951170235,2023-12-13,Oakridge,49.227177315107376,-123.13031708675535,Private room,2,1 shared bath,1,$98.00,1,FALSE,FALSE,73,4.71,348,4
648697303734071693,2023-12-13,Downtown Eastside,49.27664,-123.10189,Entire home/apt,4,1.5 baths,2,$199.00,30,FALSE,FALSE,0,NA,50,1
648733601162478131,2023-12-14,Victoria-Fraserview,49.2096,-123.06847,Entire home/apt,2,1 bath,3,NA,1,NA,FALSE,30,4.73,0,6
648757209408329470,2023-12-14,Downtown,49.27816,-123.10682,Entire home/apt,4,2 baths,2,$412.00,1,FALSE,FALSE,57,4.61,130,1
648759271619420995,2023-12-14,Downtown,49.27773,-123.10762,Entire home/apt,7,2 baths,4,$303.00,30,TRUE,FALSE,144,4.9,0,1
648832207289419998,2023-12-14,Riley Park,49.25521,-123.09996,Entire home/apt,4,1 bath,3,$150.00,2,TRUE,FALSE,53,4.98,0,1
649087750077858826,2023-12-13,Kitsilano,49.263854321980816,-123.14929234843048,Entire home/apt,6,2 baths,3,$216.00,30,TRUE,FALSE,1,5,335,1
649397103386742873,2023-12-14,Dunbar Southlands,49.23705,-123.1881,Entire home/apt,5,1 bath,3,$86.00,30,TRUE,FALSE,7,5,273,1
649433822440310224,2023-12-13,Sunset,49.2153634,-123.1060518,Private room,4,1 private bath,2,$179.00,3,TRUE,FALSE,8,4.63,361,2
649454849258304930,2023-12-14,Downtown,49.28023,-123.12476,Entire home/apt,4,2.5 baths,3,$275.00,30,TRUE,FALSE,0,NA,88,4
649554000111587581,2023-12-14,Downtown,49.27936,-123.12872,Entire home/apt,5,2 baths,3,$173.00,3,TRUE,FALSE,65,4.71,0,2
649918914706027057,2023-12-14,Killarney,49.20538,-123.03916,Entire home/apt,2,1 bath,1,$79.00,30,TRUE,FALSE,7,5,228,1
649920624350966941,2023-12-14,Kitsilano,49.2669374,-123.1762327,Entire home/apt,5,2 baths,2,$265.00,30,FALSE,FALSE,1,5,152,1
650284505815567597,2023-12-14,Downtown,49.2789066,-123.1079972,Entire home/apt,7,2 baths,4,$237.00,2,TRUE,FALSE,49,4.78,241,5
650311547880386964,2023-12-13,Mount Pleasant,49.26906,-123.10127,Entire home/apt,3,1 bath,2,$110.00,4,TRUE,TRUE,57,4.84,343,1
650607262159929480,2023-12-14,Downtown Eastside,49.28013,-123.10564,Entire home/apt,7,2 baths,4,$414.00,2,TRUE,FALSE,113,4.95,21,2
650665796747255889,2023-12-14,Downtown,49.2801052,-123.1085108,Entire home/apt,2,2 baths,1,$249.00,4,FALSE,FALSE,4,3.75,66,1
650873833377196985,2023-12-13,West Point Grey,49.262,-123.19873,Entire home/apt,6,1.5 baths,2,$236.00,1,FALSE,TRUE,63,4.86,86,17
650887389374277606,2023-12-14,Downtown,49.2797303,-123.1257729,Entire home/apt,2,1 bath,1,$88.00,30,TRUE,FALSE,6,4.83,286,1
652055557293647479,2023-12-14,Downtown Eastside,49.28076,-123.10467,Private room,1,1 shared bath,1,$75.00,30,FALSE,TRUE,9,4.56,253,1
652107134102037633,2023-12-14,Mount Pleasant,49.25954,-123.08281,Private room,2,1 shared bath,1,NA,3,TRUE,TRUE,68,4.81,0,1
652349004993309668,2023-12-14,Downtown,49.27845,-123.10952,Entire home/apt,6,2 baths,3,$187.00,2,TRUE,FALSE,89,4.91,0,2
652528955746967643,2023-12-14,Downtown,49.279388430073546,-123.1088566,Entire home/apt,8,2.5 baths,5,$386.00,3,TRUE,FALSE,58,4.88,284,21
652592119925803241,2023-12-14,Downtown,49.27773,-123.10633,Entire home/apt,7,2 baths,4,$236.00,1,FALSE,TRUE,48,4.92,0,1
653111931586097955,2023-12-14,Downtown,49.2745482,-123.127821,Entire home/apt,3,1 bath,1,$191.00,2,TRUE,TRUE,112,4.96,0,1
653122603011888299,2023-12-14,Downtown,49.27986,-123.10778,Entire home/apt,6,2 baths,3,$210.00,2,TRUE,TRUE,86,4.92,208,1
653166913726553094,2023-12-13,Oakridge,49.22111,-123.13951,Private room,1,1 shared bath,1,$55.00,30,FALSE,FALSE,1,5,365,10
653211094240771816,2023-12-14,Downtown,49.28499,-123.11303,Entire home/apt,2,1 bath,1,$215.00,30,FALSE,FALSE,5,5,334,1
653231046834017130,2023-12-14,Downtown,49.2814341,-123.1251497,Entire home/apt,6,1 bath,3,$271.00,1,TRUE,FALSE,48,4.96,8,1
653493908624521531,2023-12-14,Downtown,49.27784,-123.1097,Entire home/apt,2,1 bath,1,$85.00,30,FALSE,FALSE,3,4.67,364,5
653538882741958935,2023-12-14,West End,49.29016,-123.13471,Entire home/apt,2,1 bath,1,$125.00,30,TRUE,FALSE,5,4.8,246,37
653869421960488604,2023-12-14,Grandview-Woodland,49.27755,-123.06373,Entire home/apt,6,2.5 baths,3,NA,3,TRUE,TRUE,13,5,0,2
654545174431302984,2023-12-13,Downtown,49.27658,-123.12131,Entire home/apt,6,2.5 baths,2,$168.00,30,TRUE,FALSE,4,4.75,299,2
654546537869049186,2023-12-13,Victoria-Fraserview,49.21432,-123.0652,Entire home/apt,10,3.5 baths,5,$333.00,2,TRUE,FALSE,32,4.91,79,1
654636931657227305,2023-12-13,West End,49.29225434876708,-123.13406062712852,Entire home/apt,2,1 bath,2,$86.00,6,TRUE,FALSE,20,4.9,348,1
654668434867588387,2023-12-14,Downtown,49.2738747,-123.1250692,Private room,2,2 baths,1,$90.00,30,TRUE,FALSE,0,NA,130,8
654720782717766407,2023-12-14,West Point Grey,49.26357,-123.19826,Shared room,2,1 shared bath,1,$490.00,1,FALSE,FALSE,0,NA,89,1
655157212774425024,2023-12-14,West End,49.28262,-123.13658,Entire home/apt,3,1 bath,1,$139.00,25,FALSE,FALSE,14,4.43,151,1
655188969724172137,2023-12-14,Downtown,49.2789066,-123.1079972,Entire home/apt,4,1 bath,3,$142.00,1,FALSE,FALSE,116,4.65,105,43
655221077479838495,2023-12-14,Downtown,49.27856,-123.10695,Entire home/apt,5,2 baths,3,$139.00,1,FALSE,TRUE,68,4.74,186,134
655605069975676629,2023-12-14,Riley Park,49.2480606,-123.105653,Entire home/apt,4,1 bath,2,$189.00,2,TRUE,FALSE,80,4.98,0,2
655709011871500958,2023-12-14,Grandview-Woodland,49.26641,-123.06008,Entire home/apt,4,1.5 baths,2,NA,2,FALSE,FALSE,3,4.67,0,1
655761508543886400,2023-12-13,Kitsilano,49.26176,-123.14672,Entire home/apt,6,1 bath,3,$264.00,1,TRUE,TRUE,105,4.76,25,1
655797756921566222,2023-12-13,Downtown Eastside,49.2772954,-123.0907408,Entire home/apt,2,1 bath,1,$113.00,7,TRUE,FALSE,28,5,44,1
655907349747714692,2023-12-14,Downtown,49.27766052587477,-123.10798568731022,Entire home/apt,6,2 baths,3,$286.00,1,TRUE,TRUE,57,4.96,340,2
655908711722570780,2023-12-14,Kerrisdale,49.22250877691231,-123.16114362818986,Entire home/apt,16,5.5 baths,10,$643.00,2,TRUE,TRUE,22,5,305,2
656052900229080988,2023-12-13,Victoria-Fraserview,49.23228957745432,-123.06554759506292,Private room,1,1 shared bath,1,$48.00,30,FALSE,FALSE,0,NA,358,1
656091686829583528,2023-12-14,Marpole,49.21335144081899,-123.1291120385915,Entire home/apt,2,1 bath,1,$130.00,30,FALSE,FALSE,0,NA,268,1
656093243302306911,2023-12-13,Renfrew-Collingwood,49.25469,-123.05583,Entire home/apt,6,1 bath,2,$150.00,2,TRUE,FALSE,57,4.98,72,1
656099630959623902,2023-12-14,Downtown,49.27901,-123.12712,Entire home/apt,2,1 bath,1,$121.00,30,TRUE,TRUE,4,4.5,94,1
656453242371516416,2023-12-13,Killarney,49.22815,-123.03142,Private room,2,1 private bath,1,$151.00,2,FALSE,FALSE,6,4.33,365,2
656454412385454329,2023-12-13,Kitsilano,49.26763,-123.16239,Entire home/apt,4,2.5 baths,2,$256.00,30,TRUE,FALSE,5,5,212,1
656470340717898517,2023-12-13,Killarney,49.22784,-123.03209,Private room,2,1 private bath,1,$151.00,2,FALSE,FALSE,7,5,365,2
656636817425130671,2023-12-14,Kensington-Cedar Cottage,49.25377,-123.07913,Entire home/apt,8,2 baths,4,$475.00,1,TRUE,FALSE,26,4.65,170,3
657495757557229316,2023-12-14,Grandview-Woodland,49.27146,-123.07212,Entire home/apt,4,1 bath,2,$130.00,3,FALSE,FALSE,53,4.81,0,1
657545685578318087,2023-12-14,South Cambie,49.25686,-123.11934,Entire home/apt,5,3 baths,3,$299.00,180,FALSE,FALSE,0,NA,251,4
658165734146739635,2023-12-14,Downtown,49.27842,-123.10661,Entire home/apt,4,1 bath,2,$159.00,2,TRUE,FALSE,58,4.95,0,1
658191813842846639,2023-12-14,Mount Pleasant,49.25852,-123.0783,Entire home/apt,2,1 bath,1,$125.00,3,TRUE,FALSE,33,4.91,350,1
658210656529241933,2023-12-14,Sunset,49.22515,-123.08901,Entire home/apt,2,1 bath,1,$65.00,30,TRUE,FALSE,9,4.67,31,1
658248524895180628,2023-12-14,Downtown,49.28058,-123.10811,Entire home/apt,8,2 baths,4,$505.00,1,TRUE,FALSE,93,4.85,0,1
658643669273953049,2023-12-14,Renfrew-Collingwood,49.25501047657751,-123.04057089429774,Entire home/apt,5,1 bath,3,$139.00,2,TRUE,FALSE,24,4.8,0,1
658774301790229010,2023-12-13,Grandview-Woodland,49.27081671067042,-123.0630228303882,Entire home/apt,2,1 bath,1,$64.00,1,FALSE,FALSE,88,4.68,170,1
658783231069280411,2023-12-13,Grandview-Woodland,49.27239,-123.06225,Entire home/apt,2,1 bath,1,$110.00,30,FALSE,FALSE,9,4.56,347,1
658785218584159346,2023-12-14,Downtown Eastside,49.2798136,-123.1056406,Entire home/apt,4,2 baths,2,$162.00,30,FALSE,FALSE,0,NA,331,1
658941325953914271,2023-12-14,Riley Park,49.2354251,-123.1086822,Entire home/apt,4,1 bath,2,$365.00,30,FALSE,FALSE,14,5,269,2
659032097141626427,2023-12-14,Kitsilano,49.25941,-123.18582,Entire home/apt,2,1 bath,1,NA,30,TRUE,FALSE,7,4.86,0,1
659040153442647734,2023-12-13,Marpole,49.20502,-123.13942,Entire home/apt,4,1 bath,2,$80.00,30,TRUE,TRUE,8,5,251,21
659317883443137117,2023-12-14,Downtown,49.27859,-123.10759,Entire home/apt,2,1 bath,1,$130.00,5,TRUE,FALSE,44,4.95,88,1
659416490668211250,2023-12-14,West Point Grey,49.26953,-123.18824,Entire home/apt,2,1 bath,1,$239.00,3,TRUE,FALSE,14,5,0,1
660211082157977368,2023-12-14,Downtown,49.27252,-123.12551,Entire home/apt,6,2 baths,3,NA,1,FALSE,FALSE,0,NA,0,1
660437774422385333,2023-12-14,Riley Park,49.25185,-123.10704,Entire home/apt,6,2 baths,4,NA,1,FALSE,FALSE,6,5,0,1
660499994123684784,2023-12-14,Kensington-Cedar Cottage,49.25288,-123.05982,Entire home/apt,5,1 bath,2,$231.00,3,TRUE,FALSE,38,4.92,83,1
660744993743958889,2023-12-14,Downtown,49.27776,-123.12797,Entire home/apt,3,1 bath,2,$156.00,2,TRUE,FALSE,83,4.85,0,1
660819375476393476,2023-12-14,Downtown,49.27588659794945,-123.12783463355431,Entire home/apt,4,1 bath,2,$140.00,3,TRUE,FALSE,35,4.77,205,3
660831372377952406,2023-12-14,West End,49.28929,-123.14179,Private room,2,1 shared bath,1,$256.00,2,TRUE,FALSE,28,4.82,89,2
661133393773131545,2023-12-13,Grandview-Woodland,49.26875,-123.06423,Entire home/apt,4,1 bath,2,$65.00,30,TRUE,TRUE,10,4.8,340,4
661567858741413291,2023-12-14,Kitsilano,49.2592691,-123.1662046,Entire home/apt,6,2 baths,3,$320.00,2,TRUE,FALSE,46,4.98,332,1
661635696100298648,2023-12-13,Mount Pleasant,49.2666815,-123.0968827,Entire home/apt,2,1 bath,1,$200.00,2,TRUE,FALSE,66,4.86,14,1
661711794147012289,2023-12-13,Downtown Eastside,49.28204030278471,-123.08189853027348,Entire home/apt,4,1 bath,2,$88.00,2,TRUE,FALSE,77,4.79,176,1
661774326888032602,2023-12-14,Marpole,49.21166969999999,-123.1263381,Entire home/apt,4,1 bath,3,$278.00,2,FALSE,FALSE,10,4.3,135,1
661858108875025108,2023-12-14,Kerrisdale,49.23042,-123.16218,Entire home/apt,2,1 bath,1,$92.00,30,FALSE,TRUE,5,5,361,1
662986229095321557,2023-12-14,Downtown,49.27512,-123.1259,Entire home/apt,4,1 bath,2,$144.00,2,FALSE,TRUE,48,4.78,0,1
663107966376367574,2023-12-14,Downtown,49.27825,-123.10897,Entire home/apt,2,1 bath,1,$196.00,2,TRUE,FALSE,45,4.98,50,1
663293178411678954,2023-12-14,Marpole,49.20351,-123.13076,Entire home/apt,4,1 bath,2,$169.00,30,FALSE,FALSE,2,5,0,2
663371518290328437,2023-12-13,Mount Pleasant,49.2595535,-123.0884002,Private room,2,1 private bath,1,$104.00,2,TRUE,TRUE,112,4.96,20,1
663702077821576696,2023-12-14,Downtown,49.274987960447525,-123.11507921665908,Entire home/apt,2,1 bath,1,NA,30,TRUE,FALSE,0,NA,0,2
663711301400410804,2023-12-14,Downtown,49.27486,-123.12695,Entire home/apt,3,1 bath,2,$88.00,2,FALSE,TRUE,37,4.92,175,134
663745398442991739,2023-12-13,Mount Pleasant,49.25914,-123.10255,Entire home/apt,4,1 bath,1,$73.00,30,FALSE,TRUE,4,4.5,339,134
663757945999825510,2023-12-14,Hastings-Sunrise,49.26378,-123.03791,Entire home/apt,7,2.5 baths,2,$380.00,2,FALSE,FALSE,4,4.75,353,1
663949824570722934,2023-12-14,Downtown,49.2867,-123.12244,Entire home/apt,3,1 bath,2,$499.00,3,TRUE,FALSE,14,5,179,1
664028233878024438,2023-12-14,Kitsilano,49.26754,-123.1669,Entire home/apt,7,1 bath,3,$339.00,2,TRUE,FALSE,40,4.85,286,1
664057674042683011,2023-12-13,Mount Pleasant,49.26857,-123.10933,Entire home/apt,2,1 bath,1,$89.00,30,FALSE,FALSE,4,4.25,334,1
664084044932877091,2023-12-14,Downtown,49.27616,-123.12804,Entire home/apt,4,2 baths,2,$180.00,31,FALSE,FALSE,0,NA,95,16
664525343254634619,2023-12-14,Downtown Eastside,49.28240581200244,-123.1033614184367,Entire home/apt,2,1 bath,1,$186.00,7,TRUE,FALSE,73,5,0,1
664886197465372113,2023-12-14,West End,49.28924,-123.13799,Entire home/apt,2,1 bath,2,$128.00,30,FALSE,FALSE,2,4.5,356,1
665118768403590195,2023-12-14,Downtown,49.2866,-123.12427,Entire home/apt,2,1 bath,1,$199.00,2,TRUE,FALSE,49,4.92,51,1
665368222586979783,2023-12-14,Downtown,49.27849,-123.12056,Entire home/apt,4,1 bath,2,$200.00,2,TRUE,FALSE,63,4.94,0,1
665451839228144199,2023-12-14,Victoria-Fraserview,49.2316,-123.07642,Entire home/apt,10,3.5 baths,5,$259.00,2,FALSE,FALSE,58,4.36,318,1
665521072887841843,2023-12-13,Killarney,49.2307895,-123.0248087,Entire home/apt,4,1 bath,2,$82.00,2,TRUE,TRUE,145,4.92,105,1
665543056269749477,2023-12-13,Downtown,49.27626,-123.13325,Entire home/apt,4,2 baths,2,$165.00,5,TRUE,FALSE,51,4.88,298,1
665845290404450964,2023-12-14,Riley Park,49.25119,-123.10349,Entire home/apt,7,1 bath,4,$244.00,2,TRUE,FALSE,19,5,0,1
665953453480993325,2023-12-13,Shaughnessy,49.24222,-123.13181,Private room,4,1 private bath,2,$135.00,30,TRUE,FALSE,12,4.58,365,1
665959042446919821,2023-12-14,Renfrew-Collingwood,49.23927,-123.0357,Entire home/apt,8,2 baths,5,$263.00,3,FALSE,FALSE,33,4.97,0,4
666034408953576075,2023-12-14,Arbutus Ridge,49.24789087322988,-123.15800520740969,Entire home/apt,6,3 baths,3,$700.00,3,FALSE,FALSE,5,5,5,1
666140161054401117,2023-12-13,Fairview,49.261624452699294,-123.12779561534424,Entire home/apt,4,1 bath,2,$121.00,30,FALSE,FALSE,6,4.5,260,2
666295873368579927,2023-12-14,Downtown,49.27444774101056,-123.12809994973756,Entire home/apt,3,1 bath,2,$110.00,1,FALSE,FALSE,21,4.76,308,1
666577632708620176,2023-12-14,Sunset,49.22625,-123.08636,Entire home/apt,6,2 baths,3,$205.00,1,FALSE,TRUE,22,4.68,0,1
666823677813397868,2023-12-14,Dunbar Southlands,49.2368637,-123.173947,Entire home/apt,2,1 bath,1,$290.00,5,FALSE,FALSE,7,5,364,2
666884609678676416,2023-12-14,Downtown,49.27975919291697,-123.12654666602612,Private room,2,1 shared bath,1,$165.00,2,TRUE,FALSE,75,4.85,56,1
667058683746139086,2023-12-14,Downtown,49.28010521118674,-123.10851082205772,Entire home/apt,6,2 baths,3,$141.00,30,FALSE,TRUE,1,5,44,43
667536603010219161,2023-12-14,Arbutus Ridge,49.24644,-123.16283,Private room,4,1 private bath,2,$180.00,2,TRUE,FALSE,26,4.92,89,3
668762975310977715,2023-12-14,Kitsilano,49.2715928,-123.1610614,Entire home/apt,4,1 bath,4,$445.00,3,TRUE,FALSE,16,4.94,81,1
668839737190402096,2023-12-14,Downtown Eastside,49.28226,-123.10162,Entire home/apt,4,1 bath,2,$280.00,1,FALSE,FALSE,28,4.25,107,1
668872728473213888,2023-12-13,Dunbar Southlands,49.25694,-123.1917,Entire home/apt,4,1.5 baths,1,$125.00,30,TRUE,FALSE,6,5,169,1
668958106295379634,2023-12-14,Downtown,49.2803,-123.10669,Entire home/apt,4,2 baths,2,$313.00,2,TRUE,FALSE,19,4.63,19,1
669058573778623902,2023-12-14,Victoria-Fraserview,49.2293099,-123.0740776,Entire home/apt,3,1 bath,2,$95.00,3,TRUE,FALSE,46,4.91,165,1
669148140097641038,2023-12-14,Grandview-Woodland,49.27601,-123.06196,Entire home/apt,3,1 bath,2,$100.00,30,TRUE,FALSE,8,5,98,2
669195019817665587,2023-12-14,Kensington-Cedar Cottage,49.25669494986997,-123.0570650473237,Entire home/apt,14,5 baths,6,$950.00,2,FALSE,FALSE,19,4.32,357,1
669458457274323563,2023-12-14,South Cambie,49.2503908,-123.1165117,Entire home/apt,4,1.5 baths,2,NA,2,FALSE,FALSE,5,4.8,0,1
669459613224164906,2023-12-14,Mount Pleasant,49.265498,-123.0921506,Entire home/apt,2,1.5 baths,1,$329.00,2,TRUE,FALSE,15,5,8,1
669486994905829277,2023-12-13,South Cambie,49.2557,-123.11641,Private room,2,1 private bath,1,$150.00,30,FALSE,FALSE,0,NA,180,1
669624576599791909,2023-12-14,Downtown,49.28210117916591,-123.12442108337942,Entire home/apt,2,1 bath,1,$82.00,30,TRUE,FALSE,5,5,365,1
669663731497489526,2023-12-14,West End,49.29188,-123.13269,Entire home/apt,2,1 bath,1,$125.00,30,TRUE,FALSE,8,4.75,146,37
670265633425379347,2023-12-14,Renfrew-Collingwood,49.23807305130774,-123.037925841627,Entire home/apt,5,1 bath,2,$382.00,30,FALSE,TRUE,1,5,316,4
670265718673112508,2023-12-14,Renfrew-Collingwood,49.23748041948314,-123.0364235333257,Entire home/apt,2,1 bath,1,$99.00,28,FALSE,FALSE,0,NA,312,4
670293369748337563,2023-12-14,Killarney,49.2287917,-123.0358648,Entire home/apt,8,2 baths,4,$329.00,2,TRUE,TRUE,71,4.92,285,1
670418115780127410,2023-12-13,Marpole,49.2182461,-123.131233,Private room,3,1 private bath,1,$107.00,1,TRUE,FALSE,8,5,276,6
670485123661095928,2023-12-14,Killarney,49.22115,-123.0355,Entire home/apt,4,1 bath,2,$180.00,3,TRUE,FALSE,22,5,225,1
670531734518438940,2023-12-14,Downtown,49.27795,-123.10663,Entire home/apt,4,2 baths,2,$400.00,2,TRUE,TRUE,42,4.9,297,1
670586674110611871,2023-12-14,Dunbar Southlands,49.2304791887396,-123.18277927577113,Entire home/apt,8,2 baths,5,$287.00,30,FALSE,TRUE,3,4.33,78,1
670587486685711507,2023-12-14,West End,49.28223,-123.12463,Entire home/apt,4,1 bath,2,$128.00,2,TRUE,FALSE,37,4.78,46,1
670955773943645551,2023-12-13,Kitsilano,49.26092,-123.16785,Entire home/apt,4,2.5 baths,2,$258.00,2,TRUE,TRUE,77,4.97,241,1
671011963140116853,2023-12-14,Renfrew-Collingwood,49.234404,-123.0246107,Entire home/apt,2,1 bath,1,NA,2,FALSE,FALSE,6,4.33,0,1
671020786592088766,2023-12-13,Downtown Eastside,49.281249,-123.0833468,Entire home/apt,2,1 bath,1,$109.00,3,TRUE,FALSE,39,4.92,148,1
671045566213341573,2023-12-14,Downtown,49.27739916978039,-123.12643271955504,Entire home/apt,4,2 baths,2,$390.00,1,FALSE,FALSE,0,NA,362,5
671232072315987566,2023-12-14,Downtown Eastside,49.28333,-123.10374,Entire home/apt,2,1 bath,1,$129.00,1,TRUE,FALSE,36,4.81,25,1
671262117671780851,2023-12-14,Mount Pleasant,49.27004519048595,-123.11082799056996,Entire home/apt,4,1 bath,2,$121.00,4,TRUE,FALSE,55,4.82,132,1
671734932678988768,2023-12-14,Downtown,49.27778,-123.11558,Entire home/apt,3,1 bath,1,$130.00,1,TRUE,FALSE,26,4.81,0,1
671784023252600509,2023-12-14,Downtown,49.2789066,-123.1079972,Entire home/apt,6,2 baths,4,$248.00,2,TRUE,FALSE,93,4.9,333,1
671803112132825168,2023-12-14,Downtown,49.28038,-123.1224,Entire home/apt,4,1 bath,2,$155.00,1,TRUE,TRUE,103,4.85,156,1
671823250443454145,2023-12-14,West End,49.29177,-123.13464,Entire home/apt,2,1 bath,1,$125.00,30,TRUE,FALSE,2,5,267,37
671940111575561043,2023-12-14,Downtown Eastside,49.27765,-123.09842,Entire home/apt,3,1 bath,2,$144.00,2,TRUE,FALSE,100,4.83,0,1
671947130203193823,2023-12-14,Downtown,49.27822,-123.10884,Entire home/apt,4,1 bath,2,$117.00,2,TRUE,FALSE,111,4.88,310,1
672426851561878094,2023-12-14,Renfrew-Collingwood,49.24563,-123.0335,Entire home/apt,3,1 bath,2,$128.00,2,TRUE,FALSE,68,4.9,112,2
672483331845764646,2023-12-14,Downtown,49.28331679999999,-123.1165231,Entire home/apt,2,1 bath,1,$220.00,30,FALSE,FALSE,0,NA,364,2
672539754704904434,2023-12-14,Downtown,49.28123,-123.12559,Entire home/apt,4,2 baths,2,$200.00,30,FALSE,FALSE,1,4,202,42
672628447231585238,2023-12-14,West Point Grey,49.26422883922852,-123.21338653459328,Private room,2,1 private bath,1,$170.00,29,FALSE,FALSE,1,5,78,1
672978756275835545,2023-12-14,Downtown,49.27947,-123.1217,Entire home/apt,6,1 bath,4,$319.00,2,TRUE,FALSE,87,4.91,0,1
673130283943652607,2023-12-14,West End,49.27872335744292,-123.13361065636984,Entire home/apt,2,1 bath,1,$135.00,30,FALSE,FALSE,2,5,96,1
673227274017909902,2023-12-14,Downtown,49.28865,-123.11745,Entire home/apt,5,2.5 baths,2,"$2,029.00",3,FALSE,FALSE,0,NA,364,30
673363056918787667,2023-12-14,Downtown,49.27633,-123.12587,Entire home/apt,2,1 bath,1,$121.00,1,TRUE,FALSE,80,4.78,0,1
673579814631797303,2023-12-14,Downtown,49.2792118,-123.1214803,Entire home/apt,6,1 bath,4,$155.00,1,TRUE,FALSE,77,4.94,147,1
673715176215339640,2023-12-13,Marpole,49.20652,-123.13922,Entire home/apt,2,1 bath,1,$60.00,30,TRUE,TRUE,16,4.69,52,1
673959614518583478,2023-12-14,Downtown,49.28732380378296,-123.12386143952608,Entire home/apt,2,1 bath,1,$135.00,30,TRUE,FALSE,5,5,0,1
674049280462107593,2023-12-14,Marpole,49.20916,-123.11696,Entire home/apt,2,1 bath,1,$39.00,30,FALSE,FALSE,45,4.82,65,4
674078958857381323,2023-12-14,Kensington-Cedar Cottage,49.24378,-123.08772,Entire home/apt,6,3.5 baths,4,$399.00,7,FALSE,FALSE,2,5,61,1
674186440753304428,2023-12-14,Downtown Eastside,49.28187,-123.07802,Entire home/apt,3,1 bath,2,$99.00,1,FALSE,TRUE,42,4.74,0,1
674186579018627833,2023-12-14,West End,49.28770830000001,-123.1267022,Entire home/apt,2,1 bath,1,$135.00,30,TRUE,TRUE,6,5,154,1
674193493104024393,2023-12-14,Oakridge,49.23087,-123.10802,Entire home/apt,2,1 bath,1,$109.00,3,TRUE,FALSE,49,4.96,0,1
674223024869439643,2023-12-14,Downtown,49.28018,-123.12309,Entire home/apt,4,1 bath,2,$110.00,30,FALSE,FALSE,1,4,315,19
674503225445081949,2023-12-13,Downtown,49.27546,-123.13177,Entire home/apt,2,1 bath,1,$135.00,90,TRUE,TRUE,3,4.67,274,2
674567679433308877,2023-12-13,Mount Pleasant,49.2695474,-123.1100617,Entire home/apt,2,1 bath,1,$150.00,30,TRUE,FALSE,4,5,321,1
674621989064636219,2023-12-14,Downtown,49.27978,-123.10774,Entire home/apt,6,2 baths,3,$129.00,2,FALSE,TRUE,69,4.81,288,134
674765727838433858,2023-12-13,Kensington-Cedar Cottage,49.23776489999999,-123.0794412,Private room,4,1 private bath,2,$240.00,3,FALSE,FALSE,11,5,356,1
674891436783527030,2023-12-14,Downtown Eastside,49.2815,-123.10422,Entire home/apt,2,1 bath,1,$275.00,120,TRUE,FALSE,6,5,327,2
674897333952654436,2023-12-14,Downtown,49.28051,-123.12586,Entire home/apt,5,2 baths,3,$232.00,1,FALSE,FALSE,10,4.8,341,1
675336815658828773,2023-12-14,Riley Park,49.25375,-123.10959,Entire home/apt,3,1 bath,1,$100.00,30,FALSE,FALSE,3,5,164,2
675410579521979058,2023-12-14,West End,49.28256,-123.1356,Entire home/apt,2,1 bath,2,$110.00,30,FALSE,FALSE,2,4.5,72,1
675436073951838666,2023-12-13,Riley Park,49.24432,-123.10309,Entire home/apt,2,1 bath,1,$108.00,30,FALSE,TRUE,5,5,356,134
675502867790142576,2023-12-14,Killarney,49.22181,-123.03724,Entire home/apt,5,1 bath,3,$179.00,30,FALSE,TRUE,7,5,157,4
675513929603986359,2023-12-14,Grandview-Woodland,49.2750616,-123.0664113,Entire home/apt,6,1.5 baths,4,$249.00,2,TRUE,FALSE,37,4.95,340,1
675533357370140360,2023-12-14,Downtown,49.2792118,-123.1214803,Entire home/apt,2,1 bath,1,$159.00,2,TRUE,FALSE,78,4.85,348,2
675544860559638798,2023-12-13,Kensington-Cedar Cottage,49.24515,-123.06148,Private room,2,1 private bath,1,$75.00,1,TRUE,FALSE,60,4.9,169,2
676032918518674877,2023-12-14,Downtown,49.27793,-123.12089,Private room,1,1 shared bath,1,NA,30,FALSE,FALSE,0,NA,0,6
676138125007180203,2023-12-14,Kensington-Cedar Cottage,49.23549,-123.07979,Entire home/apt,4,1 bath,2,$120.00,1,FALSE,FALSE,59,4.93,0,1
677047880782607284,2023-12-13,Downtown,49.2760458,-123.1224837,Entire home/apt,3,1 bath,1,$230.00,30,FALSE,FALSE,0,NA,365,1
677115870458722132,2023-12-14,Dunbar Southlands,49.24663800234695,-123.1903740816835,Entire home/apt,6,2.5 baths,3,$636.00,2,FALSE,FALSE,3,5,160,1
677628219054062685,2023-12-13,Riley Park,49.25606,-123.0968,Entire home/apt,2,1.5 baths,1,$295.00,3,FALSE,FALSE,9,4.78,136,1
677710337848019892,2023-12-13,West Point Grey,49.26291819706069,-123.20395354571636,Private room,1,1 shared bath,1,$65.00,31,FALSE,FALSE,0,NA,358,7
678230843933586105,2023-12-13,Mount Pleasant,49.26627,-123.09875,Entire home/apt,2,1 bath,1,$285.00,2,TRUE,FALSE,13,4.92,4,1
678321848015350158,2023-12-13,Downtown Eastside,49.27714,-123.10136,Entire home/apt,5,2 baths,2,$500.00,30,TRUE,FALSE,5,4.8,365,1
678496310675865726,2023-12-14,Victoria-Fraserview,49.21332,-123.05982,Entire home/apt,10,3.5 baths,5,$325.00,2,TRUE,FALSE,55,4.91,70,2
678559945231362002,2023-12-14,Grandview-Woodland,49.2641,-123.06007,Entire home/apt,6,1 bath,3,$229.00,30,FALSE,FALSE,8,4.88,118,2
678651676250272949,2023-12-14,Downtown,49.2794491,-123.1073855,Entire home/apt,8,2 baths,5,$988.00,3,TRUE,TRUE,37,4.76,152,21
678846763771457485,2023-12-13,Riley Park,49.2510249,-123.107348,Entire home/apt,1,1 bath,1,$93.00,30,TRUE,FALSE,5,5,309,1
678875379298619555,2023-12-14,Downtown,49.27943820183711,-123.1081276835156,Entire home/apt,6,2 baths,3,$286.00,1,TRUE,TRUE,3,4.67,340,7
678877625275342084,2023-12-14,Downtown Eastside,49.28139777700048,-123.10831587208637,Entire home/apt,6,2 baths,4,$289.00,1,TRUE,FALSE,13,4.86,0,7
678878230943972508,2023-12-14,Downtown,49.27866,-123.10767,Entire home/apt,6,2 baths,5,$256.00,1,TRUE,TRUE,11,5,328,7
678878928527591215,2023-12-14,Downtown,49.27789,-123.10854,Entire home/apt,6,2 baths,4,$288.00,1,TRUE,TRUE,26,4.88,299,7
679037303886725371,2023-12-13,Grandview-Woodland,49.26666,-123.06962,Entire home/apt,4,1 bath,2,$136.00,2,TRUE,TRUE,72,4.93,74,1
679042188518315058,2023-12-14,Hastings-Sunrise,49.27842,-123.04204,Private room,2,1 private bath,1,$200.00,2,TRUE,FALSE,15,5,325,1
679150155099965996,2023-12-14,Downtown,49.27843,-123.12057,Entire home/apt,2,1 bath,1,$300.00,20,FALSE,FALSE,28,4.64,79,3
679236156119656441,2023-12-14,Downtown,49.2814341,-123.1251497,Entire home/apt,2,1 bath,2,$117.00,30,TRUE,FALSE,4,4.5,361,1
679251094277265342,2023-12-14,West Point Grey,49.26412196898576,-123.2128655165434,Shared room,1,1 shared bath,1,$45.00,31,FALSE,FALSE,2,3,364,7
679267569821552445,2023-12-14,Downtown,49.2792118,-123.1214803,Entire home/apt,2,1.5 baths,1,$144.00,2,TRUE,FALSE,73,4.83,0,1
679612065729476643,2023-12-13,Kensington-Cedar Cottage,49.2601,-123.07029,Entire home/apt,2,1 bath,1,$90.00,3,TRUE,FALSE,58,4.86,76,1
679741355346209556,2023-12-14,Downtown,49.2792813,-123.1065474,Entire home/apt,4,1 bath,1,$199.00,1,FALSE,FALSE,1,5,355,1
679796062201655304,2023-12-13,Mount Pleasant,49.27261,-123.10092,Entire home/apt,5,2 baths,2,$166.00,30,FALSE,TRUE,8,4.5,347,134
679797352870505237,2023-12-14,Dunbar Southlands,49.2402919,-123.1957198,Entire home/apt,2,1 bath,1,NA,1,FALSE,FALSE,4,4.25,0,1
679904349658003158,2023-12-14,Kensington-Cedar Cottage,49.23383,-123.06201,Entire home/apt,6,1 bath,3,$150.00,30,TRUE,FALSE,0,NA,330,9
679966720586784630,2023-12-13,Mount Pleasant,49.26481270554963,-123.10073666904502,Entire home/apt,2,1 bath,1,$100.00,2,FALSE,FALSE,46,4.63,12,1
680334719746978812,2023-12-14,West Point Grey,49.25908,-123.21191,Private room,2,1 private bath,1,$75.00,3,TRUE,FALSE,19,4.8,0,1
680466458223299651,2023-12-14,Kitsilano,49.26053,-123.16233,Entire home/apt,6,1 bath,3,$355.00,1,TRUE,FALSE,11,4.91,223,4
680473995442704392,2023-12-14,Arbutus Ridge,49.2369005,-123.1556804,Entire home/apt,4,1 bath,2,$131.00,30,FALSE,FALSE,6,4.5,288,2
680721096593876030,2023-12-14,West End,49.28584,-123.12499,Entire home/apt,4,2 baths,2,$330.00,31,FALSE,FALSE,0,NA,364,2
681101277775445231,2023-12-14,West End,49.2915,-123.13433,Entire home/apt,2,1 bath,1,$110.00,30,TRUE,FALSE,6,4.83,118,37
681151528493373084,2023-12-13,Sunset,49.21418,-123.10445,Entire home/apt,2,1 bath,1,$150.00,1,TRUE,TRUE,46,4.7,346,1
681198380646755521,2023-12-14,Renfrew-Collingwood,49.24678,-123.04701,Entire home/apt,2,1 bath,1,NA,1,FALSE,FALSE,7,5,0,1
681208131918140413,2023-12-13,Marpole,49.21052,-123.11751,Entire home/apt,2,1 bath,1,$100.00,30,TRUE,FALSE,6,5,124,5
681223063261992348,2023-12-13,Mount Pleasant,49.26631,-123.09891,Entire home/apt,4,1 bath,2,$115.00,2,FALSE,FALSE,37,4.84,191,1
681249158664573887,2023-12-14,Hastings-Sunrise,49.26933,-123.05373,Entire home/apt,2,1 bath,1,$220.00,2,FALSE,FALSE,7,4.86,364,1
681550293670463050,2023-12-13,Kitsilano,49.25912,-123.16205,Private room,2,1 shared bath,1,$65.00,1,TRUE,FALSE,52,4.87,258,4
681764885431307439,2023-12-13,Kitsilano,49.26104,-123.16211,Private room,2,1 shared bath,1,$87.00,1,TRUE,FALSE,53,4.89,311,4
681792308848090569,2023-12-13,Kitsilano,49.25885,-123.1616,Private room,2,1 shared bath,1,$76.00,1,TRUE,FALSE,33,4.85,297,4
681977772633720398,2023-12-13,Sunset,49.21318,-123.10445,Entire home/apt,6,1.5 baths,3,$199.00,2,FALSE,FALSE,29,4.62,122,1
682957147160819942,2023-12-14,Victoria-Fraserview,49.22465,-123.07594,Entire home/apt,6,2.5 baths,3,$310.00,2,TRUE,FALSE,11,4.45,79,4
683422077897025593,2023-12-14,Grandview-Woodland,49.27484,-123.06095,Entire home/apt,6,2.5 baths,3,$925.00,3,FALSE,FALSE,1,5,0,1
683469414962039968,2023-12-13,Kitsilano,49.26557,-123.15012,Entire home/apt,2,1 bath,1,$130.00,30,TRUE,FALSE,6,5,364,1
683703486433181605,2023-12-14,Kensington-Cedar Cottage,49.24109929999999,-123.0760564,Private room,2,1 shared bath,1,NA,1,TRUE,TRUE,25,4.8,0,2
683902812705602159,2023-12-14,Downtown,49.2788408,-123.107399,Entire home/apt,7,2 baths,4,$233.00,2,TRUE,FALSE,45,4.91,110,1
683927626618429785,2023-12-13,Shaughnessy,49.25586,-123.14815,Entire home/apt,12,8 baths,7,$791.00,5,FALSE,FALSE,0,NA,343,30
684351861183259865,2023-12-14,Downtown,49.27774,-123.12797,Entire home/apt,2,1 bath,2,$120.00,30,FALSE,FALSE,22,4.82,36,1
684585572455552764,2023-12-13,Downtown,49.2752667,-123.1138946,Entire home/apt,6,3.5 baths,3,$747.00,30,FALSE,FALSE,0,NA,180,1
684778838842446868,2023-12-13,Grandview-Woodland,49.27039,-123.06637,Entire home/apt,4,1 bath,2,$74.00,30,TRUE,TRUE,5,5,119,4
684879403008239715,2023-12-14,Downtown,49.27802,-123.12099,Entire home/apt,2,1 bath,1,NA,1,FALSE,FALSE,0,NA,0,1
685072689649516828,2023-12-13,Victoria-Fraserview,49.20889,-123.06821,Entire home/apt,5,1 bath,2,$113.00,1,TRUE,FALSE,45,4.76,79,5
685404906251907468,2023-12-14,Oakridge,49.2277353,-123.1158627,Entire home/apt,6,3 baths,4,$230.00,30,FALSE,FALSE,6,5,155,1
685477917083219830,2023-12-14,Downtown,49.28068,-123.10821,Entire home/apt,5,2 baths,4,$288.00,3,FALSE,FALSE,38,4.72,0,2
685600032209463805,2023-12-13,Kitsilano,49.26902,-123.14782,Entire home/apt,3,1 bath,1,$122.00,30,FALSE,TRUE,4,4.75,257,134
685648100565353058,2023-12-14,Kensington-Cedar Cottage,49.24468,-123.0877,Entire home/apt,3,1 bath,2,$115.00,30,TRUE,FALSE,3,5,175,2
685741610006132628,2023-12-13,Mount Pleasant,49.26286646190723,-123.10040635705202,Entire home/apt,2,1 bath,1,$136.00,30,FALSE,FALSE,0,NA,61,1
686093412015816360,2023-12-14,Downtown,49.275129610081926,-123.13339413498764,Entire home/apt,4,1 bath,2,$119.00,2,FALSE,TRUE,44,4.43,37,1
686132301906727786,2023-12-14,Renfrew-Collingwood,49.23848,-123.02492,Entire home/apt,7,2 baths,3,$206.00,75,FALSE,FALSE,0,NA,0,1
686256676656663186,2023-12-14,Kitsilano,49.2677,-123.16022,Entire home/apt,6,3.5 baths,3,$581.00,30,TRUE,TRUE,0,NA,0,5
686300114488054568,2023-12-14,Victoria-Fraserview,49.23052,-123.05664,Entire home/apt,4,1 bath,2,$105.00,2,TRUE,FALSE,74,4.93,70,2
686355130754184337,2023-12-14,Downtown Eastside,49.28183,-123.10474,Entire home/apt,3,1 bath,2,$133.00,1,FALSE,FALSE,21,4.9,217,1
686396060259198774,2023-12-14,Kensington-Cedar Cottage,49.2445,-123.08716,Entire home/apt,8,3.5 baths,5,$600.00,5,TRUE,FALSE,7,5,209,2
686409923978161350,2023-12-14,Shaughnessy,49.2417,-123.13213,Entire home/apt,6,2 baths,3,$157.00,1,FALSE,FALSE,9,4.22,325,10
686555920042331306,2023-12-14,West End,49.28342,-123.13319,Entire home/apt,4,2 baths,2,NA,2,FALSE,FALSE,1,5,0,1
686870072994141317,2023-12-14,Downtown,49.27827,-123.1288,Entire home/apt,2,1 bath,1,$108.00,30,TRUE,FALSE,9,4.89,242,1
686907478188369765,2023-12-13,Grandview-Woodland,49.28466,-123.06238,Entire home/apt,2,1 bath,1,$270.00,1,TRUE,TRUE,11,5,12,1
687073071466085759,2023-12-14,Downtown,49.27937,-123.10843,Entire home/apt,5,2 baths,3,$176.00,2,TRUE,FALSE,107,4.94,0,1
687103539603489486,2023-12-14,West End,49.29014,-123.13571,Entire home/apt,2,1 bath,1,$159.00,30,FALSE,FALSE,2,5,53,1
687108048623238133,2023-12-14,Downtown,49.27538,-123.12691,Entire home/apt,4,1 bath,2,$165.00,2,TRUE,FALSE,66,4.94,155,1
687614394426810989,2023-12-13,Grandview-Woodland,49.2796307,-123.0694956,Entire home/apt,2,1 bath,1,$95.00,5,FALSE,FALSE,13,5,18,1
687627343249251747,2023-12-14,West End,49.28488186029488,-123.13983734697102,Entire home/apt,2,1 bath,1,$126.00,4,FALSE,FALSE,6,4.67,0,2
688242960315298014,2023-12-14,Downtown,49.2792813,-123.1065474,Entire home/apt,7,2 baths,4,$303.00,2,TRUE,FALSE,54,4.96,85,1
688344808067715883,2023-12-13,Mount Pleasant,49.26166,-123.09056,Entire home/apt,2,1 bath,1,$100.00,2,FALSE,TRUE,11,4.91,52,1
688443968489123584,2023-12-13,Kensington-Cedar Cottage,49.23408,-123.06162,Private room,2,1 private bath,1,$88.00,30,NA,FALSE,2,5,150,2
688544334661194671,2023-12-14,Downtown,49.27407,-123.12613,Entire home/apt,4,2 baths,2,$140.00,30,FALSE,FALSE,3,4.67,89,3
688629735595841634,2023-12-14,Sunset,49.21454,-123.09441,Entire home/apt,2,1 bath,1,$116.00,30,TRUE,TRUE,8,5,7,5
688688410004435455,2023-12-14,Arbutus Ridge,49.24166,-123.15877,Entire home/apt,10,6 baths,7,$598.00,10,TRUE,FALSE,0,NA,364,7
689112552726266665,2023-12-14,Riley Park,49.25646,-123.0925,Entire home/apt,4,1 bath,2,$99.00,30,FALSE,FALSE,3,5,34,2
689122471073039414,2023-12-14,Downtown,49.27829,-123.12081,Private room,1,1 shared bath,1,$56.00,30,FALSE,FALSE,1,2,208,6
689211553715855315,2023-12-13,Kensington-Cedar Cottage,49.23347,-123.06158,Private room,2,1 shared bath,1,$40.00,30,NA,FALSE,6,4.83,301,2
689212085081337353,2023-12-13,Kitsilano,49.27226599999999,-123.1523703,Private room,2,1 private bath,1,$139.00,2,TRUE,FALSE,45,4.98,239,1
689768447284830545,2023-12-14,Kensington-Cedar Cottage,49.245349324119104,-123.06815665215257,Entire home/apt,5,2 baths,3,$250.00,2,FALSE,TRUE,21,4.71,86,1
689788844311438833,2023-12-14,West End,49.28063,-123.12728,Entire home/apt,2,1 bath,1,$131.00,2,FALSE,FALSE,75,4.84,38,1
689881044721363016,2023-12-14,Dunbar Southlands,49.25746,-123.1822,Private room,4,1 private bath,2,$132.00,2,TRUE,FALSE,50,4.88,0,1
689947966706744660,2023-12-14,Downtown,49.27915,-123.12484,Entire home/apt,4,1 bath,2,$111.00,2,TRUE,FALSE,28,4.79,219,1
689988709118836442,2023-12-13,Kensington-Cedar Cottage,49.2342,-123.06284,Private room,2,1 shared bath,1,$54.00,30,TRUE,FALSE,7,4.71,252,9
690044156631079111,2023-12-13,South Cambie,49.25689,-123.12505,Private room,2,1 private bath,1,$120.00,3,TRUE,FALSE,44,5,151,1
690152152837784751,2023-12-13,Renfrew-Collingwood,49.25183,-123.0507,Private room,2,1 shared bath,1,$77.00,1,FALSE,TRUE,39,4.62,50,3
690166406246340329,2023-12-14,Downtown,49.2736323916337,-123.12881792406384,Entire home/apt,4,2 baths,2,$198.00,2,TRUE,FALSE,8,4.75,182,1
690169984520169423,2023-12-13,Kensington-Cedar Cottage,49.23407,-123.06335,Private room,2,2 shared baths,1,$40.00,30,TRUE,FALSE,2,5,286,9
690170185495732930,2023-12-14,Downtown,49.27388,-123.12861,Entire home/apt,3,1 bath,2,$201.00,2,TRUE,FALSE,69,4.93,294,1
690480129967001638,2023-12-13,Grandview-Woodland,49.28411,-123.06807,Entire home/apt,6,2.5 baths,2,$190.00,5,TRUE,FALSE,41,4.98,90,1
690595616379645255,2023-12-14,South Cambie,49.25592289999999,-123.1210655,Entire home/apt,3,1 bath,1,$160.00,365,FALSE,TRUE,0,NA,365,1
690793781156544090,2023-12-14,Downtown,49.27604038955317,-123.13342790740968,Entire home/apt,4,1 bath,2,$450.00,7,TRUE,TRUE,22,5,1,1
690856981671704217,2023-12-13,Downtown,49.27687424577445,-123.11720205597912,Entire home/apt,3,1 bath,2,$85.00,30,NA,TRUE,0,NA,153,2
691255353588769532,2023-12-13,Kitsilano,49.26137,-123.14703,Entire home/apt,4,1 bath,3,$216.00,3,TRUE,TRUE,44,4.66,223,3
691304096867961808,2023-12-13,Downtown,49.2753608146502,-123.11348127122132,Entire home/apt,4,2 baths,2,$129.00,7,NA,TRUE,3,5,183,2
691380663408342064,2023-12-14,Downtown,49.27868,-123.10825,Entire home/apt,6,2 baths,3,$431.00,2,TRUE,FALSE,41,4.85,7,1
691516021662360380,2023-12-13,Kensington-Cedar Cottage,49.25436,-123.07407,Entire home/apt,2,1 bath,1,$72.00,30,TRUE,FALSE,6,5,242,1
691525196864114731,2023-12-13,Mount Pleasant,49.25916,-123.10919,Entire home/apt,2,1 bath,1,$160.00,30,TRUE,FALSE,8,5,347,9
691550290216868523,2023-12-13,Mount Pleasant,49.2596079,-123.1102483,Entire home/apt,3,1 bath,2,$167.00,30,TRUE,FALSE,8,4.5,299,9
691611666106169038,2023-12-13,Kensington-Cedar Cottage,49.23429,-123.06165,Private room,1,1 shared bath,1,$40.00,30,TRUE,FALSE,4,5,321,9
691715555087378267,2023-12-13,Kensington-Cedar Cottage,49.23357,-123.06357,Private room,2,1 shared bath,1,$40.00,30,TRUE,TRUE,2,5,306,9
691733045339903200,2023-12-13,Kensington-Cedar Cottage,49.234,-123.06169,Private room,2,1 shared bath,1,$40.00,30,TRUE,FALSE,4,5,284,9
691763813266759222,2023-12-13,Kensington-Cedar Cottage,49.23408,-123.06201,Private room,2,2 shared baths,1,$40.00,30,TRUE,FALSE,5,4.8,284,9
691909891316315110,2023-12-14,Downtown,49.27561,-123.13032,Entire home/apt,3,1 bath,1,$206.00,25,TRUE,FALSE,19,4.68,161,1
691995610022725192,2023-12-14,Marpole,49.21665,-123.13265,Entire home/apt,6,1 bath,4,$155.00,1,TRUE,FALSE,30,4.93,165,1
692619994156833186,2023-12-14,Downtown,49.27428,-123.12665,Entire home/apt,2,1 bath,1,$110.00,90,TRUE,FALSE,2,5,267,11
692707759386456568,2023-12-14,Kitsilano,49.25740851315869,-123.15763950968577,Entire home/apt,4,2 baths,2,$158.00,30,FALSE,FALSE,2,5,2,10
692732675318142003,2023-12-14,Kensington-Cedar Cottage,49.24358,-123.05691,Entire home/apt,10,3 baths,5,$231.00,1,FALSE,FALSE,21,4.48,284,10
693060936552302721,2023-12-14,Downtown,49.275608700263646,-123.130186317428,Entire home/apt,4,2 baths,2,$400.00,30,FALSE,FALSE,2,4.5,89,1
693171464115668945,2023-12-14,Downtown,49.2796404,-123.1088566,Entire home/apt,5,1 bath,3,$225.00,3,TRUE,FALSE,36,4.83,322,21
693514101840037286,2023-12-14,Downtown,49.28024,-123.11693,Entire home/apt,2,1 bath,1,$108.00,30,FALSE,FALSE,6,5,72,2
693551259753620408,2023-12-14,Marpole,49.21587,-123.12689,Entire home/apt,4,1 bath,2,$100.00,30,FALSE,FALSE,2,5,347,7
693552256251726400,2023-12-13,Kitsilano,49.2588,-123.15313,Entire home/apt,8,1 bath,3,$271.00,29,FALSE,TRUE,0,NA,364,2
693702140195501521,2023-12-14,West Point Grey,49.26205239671695,-123.19639870475464,Entire home/apt,4,1 bath,2,$119.00,1,TRUE,TRUE,85,4.87,0,1
693744049419289755,2023-12-14,Downtown,49.2791840990756,-123.10850077464444,Entire home/apt,6,2 baths,3,$267.00,1,TRUE,FALSE,19,4.89,342,7
693796998354698762,2023-12-14,Downtown,49.27671200599905,-123.12716592638932,Entire home/apt,2,1 bath,1,$195.00,12,FALSE,TRUE,14,4.93,7,1
694114146079123587,2023-12-14,Downtown,49.28536,-123.10756,Entire home/apt,2,1 bath,1,$185.00,90,FALSE,FALSE,0,NA,358,1
694174735980776361,2023-12-14,Downtown,49.28642,-123.12405,Entire home/apt,3,1 bath,1,$145.00,2,FALSE,FALSE,60,4.68,138,1
694214188219256838,2023-12-13,Riley Park,49.25312,-123.09048,Private room,2,1 shared bath,1,$81.00,1,FALSE,TRUE,13,3.85,365,19
694218500876036988,2023-12-13,Dunbar Southlands,49.248777,-123.1816073,Private room,2,1 shared bath,1,$91.00,1,TRUE,FALSE,24,4.71,364,8
694391273644120779,2023-12-14,Downtown,49.2744995,-123.1278499,Entire home/apt,4,2.5 baths,2,$311.00,2,FALSE,TRUE,50,4.84,336,1
694400291323919129,2023-12-13,Riley Park,49.25551,-123.10429,Entire home/apt,4,1.5 baths,2,$140.00,30,TRUE,FALSE,4,5,159,2
694857320391184517,2023-12-14,West End,49.28038,-123.13449,Entire home/apt,2,1 bath,1,$98.00,30,TRUE,TRUE,4,4.5,312,3
694875479872586956,2023-12-13,Riley Park,49.25481,-123.09012,Private room,3,1 shared bath,2,$54.00,1,FALSE,TRUE,1,1,365,19
694890500429131372,2023-12-14,Kensington-Cedar Cottage,49.25484,-123.08987,Entire home/apt,2,1 bath,1,$56.00,3,FALSE,TRUE,9,4,364,19
694917721235990284,2023-12-13,Renfrew-Collingwood,49.2377894,-123.0343026,Private room,2,1 shared bath,1,$93.00,30,FALSE,FALSE,0,NA,90,1
695143938723063170,2023-12-14,Downtown Eastside,49.27615441593473,-123.10059251429443,Entire home/apt,4,1 bath,2,$131.00,1,FALSE,TRUE,143,4.69,0,1
695240607527412413,2023-12-14,Dunbar Southlands,49.2554,-123.1908,Entire home/apt,4,1 bath,2,$212.00,2,TRUE,FALSE,52,4.98,0,1
695504265229487008,2023-12-14,Kensington-Cedar Cottage,49.2369961,-123.0710575,Entire home/apt,2,1 bath,1,$130.00,2,FALSE,FALSE,2,5,325,2
695571508850000201,2023-12-14,Marpole,49.21309,-123.12802,Entire home/apt,4,1 bath,2,$101.00,1,TRUE,FALSE,94,4.9,343,1
695623125251939208,2023-12-14,Downtown Eastside,49.28185,-123.10527,Entire home/apt,4,1 bath,2,$79.00,7,FALSE,FALSE,18,4.67,361,1
695920814030031902,2023-12-13,Riley Park,49.24825061161801,-123.10623030312348,Entire home/apt,2,1 bath,1,$80.00,30,FALSE,FALSE,1,5,156,1
695923964981125726,2023-12-13,Killarney,49.231,-123.02571,Entire home/apt,6,1 bath,3,$95.00,2,TRUE,FALSE,36,4.97,95,3
696352876134554560,2023-12-14,Downtown,49.274923,-123.1311711,Entire home/apt,2,1 bath,1,$95.00,30,FALSE,FALSE,7,4.86,179,21
696431875149792945,2023-12-14,Downtown,49.27961744269352,-123.10717383238028,Entire home/apt,3,1 bath,1,NA,2,FALSE,FALSE,0,NA,145,1
696702222183409636,2023-12-13,Kensington-Cedar Cottage,49.2364,-123.08744,Private room,1,1 shared bath,1,$140.00,2,FALSE,FALSE,7,4.86,179,1
697475239789950905,2023-12-13,Kensington-Cedar Cottage,49.23422,-123.0622,Private room,2,1 bath,1,$40.00,30,TRUE,TRUE,3,5,272,9
697925700320945722,2023-12-14,Kerrisdale,49.2312,-123.1629,Private room,2,2 shared baths,1,$70.00,1,TRUE,FALSE,58,4.98,0,4
697927264695548177,2023-12-14,Mount Pleasant,49.26511,-123.08499,Entire home/apt,2,1 bath,1,$78.00,29,FALSE,FALSE,7,4.86,0,1
698081321110887201,2023-12-14,Kitsilano,49.26742,-123.18105,Entire home/apt,4,1 bath,2,$225.00,30,TRUE,TRUE,16,4.38,364,2
698123533048871366,2023-12-14,West End,49.28181,-123.13104,Private room,2,1 private bath,1,$75.00,30,FALSE,FALSE,1,5,364,4
698179426387954290,2023-12-14,Marpole,49.20713,-123.13659,Entire home/apt,8,1 bath,4,$110.00,30,FALSE,FALSE,0,NA,161,7
698212357353368678,2023-12-13,Kensington-Cedar Cottage,49.23412,-123.06218,Private room,2,1 shared bath,1,$60.00,30,TRUE,TRUE,2,5,315,9
698531260022902563,2023-12-14,Riley Park,49.2534866,-123.1015492,Entire home/apt,2,1 bath,1,$121.00,7,FALSE,FALSE,15,4.69,0,1
698645988292827239,2023-12-14,West End,49.282286639637405,-123.12644595896045,Entire home/apt,4,1 bath,2,$168.00,3,TRUE,FALSE,10,5,8,4
698751143669970689,2023-12-14,Downtown,49.27874281025954,-123.10733462698364,Entire home/apt,4,1 bath,2,$150.00,2,TRUE,FALSE,100,4.88,224,1
698786979650784503,2023-12-13,Kitsilano,49.25827395998471,-123.15448365414969,Private room,2,1 private bath,1,$169.00,3,FALSE,FALSE,0,NA,365,1
698796947921580998,2023-12-14,Downtown,49.27921,-123.10876,Entire home/apt,4,2 baths,2,$140.00,30,FALSE,FALSE,1,5,104,3
698850712096141475,2023-12-13,Marpole,49.2088,-123.13553,Private room,2,1 shared bath,1,$50.00,31,FALSE,FALSE,1,4,107,7
698961129663209611,2023-12-14,West End,49.2814,-123.1296,Entire home/apt,4,1.5 baths,2,$198.00,1,TRUE,TRUE,47,4.85,27,1
699473327351280578,2023-12-13,Strathcona,49.2687,-123.0989,Entire home/apt,1,1 bath,1,$120.00,3,FALSE,FALSE,1,5,194,1
699610805409278822,2023-12-14,Marpole,49.20667,-123.13561,Entire home/apt,4,1 bath,2,$85.00,30,FALSE,FALSE,2,4.5,316,7
699614555648270513,2023-12-13,Marpole,49.20659,-123.13618,Private room,1,1 shared bath,1,$48.00,30,FALSE,FALSE,2,5,162,7
699632834396871306,2023-12-13,Marpole,49.20662,-123.13646,Private room,1,1 shared bath,1,$45.00,30,FALSE,FALSE,2,5,157,7
700001070527219308,2023-12-14,Mount Pleasant,49.25877,-123.09331,Entire home/apt,2,1 bath,1,$99.00,30,TRUE,TRUE,2,5,0,3
700002898310049427,2023-12-14,Mount Pleasant,49.26039,-123.09304,Entire home/apt,2,1 bath,1,$797.00,30,TRUE,FALSE,6,4.83,140,3
700108555522559659,2023-12-14,Downtown,49.289,-123.12413,Entire home/apt,7,2 baths,4,$168.00,2,FALSE,TRUE,66,4.56,308,1
700360486474313397,2023-12-14,Downtown,49.2789066,-123.1079972,Entire home/apt,5,1 bath,3,$159.00,3,TRUE,FALSE,41,4.78,256,21
700742332351273005,2023-12-13,West Point Grey,49.26105,-123.18639,Entire home/apt,4,1 bath,3,$149.00,1,TRUE,TRUE,24,4.88,164,1
700884339979404841,2023-12-13,Mount Pleasant,49.25922,-123.10925,Entire home/apt,3,1 bath,2,$225.00,30,TRUE,FALSE,3,5,306,9
701510247377752375,2023-12-14,Sunset,49.222693250777375,-123.08231008537102,Entire home/apt,3,1 bath,1,$144.00,3,TRUE,FALSE,31,4.97,0,1
701749874511806925,2023-12-14,Renfrew-Collingwood,49.24622,-123.04996,Entire home/apt,4,1 bath,1,$130.00,2,TRUE,FALSE,36,4.86,62,1
702079179822599606,2023-12-14,Downtown Eastside,49.28344,-123.10905,Entire home/apt,4,1 bath,2,$132.00,90,FALSE,TRUE,5,4.6,196,134
702164335101228452,2023-12-14,Kerrisdale,49.22009,-123.14796,Entire home/apt,4,1 bath,2,$119.00,1,FALSE,FALSE,35,4.64,0,1
702212748104463652,2023-12-14,Victoria-Fraserview,49.23082657572055,-123.06884329259032,Entire home/apt,6,1 bath,3,$130.00,4,TRUE,FALSE,18,4.89,334,3
702281737808303979,2023-12-14,Shaughnessy,49.235938,-123.1391527,Entire home/apt,6,1 bath,3,$240.00,2,FALSE,TRUE,3,4,89,1
702366281800944724,2023-12-14,West End,49.27662738212916,-123.13447364462571,Entire home/apt,12,6 baths,8,"$2,500.00",2,TRUE,FALSE,3,5,267,4
702432549065513520,2023-12-13,Victoria-Fraserview,49.226358343012286,-123.0675980625656,Entire home/apt,4,2 baths,2,$152.00,1,TRUE,FALSE,21,5,163,2
702569746591193300,2023-12-14,Renfrew-Collingwood,49.24495,-123.04463,Entire home/apt,3,1 bath,2,NA,1,FALSE,FALSE,11,4.64,0,1
702876444293572136,2023-12-13,Kensington-Cedar Cottage,49.25286,-123.08731,Entire home/apt,4,1 bath,2,$171.00,3,TRUE,FALSE,61,4.98,261,1
703167656545973227,2023-12-13,Mount Pleasant,49.26051,-123.11124,Entire home/apt,2,1 bath,1,$139.00,30,TRUE,FALSE,6,5,334,9
703173837237047800,2023-12-14,Marpole,49.21891025780801,-123.1420920233794,Entire home/apt,6,1 bath,3,$193.00,1,TRUE,TRUE,17,4.94,9,1
703178662481470924,2023-12-14,Renfrew-Collingwood,49.25146,-123.0503,Entire home/apt,5,1.5 baths,4,$145.00,2,TRUE,FALSE,54,4.93,0,2
703191025049635054,2023-12-13,Mount Pleasant,49.25989,-123.10937,Entire home/apt,4,1 bath,2,$238.00,30,TRUE,FALSE,6,4.83,308,9
703210264530916908,2023-12-13,Mount Pleasant,49.26037,-123.11118,Entire home/apt,2,1 bath,1,$180.00,30,TRUE,FALSE,10,4.9,336,9
703481159575511533,2023-12-13,Oakridge,49.2266631,-123.1132735,Private room,1,1 private bath,1,$50.00,30,FALSE,TRUE,3,4.67,365,20
703537506984421528,2023-12-14,Downtown,49.27979,-123.1168,Entire home/apt,5,2 baths,2,$245.00,91,TRUE,TRUE,4,5,212,1
703598710964973244,2023-12-13,Mount Pleasant,49.2598,-123.10894,Entire home/apt,5,1 bath,3,$160.00,30,TRUE,FALSE,7,5,236,9
703629034331535317,2023-12-13,Mount Pleasant,49.25949,-123.10944,Entire home/apt,2,1 bath,1,$155.00,30,TRUE,FALSE,3,5,334,9
703863098145595811,2023-12-14,West End,49.28004,-123.1302,Entire home/apt,3,1 bath,2,$59.00,5,FALSE,FALSE,62,4.9,51,6
704265965203455871,2023-12-14,Downtown,49.28014,-123.12195,Entire home/apt,4,1 bath,2,$161.00,2,TRUE,FALSE,97,4.91,75,1
704325920638286648,2023-12-14,Renfrew-Collingwood,49.23958,-123.03123,Entire home/apt,4,3 baths,2,$300.00,60,FALSE,TRUE,0,NA,364,2
704332689749350036,2023-12-13,Downtown Eastside,49.28109753880563,-123.08272374232789,Entire home/apt,4,1 bath,2,$163.00,3,TRUE,FALSE,44,4.91,102,1
705378661425235424,2023-12-14,Downtown,49.27741,-123.13043,Entire home/apt,3,1 bath,1,$149.00,1,TRUE,TRUE,46,5,88,1
705719018408799994,2023-12-14,Dunbar Southlands,49.23582,-123.18953,Entire home/apt,6,1 bath,3,$120.00,1,TRUE,TRUE,84,4.92,307,1
705778708633220567,2023-12-25,Grandview-Woodland,49.27188,-123.06737,Entire home/apt,2,1 bath,1,$157.00,2,TRUE,FALSE,70,4.96,357,1
706064048696373018,2023-12-14,Hastings-Sunrise,49.2724,-123.05296,Entire home/apt,8,2 baths,4,$204.00,2,TRUE,TRUE,32,4.91,243,1
706098633559822094,2023-12-14,Renfrew-Collingwood,49.24035,-123.02631,Entire home/apt,8,2 baths,4,$200.00,2,TRUE,TRUE,28,5,89,1
706517007757035755,2023-12-14,Downtown,49.27942,-123.1193,Entire home/apt,3,1 bath,2,$250.00,2,FALSE,FALSE,1,4,73,1
706729205556516686,2023-12-13,Downtown,49.27486021311485,-123.12363144010304,Entire home/apt,2,1 bath,1,$110.00,30,TRUE,FALSE,7,5,273,1
706785771439204262,2023-12-14,Downtown Eastside,49.28055415389719,-123.08168868889936,Entire home/apt,2,1 bath,1,$145.00,1,TRUE,FALSE,12,5,0,1
707110932244408843,2023-12-14,Marpole,49.2123,-123.1213,Entire home/apt,5,2.5 baths,2,$200.00,2,FALSE,TRUE,6,3.83,0,2
707199221280154887,2023-12-13,Downtown,49.27407,-123.12682,Entire home/apt,2,1 bath,1,$256.00,1,TRUE,TRUE,67,4.91,70,1
707477055866962652,2023-12-14,West End,49.2855514,-123.1238497,Entire home/apt,3,1 bath,1,$139.00,30,FALSE,FALSE,3,5,134,3
707963216764884721,2023-12-14,Riley Park,49.25179,-123.10887,Entire home/apt,4,2 baths,2,$132.00,30,TRUE,FALSE,0,NA,80,1
708110957663663467,2023-12-14,West End,49.27654,-123.13401,Entire home/apt,4,1 bath,2,$90.00,30,TRUE,FALSE,7,5,4,4
708648709451898433,2023-12-14,Grandview-Woodland,49.2861,-123.05978,Entire home/apt,3,1 bath,2,$125.00,30,TRUE,FALSE,2,5,0,1
708692850991840614,2023-12-14,Downtown,49.27849,-123.10767,Entire home/apt,5,1 bath,3,$206.00,2,TRUE,TRUE,62,4.97,271,1
710286970796220640,2023-12-14,South Cambie,49.23981868242928,-123.1183136254549,Entire home/apt,3,1 bath,1,$131.00,30,TRUE,FALSE,4,5,137,1
710457205314472148,2023-12-13,Grandview-Woodland,49.27555726646728,-123.05723526056607,Entire home/apt,2,1 bath,1,$100.00,1,TRUE,FALSE,56,4.93,54,2
710624133988676231,2023-12-14,Downtown,49.27894,-123.12771,Entire home/apt,6,1 bath,3,$239.00,2,TRUE,FALSE,39,5,118,1
710837425541630897,2023-12-14,Mount Pleasant,49.25918,-123.08741,Entire home/apt,6,1 bath,3,$300.00,31,FALSE,FALSE,1,5,355,1
710887810479983552,2023-12-14,West End,49.28432,-123.13733,Entire home/apt,2,1 bath,1,$211.00,31,FALSE,FALSE,1,5,85,38
711026764081424364,2023-12-13,Kensington-Cedar Cottage,49.24470866390945,-123.08085188269617,Entire home/apt,2,1 bath,1,$82.00,2,TRUE,TRUE,86,4.79,335,3
711064937560850792,2023-12-14,Kensington-Cedar Cottage,49.24956,-123.08582,Entire home/apt,4,1 bath,2,$150.00,2,FALSE,FALSE,15,4.93,340,1
711106272829538917,2023-12-14,Downtown,49.2778214,-123.1296535,Entire home/apt,2,1 bath,1,$199.00,30,FALSE,FALSE,0,NA,364,1
711183697732552679,2023-12-14,Downtown Eastside,49.27971157589444,-123.0998090514514,Entire home/apt,4,1 bath,2,$119.00,1,TRUE,TRUE,46,4.85,341,1
711496274723040660,2023-12-14,Killarney,49.23031,-123.024,Entire home/apt,6,2 baths,3,$101.00,2,TRUE,FALSE,43,4.98,140,1
711695543459184945,2023-12-13,Riley Park,49.24319,-123.10276,Entire home/apt,2,1 bath,1,$161.00,30,FALSE,TRUE,6,5,58,134
711840721921770128,2023-12-14,Grandview-Woodland,49.27284,-123.06866,Entire home/apt,6,2.5 baths,3,$200.00,5,FALSE,FALSE,1,5,45,2
711908882319965486,2023-12-14,Downtown,49.27696,-123.12491,Private room,1,2 baths,1,$110.00,30,FALSE,FALSE,2,5,364,1
711984564376597419,2023-12-14,Downtown,49.27935304172432,-123.10657690429916,Entire home/apt,6,2 baths,3,$386.00,2,TRUE,FALSE,24,5,0,1
712249571998973299,2023-12-13,Oakridge,49.22463,-123.12084,Private room,1,1 private bath,1,$67.00,30,FALSE,TRUE,3,5,352,20
712345742285957777,2023-12-13,Renfrew-Collingwood,49.24632,-123.02841,Private room,2,1 shared bath,1,$243.00,30,FALSE,FALSE,0,NA,365,4
712675680352873894,2023-12-14,Downtown,49.2783,-123.12993,Entire home/apt,2,1.5 baths,1,$110.00,30,FALSE,FALSE,5,4.8,0,2
713049769583561030,2023-12-13,Kitsilano,49.26688,-123.14902,Entire home/apt,2,1 bath,1,$130.00,30,TRUE,FALSE,5,5,222,1
713199231858585287,2023-12-14,Downtown,49.2796404,-123.1088566,Entire home/apt,6,2 baths,3,$201.00,2,TRUE,FALSE,56,4.88,163,1
713208799078533806,2023-12-14,Downtown Eastside,49.2813495,-123.0827452,Entire home/apt,2,1 bath,1,$150.00,3,FALSE,FALSE,3,4.67,0,1
713307058365780263,2023-12-14,Riley Park,49.25135982554395,-123.09668247857364,Entire home/apt,5,1.5 baths,4,$400.00,3,TRUE,FALSE,28,5,118,1
713351857453612426,2023-12-14,Shaughnessy,49.25,-123.13785,Entire home/apt,2,1 bath,1,$96.00,1,FALSE,FALSE,108,4.71,0,2
713361923914459427,2023-12-13,Marpole,49.21288,-123.12334,Entire home/apt,4,1 bath,3,$168.00,2,TRUE,FALSE,58,4.95,69,2
713702578893289364,2023-12-14,Renfrew-Collingwood,49.24437033275793,-123.052086485956,Entire home/apt,2,1 bath,1,$150.00,30,FALSE,FALSE,0,NA,87,1
713756712996729763,2023-12-13,Fairview,49.25966,-123.12825,Entire home/apt,2,1 bath,1,$100.00,30,FALSE,FALSE,2,5,184,30
713811832949767201,2023-12-14,Downtown Eastside,49.28195,-123.10587,Entire home/apt,2,1 bath,1,$183.00,2,FALSE,FALSE,71,4.76,0,1
713925697989494857,2023-12-14,Kensington-Cedar Cottage,49.25133,-123.06255,Entire home/apt,6,3.5 baths,2,$499.00,5,FALSE,FALSE,0,NA,330,1
714400558665965285,2023-12-13,West Point Grey,49.26481,-123.21379,Private room,1,1 shared bath,1,$71.00,3,FALSE,FALSE,25,4.72,342,4
714426707514819432,2023-12-13,Mount Pleasant,49.26925,-123.11176,Entire home/apt,2,1 bath,1,$179.00,30,FALSE,FALSE,0,NA,365,1
714542917832068936,2023-12-14,South Cambie,49.25482,-123.12428,Private room,2,1 private bath,1,$105.00,1,TRUE,FALSE,66,4.85,0,1
714694178733692119,2023-12-14,Kensington-Cedar Cottage,49.25167,-123.08433,Private room,4,1.5 baths,2,$135.00,2,TRUE,FALSE,26,4.89,0,1
714895172859284738,2023-12-14,West End,49.28243,-123.12462,Entire home/apt,3,1 bath,2,$138.00,2,TRUE,TRUE,35,4.8,28,2
715151189513568417,2023-12-14,Riley Park,49.24813,-123.0908,Entire home/apt,4,1 bath,2,$155.00,2,TRUE,FALSE,112,4.92,0,1
715241806681957366,2023-12-14,Downtown,49.27737,-123.11834,Entire home/apt,4,2 baths,2,$220.00,30,TRUE,FALSE,2,5,315,1
715248457594454704,2023-12-14,Downtown,49.27807,-123.13063,Entire home/apt,3,1 bath,2,$101.00,5,TRUE,FALSE,65,4.88,0,3
715315237221795674,2023-12-13,Mount Pleasant,49.27191,-123.10535,Entire home/apt,6,1 bath,2,$150.00,181,FALSE,TRUE,2,5,339,1
715404243365272214,2023-12-14,Downtown,49.2781629,-123.1224072,Entire home/apt,6,3.5 baths,3,"$1,166.00",30,TRUE,FALSE,0,NA,18,41
715461909983358321,2023-12-13,Dunbar Southlands,49.23594,-123.17362,Private room,2,1 shared bath,1,$118.00,1,TRUE,TRUE,18,4.89,162,6
715469321417822525,2023-12-13,West Point Grey,49.26151,-123.19048,Entire home/apt,2,1 bath,2,$158.00,31,TRUE,TRUE,11,4.91,90,1
715507340363187331,2023-12-14,Marpole,49.2162,-123.13245,Entire home/apt,2,1 bath,1,$102.00,2,FALSE,FALSE,19,4.79,245,1
716088898340134944,2023-12-14,West End,49.28745,-123.13017,Entire home/apt,4,1 bath,2,$109.00,30,FALSE,FALSE,0,NA,40,19
716277008969385955,2023-12-14,Downtown,49.2792118,-123.1214803,Entire home/apt,3,1 bath,2,$138.00,2,TRUE,FALSE,28,4.86,38,1
716588597297894800,2023-12-13,Downtown Eastside,49.28177,-123.08409,Entire home/apt,6,1 bath,3,$137.00,2,TRUE,TRUE,77,4.78,317,5
716709810967430682,2023-12-14,Victoria-Fraserview,49.22461,-123.06656,Entire home/apt,6,3 baths,3,$160.00,1,TRUE,FALSE,31,4.84,163,2
716899271686252037,2023-12-14,Sunset,49.23276,-123.10358,Entire home/apt,2,2 baths,1,$150.00,31,FALSE,FALSE,0,NA,364,1
716963102593012594,2023-12-13,Dunbar Southlands,49.23781,-123.17386,Private room,2,2 shared baths,1,$103.00,1,TRUE,TRUE,24,4.88,172,6
717407026296253885,2023-12-13,Grandview-Woodland,49.27233,-123.07176,Private room,1,1 shared bath,1,$96.00,2,TRUE,FALSE,41,5,51,2
717551955250963710,2023-12-14,Mount Pleasant,49.2649756,-123.0864319,Entire home/apt,4,1 bath,2,$83.00,2,FALSE,TRUE,41,4.62,0,1
717782874125432991,2023-12-14,Kitsilano,49.26067902367885,-123.16453593772374,Entire home/apt,6,1 bath,3,$147.00,2,TRUE,FALSE,79,4.9,0,1
718027112786435963,2023-12-13,Grandview-Woodland,49.27492,-123.07248,Entire home/apt,2,1 bath,1,$120.00,30,TRUE,TRUE,5,5,180,3
718324829248717665,2023-12-14,Downtown,49.28021,-123.10735,Entire home/apt,4,2 baths,4,NA,1,FALSE,TRUE,15,4.6,0,1
718349646183799773,2023-12-13,West Point Grey,49.26661,-123.21378,Private room,2,1 shared bath,1,$79.00,1,FALSE,FALSE,32,4.59,342,4
718477664323776445,2023-12-14,Kitsilano,49.264694984626246,-123.15630309283732,Entire home/apt,2,1 bath,1,$298.00,4,FALSE,FALSE,9,5,64,1
718835872349835402,2023-12-14,West Point Grey,49.26641,-123.21435,Private room,2,1 private bath,1,$110.00,1,FALSE,FALSE,34,4.83,0,4
718878189540613129,2023-12-13,West Point Grey,49.26264,-123.19019,Entire home/apt,4,1 bath,2,$246.00,3,FALSE,FALSE,40,5,114,1
718917603317395566,2023-12-14,Hastings-Sunrise,49.27048,-123.03496,Private room,2,1 private bath,1,$80.00,1,FALSE,TRUE,49,4.71,340,1
719501841569202505,2023-12-13,Dunbar Southlands,49.23581,-123.17355,Private room,4,2 shared baths,2,$145.00,1,TRUE,TRUE,7,4.86,347,6
719678391758638615,2023-12-14,Downtown,49.2785,-123.10635,Entire home/apt,6,2 baths,3,NA,2,FALSE,TRUE,38,4.63,0,1
719846343114616558,2023-12-14,Fairview,49.2645112,-123.1274339,Entire home/apt,3,1 bath,1,NA,2,TRUE,FALSE,17,4.94,0,1
720163795846048006,2023-12-13,Hastings-Sunrise,49.27818,-123.05522,Entire home/apt,5,1.5 baths,4,$200.00,30,TRUE,TRUE,6,4.83,225,1
720212490867839664,2023-12-14,Downtown,49.27771,-123.12943,Entire home/apt,3,1 bath,2,$208.00,2,TRUE,FALSE,71,4.96,75,1
720239502971424897,2023-12-13,West End,49.2931624,-123.1353359,Entire home/apt,2,1 bath,1,$135.00,30,FALSE,FALSE,2,5,294,1
720330905303266621,2023-12-14,Killarney,49.206892863993474,-123.05550584615976,Entire home/apt,2,1 bath,1,$80.00,1,TRUE,TRUE,139,4.82,0,1
720367305492127163,2023-12-14,Downtown,49.27977108297291,-123.12659510185242,Entire home/apt,4,2 baths,2,$191.00,4,FALSE,TRUE,33,4.79,0,1
720901803527787917,2023-12-13,Downtown Eastside,49.28004,-123.09381,Private room,1,1 private bath,1,$125.00,2,TRUE,FALSE,20,5,66,2
720952635200426778,2023-12-14,Downtown,49.27608,-123.11463,Entire home/apt,3,1 bath,2,$120.00,30,FALSE,FALSE,2,5,241,1
721122541247570429,2023-12-13,Riley Park,49.24556,-123.10977,Entire home/apt,2,1 bath,1,$81.00,1,TRUE,TRUE,147,4.9,132,1
721222734684672256,2023-12-14,Mount Pleasant,49.26555312362871,-123.09913825886076,Entire home/apt,6,2 baths,2,$178.00,2,TRUE,FALSE,38,4.85,0,1
721613248106873893,2023-12-14,Downtown,49.28448,-123.11598,Entire home/apt,4,1 bath,1,$157.00,30,FALSE,FALSE,0,NA,364,1
721688822548639870,2023-12-14,Downtown,49.27656,-123.12924,Entire home/apt,3,1 bath,2,$101.00,5,FALSE,FALSE,59,4.85,68,2
721942237911291819,2023-12-14,West End,49.28118,-123.12627,Entire home/apt,6,3.5 baths,3,$820.00,30,FALSE,FALSE,0,NA,273,1
721997041492837630,2023-12-14,West Point Grey,49.26442,-123.21504,Entire home/apt,4,1 bath,2,$142.00,1,TRUE,TRUE,60,4.82,0,1
722006962100390023,2023-12-14,West Point Grey,49.25828928599499,-123.20171121507884,Private room,2,1 private bath,1,NA,2,TRUE,TRUE,12,5,0,1
722059554684000510,2023-12-14,Hastings-Sunrise,49.27708,-123.0328,Entire home/apt,4,1 bath,2,$140.00,1,TRUE,FALSE,26,4.88,85,2
722420464460098582,2023-12-13,Mount Pleasant,49.26433,-123.08299,Entire home/apt,2,1 bath,1,$175.00,3,FALSE,FALSE,3,5,22,1
722510747137067469,2023-12-14,Downtown Eastside,49.28327,-123.10622,Entire home/apt,2,1 bath,1,NA,90,FALSE,FALSE,1,5,0,33
722821755640958395,2023-12-14,Downtown,49.2799,-123.1077,Entire home/apt,3,1 bath,2,$115.00,3,TRUE,TRUE,5,4,157,2
722988111891063841,2023-12-13,Hastings-Sunrise,49.27846049999999,-123.0349877,Private room,2,1 shared bath,1,$98.00,3,TRUE,FALSE,25,4.8,89,1
723174972783640817,2023-12-13,Grandview-Woodland,49.2823,-123.06708,Entire home/apt,6,1.5 baths,3,$186.00,1,TRUE,FALSE,64,4.84,79,1
723872311765780902,2023-12-14,West End,49.29155,-123.13841,Entire home/apt,8,3 baths,6,NA,30,FALSE,FALSE,0,NA,0,1
723924635782909758,2023-12-13,Kensington-Cedar Cottage,49.25316,-123.08,Entire home/apt,2,1 bath,3,$90.00,30,TRUE,FALSE,0,NA,286,4
724617957397167157,2023-12-14,Downtown,49.27684,-123.13047,Entire home/apt,5,2.5 baths,2,$309.00,90,FALSE,FALSE,1,5,286,13
724744066086196334,2023-12-14,Downtown,49.2781,-123.10871,Entire home/apt,6,2 baths,3,$180.00,2,TRUE,FALSE,70,4.73,166,1
724786279214531852,2023-12-13,Grandview-Woodland,49.27688,-123.06439,Entire home/apt,4,1 bath,2,$161.00,2,TRUE,TRUE,100,4.96,278,1
725335769281689438,2023-12-13,Riley Park,49.2441317,-123.096295,Entire home/apt,4,1 bath,2,$105.00,3,TRUE,FALSE,40,4.98,165,1
725580603628565216,2023-12-14,Downtown,49.28308,-123.1175,Entire home/apt,5,1 bath,3,$101.00,30,TRUE,FALSE,18,5,103,2
726047549953297120,2023-12-14,Hastings-Sunrise,49.26388,-123.05132,Entire home/apt,6,2.5 baths,3,$211.00,1,TRUE,FALSE,86,4.86,0,3
726574128791708664,2023-12-13,Kensington-Cedar Cottage,49.24344439999999,-123.0798252,Private room,2,1 shared bath,1,$65.00,1,TRUE,TRUE,8,5,321,6
726777253250888356,2023-12-14,Downtown Eastside,49.28229190739526,-123.09210373862304,Entire home/apt,4,2.5 baths,2,NA,5,FALSE,TRUE,4,5,0,1
726794012661608068,2023-12-14,Shaughnessy,49.2534767389635,-123.14056948594148,Private room,1,1 private bath,1,NA,1,FALSE,FALSE,0,NA,0,1
726829619548053751,2023-12-14,Mount Pleasant,49.26977,-123.11016,Entire home/apt,2,1 bath,1,NA,30,FALSE,FALSE,0,NA,0,1
726910699004568133,2023-12-14,Sunset,49.2203821,-123.1015606,Entire home/apt,8,2 baths,4,$239.00,2,TRUE,TRUE,38,4.71,78,1
726925227142462134,2023-12-14,Downtown,49.28062,-123.108,Entire home/apt,6,2 baths,3,$160.00,2,TRUE,FALSE,67,4.85,37,1
727027585088518387,2023-12-14,Downtown,49.27982,-123.12286,Entire home/apt,4,1 bath,2,$131.00,1,TRUE,FALSE,100,4.87,19,1
727178717766866637,2023-12-14,Dunbar Southlands,49.2362,-123.17222,Private room,2,2 shared baths,1,$128.00,1,TRUE,TRUE,3,4.67,341,6
728023428197250377,2023-12-14,Kitsilano,49.26612198973451,-123.16137131981442,Entire home/apt,3,1 bath,1,$158.00,3,TRUE,FALSE,32,4.84,1,1
728210465126425584,2023-12-13,Shaughnessy,49.249445999583294,-123.1326742258059,Private room,2,1 private bath,1,$148.00,30,FALSE,FALSE,1,5,139,1
728243232622146454,2023-12-14,Kensington-Cedar Cottage,49.25186,-123.07464,Entire home/apt,10,3 baths,6,$204.00,1,TRUE,TRUE,57,4.93,215,1
728581139650993027,2023-12-13,Downtown,49.27417210376834,-123.1143998875556,Entire home/apt,2,1 bath,1,$280.00,30,FALSE,FALSE,13,4.85,90,1
729003293408993264,2023-12-14,Killarney,49.22568,-123.03173,Entire home/apt,4,1 bath,4,$85.00,3,TRUE,FALSE,38,4.82,157,1
729054881803965804,2023-12-14,Fairview,49.26380425054041,-123.14053087629829,Entire home/apt,4,2 baths,2,NA,30,FALSE,FALSE,0,NA,0,1
729206433441586390,2023-12-14,Dunbar Southlands,49.23341,-123.19374,Entire home/apt,4,1 bath,4,$334.00,30,TRUE,FALSE,0,NA,189,8
729227659378590273,2023-12-13,Downtown,49.2749198,-123.1150309,Entire home/apt,3,1 bath,1,$109.00,30,FALSE,FALSE,1,5,89,2
729242308875289923,2023-12-14,Downtown,49.2890306,-123.1262597,Entire home/apt,4,2 baths,2,$299.00,40,FALSE,FALSE,0,NA,333,1
729621610151592990,2023-12-25,Downtown,49.27592,-123.13221,Entire home/apt,4,1 bath,2,$142.00,1,FALSE,TRUE,54,4.72,298,134
729652180650736869,2023-12-14,Downtown Eastside,49.2813191934688,-123.08455662831118,Entire home/apt,3,2 baths,2,$190.00,5,FALSE,FALSE,0,NA,0,1
729658124296630435,2023-12-13,Kitsilano,49.26916,-123.14645,Entire home/apt,2,1 bath,1,$117.00,30,FALSE,TRUE,5,4.8,262,134
729672049128719660,2023-12-13,West Point Grey,49.26274,-123.2033,Entire home/apt,4,1 bath,3,$192.00,3,TRUE,FALSE,39,4.95,165,1
729678784785611565,2023-12-13,Fairview,49.26052,-123.13973,Entire home/apt,2,1 bath,1,$76.00,30,FALSE,TRUE,7,4.71,340,134
729730483477613494,2023-12-14,Downtown,49.2792813,-123.1065474,Entire home/apt,4,1 bath,2,$138.00,2,TRUE,FALSE,55,4.93,0,2
729787243990702538,2023-12-14,Kitsilano,49.26007,-123.15489,Entire home/apt,8,1 bath,3,$189.00,28,FALSE,TRUE,0,NA,358,2
730029300995748262,2023-12-13,Dunbar Southlands,49.23648,-123.17439,Private room,2,2 shared baths,1,$85.00,1,TRUE,TRUE,15,4.73,64,6
730060095278693500,2023-12-14,Downtown,49.27669,-123.1296,Entire home/apt,2,1 bath,2,$160.00,60,FALSE,TRUE,0,NA,364,2
730357547961843058,2023-12-14,Downtown,49.27981,-123.10768,Entire home/apt,4,1 bath,2,$157.00,2,TRUE,FALSE,19,4.84,356,5
730464686951331473,2023-12-13,Fairview,49.2637,-123.12037,Entire home/apt,6,2 baths,3,$200.00,30,TRUE,FALSE,1,5,364,1
730502580919015540,2023-12-14,Downtown,49.27849440819956,-123.10555621379544,Entire home/apt,4,1 bath,2,$110.00,1,TRUE,TRUE,19,4.95,8,2
730706581348444832,2023-12-14,Mount Pleasant,49.2595,-123.08263,Entire home/apt,3,1 bath,2,$111.00,2,TRUE,FALSE,59,4.95,0,1
730890006787134260,2023-12-14,Kitsilano,49.27069,-123.14874,Entire home/apt,10,1 bath,4,$371.00,1,TRUE,TRUE,64,4.98,0,1
731298385030157900,2023-12-14,Downtown,49.27561,-123.12745,Entire home/apt,4,1 bath,2,$185.00,2,TRUE,FALSE,69,4.9,198,1
731525183887783714,2023-12-14,Fairview,49.26723,-123.12758,Entire home/apt,3,1 bath,2,$134.00,2,TRUE,FALSE,59,4.8,1,1
731759310990086454,2023-12-14,Downtown Eastside,49.27976,-123.09797,Entire home/apt,2,1 bath,1,$99.00,2,TRUE,FALSE,50,4.8,161,1
731783954620671678,2023-12-14,West End,49.29011,-123.13916,Entire home/apt,6,2 baths,3,$166.00,2,FALSE,FALSE,26,4.74,0,1
731891822546570533,2023-12-14,Killarney,49.20742,-123.02554,Entire home/apt,4,1 bath,1,$200.00,1,FALSE,FALSE,0,NA,89,1
731947165995473663,2023-12-14,Downtown,49.28175129790685,-123.12380951463804,Entire home/apt,2,1 bath,1,$125.00,30,TRUE,FALSE,4,5,265,1
731982066679522813,2023-12-14,Downtown,49.2792118,-123.1214803,Entire home/apt,4,1 bath,1,$122.00,7,TRUE,FALSE,81,4.85,58,1
732042262501006768,2023-12-14,Oakridge,49.23196,-123.12989,Entire home/apt,6,3 baths,3,$298.00,2,TRUE,FALSE,49,4.94,53,1
732108046088834881,2023-12-14,Grandview-Woodland,49.26499,-123.06323,Entire home/apt,5,2.5 baths,3,$122.00,30,FALSE,FALSE,2,5,137,1
732271302755280925,2023-12-14,Downtown,49.27893,-123.12512,Entire home/apt,2,1 bath,1,$121.00,1,FALSE,TRUE,80,4.6,0,1
732395657330760159,2023-12-13,Shaughnessy,49.24952,-123.13738,Entire home/apt,4,1 bath,2,$190.00,1,FALSE,TRUE,0,NA,86,2
732672675427498948,2023-12-14,Sunset,49.229386,-123.0775235,Entire home/apt,4,1 bath,2,$66.00,2,FALSE,FALSE,52,4.75,70,6
732724971469976884,2023-12-13,Dunbar Southlands,49.24977,-123.18131,Private room,2,1.5 baths,1,$99.00,1,TRUE,FALSE,18,4.89,362,8
732862632185724337,2023-12-13,Downtown,49.27716747825826,-123.10889203101397,Entire home/apt,2,1 bath,1,$106.00,30,FALSE,FALSE,2,3,365,5
732954152878008420,2023-12-13,Dunbar Southlands,49.24926,-123.1827,Private room,2,1 private bath,2,$99.00,1,TRUE,FALSE,36,4.92,356,8
733324116431150131,2023-12-13,Mount Pleasant,49.267,-123.09922,Entire home/apt,2,1 bath,2,$160.00,30,FALSE,FALSE,4,3.5,365,1
733875379252070464,2023-12-13,Kensington-Cedar Cottage,49.24454,-123.08008,Private room,2,1 shared bath,1,$63.00,1,TRUE,TRUE,8,5,339,6
734012360650132280,2023-12-14,Downtown Eastside,49.28033,-123.10972,Entire home/apt,6,2 baths,3,$180.00,2,TRUE,TRUE,58,4.88,0,1
734175246663939697,2023-12-14,Kitsilano,49.26091,-123.1646,Entire home/apt,7,2.5 baths,4,$707.00,7,FALSE,FALSE,3,5,310,1
735257994956515880,2023-12-14,Sunset,49.226310712246,-123.09835731983183,Entire home/apt,6,2.5 baths,3,$122.00,1,FALSE,TRUE,66,4.76,123,43
735526552864576274,2023-12-13,Kitsilano,49.26354629999999,-123.1752305,Private room,2,1 private bath,1,$182.00,1,FALSE,TRUE,59,4.34,341,1
735653281054717361,2023-12-14,Kerrisdale,49.21631,-123.1547,Entire home/apt,12,4 baths,5,$379.00,1,FALSE,FALSE,19,4.42,11,3
735770656582654631,2023-12-13,Downtown,49.27538,-123.11654,Entire home/apt,2,1 bath,1,$129.00,90,TRUE,FALSE,1,5,288,11
735823523522840594,2023-12-14,Renfrew-Collingwood,49.23748,-123.05686,Entire home/apt,3,1 bath,1,$114.00,1,FALSE,FALSE,20,4.6,179,1
736116744137852547,2023-12-14,Downtown,49.27847,-123.10584,Entire home/apt,8,2 baths,2,$166.00,2,FALSE,TRUE,48,4.75,181,1
736287095414441925,2023-12-14,Downtown,49.27916,-123.10899,Entire home/apt,5,2 baths,2,$152.00,2,FALSE,TRUE,42,4.88,70,2
736513184421261276,2023-12-14,Fairview,49.26603,-123.1343,Entire home/apt,5,2 baths,2,$210.00,2,FALSE,TRUE,33,4.52,35,1
737195212012985996,2023-12-14,Downtown,49.27545,-123.12869,Entire home/apt,3,1 bath,2,$168.00,1,TRUE,FALSE,86,4.9,0,1
737198896988693233,2023-12-14,Kensington-Cedar Cottage,49.24850115389203,-123.07681383123013,Entire home/apt,4,2.5 baths,2,$250.00,3,FALSE,FALSE,0,NA,8,1
737248579538665623,2023-12-14,Downtown,49.279448,-123.107321,Entire home/apt,4,1 bath,2,$225.00,2,TRUE,FALSE,29,4.93,40,1
737592363323883499,2023-12-13,West Point Grey,49.25932563606118,-123.1962105101176,Entire home/apt,2,1.5 baths,1,$168.00,3,FALSE,FALSE,3,4.67,355,1
737615446357824990,2023-12-13,Dunbar Southlands,49.24993,-123.18261,Private room,6,1 shared bath,3,$185.00,1,TRUE,FALSE,2,4.5,364,8
738008067086336606,2023-12-13,Oakridge,49.22826,-123.13151,Private room,2,1 shared bath,1,$200.00,1,FALSE,TRUE,79,4.85,340,4
738634585577775917,2023-12-13,Arbutus Ridge,49.25575,-123.1532,Entire home/apt,9,4 baths,3,$450.00,3,FALSE,FALSE,0,NA,0,1
738783734142025415,2023-12-14,Downtown,49.27361,-123.12875,Entire home/apt,2,1 bath,1,$122.00,2,TRUE,TRUE,80,4.88,149,2
739272457003051503,2023-12-14,South Cambie,49.24255,-123.11952,Entire home/apt,7,2 baths,4,$248.00,1,TRUE,FALSE,61,4.74,265,2
739417249892469640,2023-12-14,Oakridge,49.23338,-123.11212,Private room,1,1 private bath,1,$75.00,30,TRUE,FALSE,5,5,0,5
739432357376147751,2023-12-14,West End,49.28198,-123.12592,Entire home/apt,2,1 bath,1,$231.00,3,TRUE,FALSE,54,4.93,0,1
739849030750706921,2023-12-14,Downtown,49.2792118,-123.1214803,Entire home/apt,4,1 bath,1,$166.00,1,TRUE,FALSE,27,4.96,0,1
739998589335684219,2023-12-14,Downtown,49.27726467063547,-123.13072934532636,Entire home/apt,4,2 baths,2,$176.00,1,FALSE,FALSE,61,4.6,0,9
740020164783060026,2023-12-13,Hastings-Sunrise,49.27852541529001,-123.04481877189562,Entire home/apt,2,1 bath,1,$80.00,7,FALSE,FALSE,2,5,153,2
740073787325078758,2023-12-14,Shaughnessy,49.2569327,-123.1477243,Entire home/apt,8,3 baths,4,$325.00,1,TRUE,FALSE,62,4.9,0,6
740101721986585017,2023-12-13,Mount Pleasant,49.25868,-123.11148,Private room,2,1 private bath,1,$63.00,30,FALSE,TRUE,1,1,365,10
740166355594264154,2023-12-13,Downtown,49.27485,-123.1165,Entire home/apt,5,1 bath,3,$327.00,30,FALSE,TRUE,4,4.5,130,1
740172917622193648,2023-12-14,Marpole,49.21139,-123.14682,Private room,2,1 private bath,1,$119.00,30,TRUE,FALSE,1,5,0,3
740546407181945382,2023-12-14,Fairview,49.26606,-123.1293,Entire home/apt,6,3 baths,3,$914.00,5,TRUE,FALSE,8,5,281,1
740548796897674591,2023-12-14,Downtown,49.2796404,-123.1088566,Entire home/apt,6,2 baths,3,$243.00,2,TRUE,TRUE,41,4.93,0,1
740682530144853459,2023-12-14,Downtown,49.28068767032308,-123.11875551939012,Entire home/apt,4,2 baths,2,$249.00,50,FALSE,FALSE,0,NA,195,1
740868700110727991,2023-12-14,West End,49.2916751,-123.1332321,Entire home/apt,2,1 bath,1,NA,6,FALSE,FALSE,1,5,0,2
741328305267162847,2023-12-13,Downtown,49.27228179999999,-123.1201794,Entire home/apt,2,1 bath,1,$118.00,90,FALSE,FALSE,1,4,194,42
741385633936799901,2023-12-13,Oakridge,49.23198,-123.11403,Entire home/apt,3,1 bath,1,$135.00,2,TRUE,TRUE,36,4.83,26,2
741441224052488498,2023-12-14,Kensington-Cedar Cottage,49.24503,-123.06252,Entire home/apt,6,2 baths,3,$179.00,2,TRUE,FALSE,51,4.87,0,3
741664982624452404,2023-12-14,Downtown Eastside,49.27777336912551,-123.0987995490432,Entire home/apt,4,1 bath,2,$152.00,30,FALSE,FALSE,0,NA,363,1
742184596102624979,2023-12-13,Victoria-Fraserview,49.218623092912,-123.0766947939992,Private room,2,1 shared bath,1,$85.00,30,TRUE,FALSE,0,NA,55,8
742269601495625821,2023-12-13,Sunset,49.2195,-123.07763,Private room,2,1 shared bath,1,$221.00,30,TRUE,FALSE,2,5,90,8
742300046761469460,2023-12-14,Dunbar Southlands,49.24964,-123.18106,Private room,3,1 private bath,1,$116.00,1,TRUE,FALSE,15,4.75,0,8
742690048908547357,2023-12-13,Dunbar Southlands,49.24759,-123.18202,Private room,2,1.5 baths,1,$99.00,1,TRUE,FALSE,32,4.91,365,8
742928319539280855,2023-12-14,Kensington-Cedar Cottage,49.25246,-123.07771,Private room,2,1 private bath,1,NA,1,TRUE,FALSE,5,4.6,0,3
743417639065038420,2023-12-14,Victoria-Fraserview,49.21858,-123.067,Entire home/apt,2,1 bath,1,$120.00,30,FALSE,FALSE,0,NA,364,1
743771041491200089,2023-12-13,Kitsilano,49.27226719999999,-123.1510734,Entire home/apt,4,1 bath,2,$150.00,2,TRUE,FALSE,53,4.79,12,1
743816921841655608,2023-12-14,Grandview-Woodland,49.27041,-123.0718,Entire home/apt,4,1 bath,2,$200.00,2,TRUE,FALSE,48,4.83,100,1
744500183472232340,2023-12-14,Arbutus Ridge,49.24201,-123.16191,Entire home/apt,10,2 baths,6,$292.00,1,TRUE,FALSE,87,4.9,271,3
744903848020402503,2023-12-14,Downtown,49.27787,-123.11122,Entire home/apt,4,1 bath,2,$200.00,31,FALSE,FALSE,0,NA,88,38
744917322926234533,2023-12-14,West End,49.28438,-123.1353,Entire home/apt,4,1 bath,2,$290.00,31,FALSE,FALSE,1,3,54,38
744951202576881853,2023-12-14,Downtown,49.27742,-123.12774,Entire home/apt,2,1 bath,1,$240.00,31,FALSE,FALSE,0,NA,88,38
744958822599311484,2023-12-14,West End,49.28631,-123.13794,Entire home/apt,2,1 bath,1,$210.00,31,FALSE,FALSE,1,5,34,38
744961251977035854,2023-12-13,Kitsilano,49.26135,-123.14959,Entire home/apt,2,1 bath,1,$182.00,2,TRUE,TRUE,30,4.97,361,1
744968058929774671,2023-12-14,West End,49.28628,-123.13793,Entire home/apt,2,1 bath,1,$210.00,31,FALSE,FALSE,0,NA,0,38
744976201908379359,2023-12-14,West End,49.28612,-123.13754,Entire home/apt,4,1 bath,2,$320.00,31,FALSE,FALSE,0,NA,88,38
744985193711529045,2023-12-14,West End,49.28656,-123.13965,Entire home/apt,4,1 bath,2,$272.00,31,FALSE,FALSE,0,NA,0,38
744989565405219756,2023-12-14,Downtown,49.2745482,-123.127821,Entire home/apt,2,1 bath,1,$158.00,3,TRUE,FALSE,15,4.94,0,1
744990487628780430,2023-12-14,West End,49.28493,-123.13923,Entire home/apt,4,1 bath,2,$320.00,31,FALSE,FALSE,0,NA,88,38
744995930775371522,2023-12-14,West End,49.28593,-123.13764,Entire home/apt,4,1 bath,2,$320.00,31,FALSE,FALSE,0,NA,88,38
745001184067765277,2023-12-14,West End,49.28668,-123.13911,Entire home/apt,2,1 bath,1,$213.00,31,FALSE,FALSE,0,NA,88,38
745025767777116821,2023-12-14,Downtown,49.27742333666943,-123.11767685300975,Entire home/apt,5,1.5 baths,2,$623.00,1,FALSE,FALSE,0,NA,269,1
745026769743964837,2023-12-14,Grandview-Woodland,49.27169,-123.06419,Entire home/apt,7,2 baths,4,$218.00,31,TRUE,FALSE,2,5,225,1
745193740061440286,2023-12-14,West Point Grey,49.26279,-123.2041,Shared room,3,1 shared bath,3,$50.00,31,FALSE,FALSE,0,NA,333,1
745467549855623983,2023-12-14,West End,49.28626,-123.13759,Entire home/apt,2,1 bath,1,$213.00,31,FALSE,FALSE,0,NA,72,38
745478900261325395,2023-12-14,West End,49.28636,-123.13941,Entire home/apt,2,1 bath,1,$213.00,31,FALSE,FALSE,0,NA,88,38
745488110380226293,2023-12-14,West End,49.28598,-123.13963,Entire home/apt,2,1 bath,1,$213.00,31,FALSE,FALSE,0,NA,88,38
745497577559791002,2023-12-14,West End,49.28634,-123.13945,Entire home/apt,2,1 bath,1,$213.00,31,FALSE,FALSE,0,NA,56,38
745522009945304437,2023-12-14,West End,49.28485,-123.13942,Entire home/apt,2,1 bath,1,$213.00,31,FALSE,FALSE,0,NA,82,38
745524390513431446,2023-12-14,Kensington-Cedar Cottage,49.2369961,-123.0710575,Entire home/apt,8,2.5 baths,6,$380.00,2,FALSE,FALSE,6,4.67,348,2
745527557166087210,2023-12-14,West End,49.28495,-123.13754,Entire home/apt,2,1 bath,1,$213.00,31,FALSE,FALSE,0,NA,54,38
745533355312770289,2023-12-14,West End,49.28647,-123.13776,Entire home/apt,2,1 bath,1,$213.00,31,FALSE,FALSE,0,NA,0,38
745542398112317252,2023-12-14,West End,49.28635,-123.13877,Entire home/apt,2,1 bath,1,$210.00,31,FALSE,FALSE,1,5,69,38
745550740981415650,2023-12-14,Kensington-Cedar Cottage,49.2391,-123.08911,Entire home/apt,4,1 bath,2,$162.00,2,FALSE,FALSE,3,5,77,1
745551111952125078,2023-12-14,West End,49.28647,-123.13773,Entire home/apt,2,1 bath,1,$210.00,31,FALSE,FALSE,0,NA,0,38
745558823564456340,2023-12-14,West End,49.28457,-123.13894,Entire home/apt,2,1 bath,1,$213.00,31,FALSE,FALSE,0,NA,48,38
745689118912291772,2023-12-13,Kitsilano,49.2671,-123.15752,Entire home/apt,2,1 bath,1,$118.00,30,FALSE,TRUE,0,NA,333,1
745735919084788615,2023-12-14,Downtown,49.2792118,-123.1214803,Entire home/apt,2,1 bath,1,$150.00,30,TRUE,FALSE,2,5,233,1
745756457728595662,2023-12-14,Downtown,49.28088,-123.12415,Entire home/apt,3,1 bath,2,$350.00,30,TRUE,FALSE,0,NA,112,2
746481347508197842,2023-12-13,Dunbar Southlands,49.2539799,-123.1793229,Entire home/apt,2,1 bath,1,$145.00,7,FALSE,FALSE,20,4.65,281,2
746517158563361878,2023-12-13,Hastings-Sunrise,49.28323,-123.0501,Entire home/apt,2,1 bath,1,$135.00,4,TRUE,FALSE,35,4.91,81,1
746649224479313723,2023-12-14,Downtown,49.28751,-123.11652,Entire home/apt,3,1 bath,1,"$1,449.00",5,FALSE,FALSE,0,NA,364,30
747022138292809408,2023-12-13,Strathcona,49.269785229393975,-123.10053143086964,Entire home/apt,2,1 bath,1,$103.00,1,FALSE,TRUE,35,4.89,330,134
747100539193960417,2023-12-14,Downtown Eastside,49.28031,-123.10536,Entire home/apt,4,1 bath,2,$371.00,1,TRUE,TRUE,17,4.88,355,1
747156256633418043,2023-12-14,Downtown,49.2788408,-123.107399,Entire home/apt,2,1 bath,2,$200.00,2,FALSE,FALSE,17,4.65,355,1
747187070772724339,2023-12-14,Kitsilano,49.26982,-123.18107,Shared room,1,1 shared bath,2,$55.00,31,FALSE,FALSE,2,4.5,364,7
747187671492658575,2023-12-14,Kitsilano,49.2677,-123.18027,Shared room,1,1 shared bath,1,$70.00,31,FALSE,FALSE,0,NA,364,7
747755277066169099,2023-12-14,Downtown,49.278,-123.10719,Entire home/apt,6,2 baths,2,$109.00,1,FALSE,TRUE,66,4.84,0,134
747793627980294129,2023-12-14,Shaughnessy,49.234800616318026,-123.14031603745772,Private room,8,3 baths,4,NA,1,FALSE,TRUE,0,NA,0,1
747829628631559482,2023-12-14,West End,49.27753,-123.13516,Entire home/apt,4,1.5 baths,2,$170.00,30,TRUE,FALSE,1,5,269,37
748524351823698628,2023-12-14,Downtown,49.279211726687706,-123.12148030847312,Entire home/apt,4,1 bath,2,$112.00,1,FALSE,FALSE,71,4.31,125,43
748541866716038275,2023-12-14,Victoria-Fraserview,49.21289,-123.06021,Entire home/apt,4,1.5 baths,2,$130.00,2,TRUE,FALSE,18,4.72,89,2
748601805740298369,2023-12-13,Riley Park,49.24825,-123.09672,Entire home/apt,7,2 baths,3,$160.00,5,FALSE,FALSE,0,NA,82,1
748993882666940231,2023-12-14,Downtown,49.28045,-123.11069,Entire home/apt,5,1 bath,3,$271.00,3,TRUE,FALSE,65,4.77,31,1
749164389494033357,2023-12-14,Fairview,49.27013,-123.13507,Entire home/apt,3,1 bath,2,$385.00,30,FALSE,FALSE,0,NA,364,1
749265621049306621,2023-12-14,Downtown,49.27735,-123.12876,Entire home/apt,4,2.5 baths,2,$200.00,30,FALSE,FALSE,3,5,159,1
749294924923342764,2023-12-13,Hastings-Sunrise,49.2849837,-123.0275133,Entire home/apt,2,1 bath,1,$85.00,30,FALSE,FALSE,3,4.67,218,1
749336129773107325,2023-12-14,Downtown,49.28983,-123.11723,Entire home/apt,5,2 baths,3,"$2,000.00",2,FALSE,FALSE,0,NA,364,30
749363500285804913,2023-12-14,Kerrisdale,49.23099,-123.16156,Private room,2,2 shared baths,1,$60.00,1,TRUE,FALSE,76,4.9,0,4
749463145258836431,2023-12-14,Marpole,49.21157,-123.14541,Private room,2,1 shared bath,1,$89.00,30,TRUE,FALSE,8,4.75,0,3
749467839685420293,2023-12-13,Mount Pleasant,49.2595822,-123.0924196,Entire home/apt,2,1 bath,1,$118.00,30,TRUE,TRUE,8,5,111,3
749485983333805437,2023-12-14,Marpole,49.21174,-123.14651,Private room,2,1 shared bath,1,$89.00,30,TRUE,FALSE,4,5,0,3
749547956286953697,2023-12-14,Downtown,49.2817756,-123.1239209,Entire home/apt,2,1 bath,1,$144.00,30,FALSE,TRUE,3,5,323,1
749558359977837653,2023-12-13,Downtown,49.29434,-123.13418,Entire home/apt,4,1 bath,1,$130.00,30,FALSE,TRUE,1,5,365,12
749558579530757304,2023-12-13,West End,49.29253,-123.13437,Entire home/apt,3,1 bath,2,$130.00,30,FALSE,FALSE,2,5,272,12
749710220230060023,2023-12-14,West End,49.28517,-123.12425,Entire home/apt,3,1 bath,1,$125.00,2,FALSE,FALSE,6,4.67,150,1
749925573670595678,2023-12-14,Dunbar Southlands,49.24921,-123.18242,Private room,4,1 shared bath,2,$102.00,1,TRUE,FALSE,17,4.78,0,8
749950638711456301,2023-12-13,Kerrisdale,49.23287,-123.16151,Private room,2,2 shared baths,1,$71.00,1,TRUE,FALSE,83,4.92,37,4
750063404491358773,2023-12-14,Fairview,49.26772,-123.13623,Entire home/apt,4,1 bath,1,$133.00,30,FALSE,FALSE,1,5,153,1
750101062724820483,2023-12-13,Downtown,49.27582,-123.11418,Entire home/apt,6,2 baths,3,$500.00,31,FALSE,FALSE,1,5,365,1
750296793958003198,2023-12-13,Grandview-Woodland,49.27251,-123.07118,Entire home/apt,2,1 bath,1,$125.00,3,TRUE,FALSE,3,5,8,2
750386879949124103,2023-12-13,Mount Pleasant,49.25866,-123.11309,Private room,2,1 private bath,1,$63.00,30,FALSE,TRUE,0,NA,365,10
750394758628177930,2023-12-13,Mount Pleasant,49.25991,-123.11321,Private room,2,1 private bath,2,$64.00,30,FALSE,TRUE,0,NA,365,10
750431639233118989,2023-12-13,Mount Pleasant,49.26012,-123.11337,Private room,1,1 private bath,1,$59.00,30,FALSE,TRUE,0,NA,365,10
750441180985884681,2023-12-13,Mount Pleasant,49.25858,-123.1115,Private room,2,1 private bath,1,$55.00,30,FALSE,TRUE,0,NA,365,10
750809889952292332,2023-12-14,Victoria-Fraserview,49.221041347900375,-123.07072343224851,Entire home/apt,4,1 bath,3,$150.00,4,TRUE,FALSE,6,4.83,175,2
750819793969184016,2023-12-13,Kitsilano,49.2684061,-123.155338,Entire home/apt,4,1 bath,2,$140.00,30,TRUE,FALSE,4,5,183,1
750831473124850754,2023-12-14,Grandview-Woodland,49.28074,-123.06238,Entire home/apt,2,2 baths,1,$113.00,30,FALSE,FALSE,1,5,0,1
751027759429899812,2023-12-14,Kensington-Cedar Cottage,49.25227,-123.06826,Entire home/apt,3,1 bath,1,$74.00,3,TRUE,FALSE,44,4.91,0,1
751172685301036005,2023-12-13,Mount Pleasant,49.25853,-123.11269,Private room,1,1 private bath,1,$63.00,30,FALSE,TRUE,0,NA,365,10
751189910882177125,2023-12-13,Mount Pleasant,49.25875,-123.11292,Private room,2,1 private bath,1,$55.00,30,FALSE,TRUE,0,NA,365,10
751408343328701645,2023-12-14,West End,49.28426,-123.12478,Entire home/apt,2,1 bath,1,$310.00,30,NA,TRUE,5,5,0,3
751423757365207825,2023-12-13,Downtown Eastside,49.2819096,-123.0899554,Entire home/apt,8,2 baths,4,$146.00,1,TRUE,TRUE,44,4.89,221,1
751742278545937316,2023-12-14,Kitsilano,49.26631,-123.16803,Entire home/apt,3,1 bath,2,$125.00,30,TRUE,FALSE,6,5,41,1
751818339220226361,2023-12-13,Downtown,49.27649,-123.12142,Entire home/apt,4,2 baths,2,$179.00,30,FALSE,FALSE,0,NA,365,1
751987249402655115,2023-12-14,Mount Pleasant,49.2631743,-123.0877471,Entire home/apt,4,1 bath,3,$150.00,4,FALSE,FALSE,0,NA,0,1
752929133702113082,2023-12-14,Kerrisdale,49.2153,-123.15493,Entire home/apt,4,2 baths,4,$150.00,1,FALSE,FALSE,10,4.5,8,3
752968877501016387,2023-12-14,Kitsilano,49.27281,-123.14891,Entire home/apt,3,1 bath,2,$195.00,3,TRUE,FALSE,42,4.88,0,1
752970831202875188,2023-12-13,Mount Pleasant,49.2695,-123.10201,Entire home/apt,3,1 bath,1,$123.00,1,FALSE,TRUE,33,4.88,309,134
753111769380027991,2023-12-13,Downtown,49.27521,-123.127,Entire home/apt,2,1 bath,1,$119.00,2,TRUE,TRUE,38,4.89,169,1
753158627900905049,2023-12-14,West End,49.28145247840726,-123.13517703280418,Entire home/apt,2,1 bath,2,$90.00,90,FALSE,TRUE,2,5,82,1
753780999741605489,2023-12-14,Downtown,49.27484,-123.1287,Entire home/apt,6,2 baths,3,$424.00,1,TRUE,FALSE,71,4.79,165,4
753809687233713202,2023-12-14,Kerrisdale,49.2221,-123.15776,Entire home/apt,6,2.5 baths,4,$393.00,30,TRUE,TRUE,0,NA,108,2
753947527279759717,2023-12-14,Downtown,49.27766,-123.12871,Entire home/apt,3,1 bath,2,$163.00,3,FALSE,FALSE,27,5,24,1
754269133259938444,2023-12-14,Grandview-Woodland,49.27199,-123.06704,Entire home/apt,2,1 bath,1,NA,30,TRUE,TRUE,8,5,0,1
754278773699646795,2023-12-14,Mount Pleasant,49.2688915,-123.1012099,Entire home/apt,4,1 bath,2,$146.00,2,TRUE,FALSE,47,4.88,0,1
754337838073783395,2023-12-13,Sunset,49.2156,-123.09924,Private room,2,1 private bath,1,$86.00,2,TRUE,FALSE,78,4.79,344,1
754400122144493844,2023-12-14,Dunbar Southlands,49.2306515,-123.1844412,Entire home/apt,10,2.5 baths,5,NA,30,FALSE,TRUE,29,4.66,0,1
754474494838555627,2023-12-13,Mount Pleasant,49.2621141,-123.0995228,Entire home/apt,3,1 bath,1,$105.00,30,FALSE,TRUE,4,4.75,128,43
754645771023055367,2023-12-14,Downtown,49.27817,-123.12811,Entire home/apt,2,1 bath,1,$93.00,30,TRUE,FALSE,2,5,0,2
754652046997956433,2023-12-13,Arbutus Ridge,49.2555,-123.15815,Entire home/apt,4,1 bath,2,$120.00,30,TRUE,FALSE,24,4.83,230,1
754817782255139085,2023-12-13,Mount Pleasant,49.27059,-123.10886,Entire home/apt,2,1 bath,1,$128.00,2,TRUE,TRUE,61,4.95,322,1
755102000381947610,2023-12-13,Shaughnessy,49.23494,-123.12967,Private room,2,1 private bath,NA,$64.00,30,FALSE,FALSE,9,4.22,365,10
755118462121567029,2023-12-13,Shaughnessy,49.23627,-123.1315,Private room,4,1 private bath,3,$92.00,30,FALSE,FALSE,3,3.67,361,10
755163507092227898,2023-12-14,Kensington-Cedar Cottage,49.24344439999999,-123.0798252,Entire home/apt,11,3 baths,5,$422.00,1,TRUE,TRUE,0,NA,276,6
755244922233660089,2023-12-14,Downtown,49.2787669,-123.1164824,Entire home/apt,6,1 bath,3,$220.00,30,FALSE,FALSE,0,NA,364,1
755395257603988261,2023-12-14,Downtown,49.27965,-123.12071,Entire home/apt,2,1 bath,1,$100.00,30,FALSE,FALSE,4,4.75,149,1
755513219589945549,2023-12-13,Kensington-Cedar Cottage,49.24344439999999,-123.0798252,Private room,2,1 shared bath,1,$63.00,1,TRUE,TRUE,3,5,304,6
755514437529904983,2023-12-13,Kensington-Cedar Cottage,49.2424,-123.07885,Private room,3,1 private bath,2,$87.00,1,TRUE,TRUE,7,4.86,335,6
755885807689048946,2023-12-14,Downtown,49.27293,-123.12593,Entire home/apt,5,2 baths,3,$399.00,28,FALSE,FALSE,0,NA,364,1
755892179689281162,2023-12-14,Kerrisdale,49.23088,-123.1628,Private room,2,2 shared baths,1,$76.00,1,TRUE,TRUE,61,4.92,0,4
755903457080295553,2023-12-13,Marpole,49.21743,-123.13676,Private room,12,3.5 baths,7,"$1,437.00",3,FALSE,FALSE,0,NA,358,2
755916944893858507,2023-12-13,Grandview-Woodland,49.26774590831524,-123.06795275255465,Entire home/apt,2,1 bath,1,$116.00,2,TRUE,FALSE,65,4.91,114,1
755921598792885202,2023-12-13,Mount Pleasant,49.26918,-123.11403,Entire home/apt,6,2 baths,3,$150.00,30,TRUE,FALSE,5,5,99,3
756136220248915181,2023-12-14,Downtown,49.2805,-123.10842,Entire home/apt,6,2 baths,3,$213.00,1,TRUE,TRUE,79,4.9,243,1
756658783388819997,2023-12-13,Kitsilano,49.27484,-123.15012,Entire home/apt,3,1 bath,2,$185.00,3,TRUE,FALSE,44,4.86,176,1
756696096943594580,2023-12-14,Downtown,49.27785,-123.10748,Entire home/apt,6,2 baths,3,$174.00,2,FALSE,FALSE,50,4.7,71,1
756733561202282784,2023-12-14,Dunbar Southlands,49.23185,-123.19026,Entire home/apt,8,3 baths,4,$513.00,1,FALSE,TRUE,13,4.69,93,1
756871298880801904,2023-12-14,Downtown Eastside,49.27706,-123.10042,Entire home/apt,4,1 bath,1,$184.00,1,FALSE,FALSE,4,4.8,0,1
757304615588117949,2023-12-14,Grandview-Woodland,49.26546,-123.06801,Entire home/apt,4,1 bath,2,$150.00,2,TRUE,FALSE,48,4.88,0,1
757396269753676254,2023-12-14,Downtown,49.27949,-123.10868,Entire home/apt,6,2 baths,3,$174.00,2,TRUE,FALSE,51,4.8,71,1
757429830415010252,2023-12-14,Downtown,49.27867029479776,-123.10997584777525,Entire home/apt,6,2 baths,3,$267.00,1,FALSE,FALSE,9,5,342,6
757438711448217822,2023-12-14,Downtown,49.28058,-123.11,Entire home/apt,6,2 baths,5,$256.00,1,FALSE,TRUE,18,4.94,328,6
757439896605002960,2023-12-14,Downtown,49.27912329682261,-123.10623675037137,Entire home/apt,6,2 baths,3,$286.00,1,FALSE,TRUE,8,5,340,6
757441406060820362,2023-12-14,Downtown Eastside,49.28084318453704,-123.10848586801649,Entire home/apt,6,2 baths,4,$289.00,1,FALSE,FALSE,25,5,337,6
757449802346817159,2023-12-14,Downtown,49.28779,-123.1248,Entire home/apt,5,2.5 baths,4,$332.00,1,FALSE,TRUE,0,NA,348,6
757483779467658590,2023-12-14,Downtown,49.2798289474608,-123.10694676700832,Entire home/apt,6,2 baths,4,$270.00,1,FALSE,TRUE,27,5,321,6
757583943098918265,2023-12-13,Renfrew-Collingwood,49.25016640898646,-123.03415059256646,Entire home/apt,4,1 bath,2,$131.00,1,FALSE,TRUE,43,4.77,135,1
757607165235290838,2023-12-14,Downtown Eastside,49.28065,-123.10889,Entire home/apt,4,1 bath,2,$141.00,2,TRUE,TRUE,67,4.82,0,2
758272531406854720,2023-12-14,Downtown,49.28951,-123.12555,Entire home/apt,6,2 baths,3,$686.00,10,FALSE,FALSE,0,NA,364,30
758955165975667721,2023-12-14,Dunbar Southlands,49.24176,-123.17875,Entire home/apt,2,1 bath,1,$110.00,30,FALSE,FALSE,0,NA,89,1
758959053155875338,2023-12-14,Downtown Eastside,49.27843,-123.10064,Entire home/apt,6,2 baths,3,$320.00,1,FALSE,TRUE,26,4.54,348,1
759158663173702416,2023-12-14,Kensington-Cedar Cottage,49.26013,-123.06621,Entire home/apt,8,2 baths,4,$350.00,3,TRUE,TRUE,9,4.78,4,2
759391143392781156,2023-12-14,Renfrew-Collingwood,49.23787,-123.03043,Entire home/apt,2,1 bath,1,$105.00,30,FALSE,FALSE,3,4.67,179,1
759477268573006062,2023-12-13,Kensington-Cedar Cottage,49.25666,-123.06521,Entire home/apt,2,1 bath,1,$200.00,4,FALSE,TRUE,10,4.8,218,1
759581402248506780,2023-12-14,West End,49.27695,-123.13366,Entire home/apt,5,2 baths,2,$200.00,2,FALSE,FALSE,48,4.6,4,1
759718085882883202,2023-12-13,Downtown,49.2749,-123.12689,Entire home/apt,3,1 bath,1,$168.00,2,FALSE,TRUE,10,4.9,64,1
759767492489743203,2023-12-14,Downtown,49.27591,-123.12616,Entire home/apt,4,1 bath,2,$156.00,2,TRUE,FALSE,54,4.87,79,1
760110011548479326,2023-12-14,Sunset,49.21924,-123.10278,Entire home/apt,4,1 bath,2,$89.00,30,FALSE,FALSE,6,4.67,91,1
760143301409977262,2023-12-14,Kensington-Cedar Cottage,49.25977,-123.06622,Entire home/apt,6,2 baths,3,NA,2,TRUE,TRUE,0,NA,0,2
760162583000498021,2023-12-14,Downtown,49.27982,-123.10658,Entire home/apt,4,1 bath,2,$176.00,2,TRUE,FALSE,56,4.79,158,1
760165905644551122,2023-12-14,Downtown Eastside,49.28159778148671,-123.09842820477095,Entire home/apt,4,1 bath,2,$110.00,1,TRUE,TRUE,36,4.81,0,1
760425362189042292,2023-12-14,Hastings-Sunrise,49.26353,-123.05137,Private room,2,1.5 baths,1,NA,30,TRUE,FALSE,1,5,0,3
760472048315319026,2023-12-13,West Point Grey,49.25967,-123.21482,Entire home/apt,8,2 baths,3,$700.00,2,TRUE,FALSE,21,4.9,287,1
760887066170611306,2023-12-13,Kitsilano,49.27115,-123.14639,Entire home/apt,2,1 bath,1,$107.00,30,FALSE,TRUE,4,5,356,134
760956793737112791,2023-12-14,West End,49.28931109013771,-123.12883551507171,Private room,2,1 private bath,1,$160.00,1,FALSE,FALSE,26,4.7,0,1
761040236853281303,2023-12-14,Riley Park,49.23411,-123.10403,Entire home/apt,8,4 baths,4,$326.00,4,TRUE,FALSE,40,4.76,0,1
761050131871302034,2023-12-14,West End,49.2913283517079,-123.1391709276474,Entire home/apt,4,1 bath,2,$85.00,30,TRUE,FALSE,4,4.75,302,1
761612458940570654,2023-12-14,West End,49.27739,-123.13535,Entire home/apt,4,1.5 baths,2,$170.00,30,TRUE,FALSE,3,4.67,178,37
761655253441074918,2023-12-14,Kensington-Cedar Cottage,49.25654,-123.07529,Entire home/apt,4,1 bath,2,$67.00,30,TRUE,FALSE,1,2,66,37
761701361242156284,2023-12-14,Downtown,49.2749061,-123.1310278,Entire home/apt,2,1 bath,1,$125.00,30,FALSE,FALSE,4,4.75,170,42
762269555352822097,2023-12-14,Downtown,49.27318,-123.12679,Entire home/apt,2,1 bath,1,$160.00,28,FALSE,TRUE,1,1,364,1
762337352924239148,2023-12-14,Downtown Eastside,49.27858,-123.098,Entire home/apt,3,1 bath,2,$82.00,30,TRUE,FALSE,3,5,346,1
762391373309595914,2023-12-14,Downtown,49.27475,-123.12872,Entire home/apt,4,1 bath,2,$130.00,2,TRUE,FALSE,54,4.82,0,1
762414755931963132,2023-12-14,Downtown Eastside,49.27907135555238,-123.09970804657884,Entire home/apt,4,1 bath,2,$85.00,1,TRUE,TRUE,65,4.94,56,1
762488884809510934,2023-12-13,Marpole,49.2152048,-123.1364423,Entire home/apt,4,1 bath,3,$133.00,30,FALSE,TRUE,4,4.75,121,43
763015621951200843,2023-12-14,West End,49.28259,-123.12597,Entire home/apt,4,1 bath,3,$106.00,30,FALSE,FALSE,0,NA,80,6
763209165288842160,2023-12-14,Riley Park,49.25318,-123.09006,Shared room,1,1 shared bath,1,$135.00,1,FALSE,FALSE,7,3.86,364,19
763288277631579082,2023-12-14,Downtown,49.2771445,-123.1245855,Entire home/apt,3,1 bath,1,$131.00,30,FALSE,FALSE,0,NA,61,1
763771104970141112,2023-12-13,Mount Pleasant,49.26003,-123.0785,Private room,2,1 shared bath,1,$41.00,1,FALSE,TRUE,3,3,365,19
764443008812380227,2023-12-14,Kitsilano,49.2581,-123.14762,Entire home/apt,5,1 bath,3,$131.00,5,TRUE,FALSE,67,4.91,0,3
764502518233543444,2023-12-14,Downtown,49.27775,-123.10817,Entire home/apt,6,2 baths,4,$332.00,1,FALSE,FALSE,62,4.55,14,1
764819264836224906,2023-12-14,Riley Park,49.23787,-123.10145,Entire home/apt,2,1 bath,1,$250.00,2,FALSE,FALSE,9,4.56,62,1
764837154875318576,2023-12-14,Fairview,49.26444,-123.12944,Entire home/apt,2,1 bath,2,NA,30,FALSE,FALSE,1,5,0,1
765066782982324911,2023-12-13,Downtown,49.27382,-123.11622,Entire home/apt,2,1 bath,1,$140.00,30,TRUE,FALSE,1,5,149,1
765210232672973577,2023-12-14,Marpole,49.21618,-123.11688,Entire home/apt,7,2.5 baths,3,NA,3,FALSE,FALSE,2,5,0,1
765214911139064245,2023-12-14,Renfrew-Collingwood,49.23948,-123.05672,Private room,8,1 private bath,4,$239.00,1,FALSE,FALSE,3,2.67,89,1
765244975297761610,2023-12-13,Mount Pleasant,49.2696151,-123.1080414,Entire home/apt,2,1 bath,1,$115.00,30,FALSE,FALSE,0,NA,182,42
765276367137145965,2023-12-13,Downtown Eastside,49.2764484,-123.0994338,Entire home/apt,5,1 bath,2,$550.00,2,FALSE,TRUE,14,4.86,345,3
765299972595687525,2023-12-14,Mount Pleasant,49.2646725,-123.0979372,Entire home/apt,2,3 baths,1,NA,3,FALSE,FALSE,1,5,0,1
765333797111079962,2023-12-14,Downtown,49.28219,-123.12406,Entire home/apt,4,1 bath,2,$257.00,3,TRUE,FALSE,55,5,269,1
765561051438168476,2023-12-14,Arbutus Ridge,49.25453,-123.16994,Entire home/apt,6,1 bath,4,$172.00,1,TRUE,TRUE,45,4.83,0,1
765602101347249126,2023-12-14,Renfrew-Collingwood,49.23955,-123.04397,Entire home/apt,2,1 bath,1,$150.00,1,TRUE,FALSE,7,4.86,354,2
765779758914382391,2023-12-13,Marpole,49.20946,-123.14681,Private room,2,2 shared baths,1,$130.00,1,FALSE,FALSE,3,5,362,1
765954895505819490,2023-12-14,West End,49.29169,-123.13299,Entire home/apt,2,1 bath,1,$135.00,30,TRUE,FALSE,0,NA,220,37
765956899896430102,2023-12-14,West End,49.27888,-123.13719,Entire home/apt,2,1 bath,1,$145.00,30,TRUE,FALSE,6,4.33,269,37
766837967900868487,2023-12-14,Downtown,49.27881,-123.10692,Entire home/apt,2,1 bath,2,$315.00,30,FALSE,TRUE,1,4,76,10
766856673512237484,2023-12-14,Oakridge,49.22038,-123.11824,Entire home/apt,2,1 bath,1,$120.00,30,TRUE,FALSE,5,4.8,131,1
766977627250888021,2023-12-14,Shaughnessy,49.23569,-123.15089,Entire home/apt,5,1 bath,3,$138.00,1,FALSE,FALSE,0,NA,173,3
767338748857682708,2023-12-13,Mount Pleasant,49.26942,-123.1014,Entire home/apt,2,1 bath,1,$128.00,2,TRUE,FALSE,58,4.9,11,1
767427832789020233,2023-12-14,Downtown,49.27805,-123.10679,Entire home/apt,6,2 baths,3,$173.00,2,TRUE,FALSE,56,4.81,0,1
767518831556485268,2023-12-14,Downtown,49.28723,-123.12439,Private room,1,1 private bath,1,NA,20,FALSE,FALSE,0,NA,0,1
767706411013060405,2023-12-14,Downtown,49.2792118,-123.1214803,Entire home/apt,3,1 bath,3,$145.00,2,TRUE,FALSE,26,4.77,143,1
767931870056495476,2023-12-13,Downtown,49.2769,-123.11823,Entire home/apt,4,1 bath,2,$115.00,30,FALSE,TRUE,2,4.5,58,1
768161191646426632,2023-12-14,Downtown Eastside,49.28035,-123.10905,Entire home/apt,3,1 bath,2,$86.00,2,TRUE,FALSE,93,4.87,41,4
768246743651216717,2023-12-13,Renfrew-Collingwood,49.25333,-123.05619,Entire home/apt,1,1 bath,2,$109.00,30,TRUE,TRUE,0,NA,90,4
768256896387150928,2023-12-13,Renfrew-Collingwood,49.25414,-123.05595,Entire home/apt,2,1 bath,2,$123.00,30,TRUE,TRUE,0,NA,90,4
768397756488891372,2023-12-14,Riley Park,49.24004567286597,-123.10243095158285,Entire home/apt,5,2 baths,3,$272.00,28,FALSE,FALSE,0,NA,119,1
768398127667812806,2023-12-13,Riley Park,49.2548729,-123.1044101,Entire home/apt,2,1 bath,1,$130.00,3,TRUE,FALSE,44,4.77,311,1
768787105434316872,2023-12-14,Oakridge,49.23291,-123.13065,Entire home/apt,10,4.5 baths,5,$680.00,1,FALSE,TRUE,22,4.82,248,1
768889514013265639,2023-12-14,Downtown Eastside,49.2782153,-123.0992978,Entire home/apt,3,1 bath,1,$896.00,3,TRUE,FALSE,19,5,45,1
768981690558155419,2023-12-14,Kensington-Cedar Cottage,49.25634,-123.07715,Entire home/apt,4,1 bath,2,$87.00,30,TRUE,FALSE,3,4.67,77,37
769042162393907036,2023-12-14,Dunbar Southlands,49.25622,-123.18689,Entire home/apt,10,4.5 baths,5,$249.00,1,FALSE,TRUE,54,4.54,0,1
769863327526995636,2023-12-13,Oakridge,49.22140757087557,-123.12242390071862,Private room,1,1.5 shared baths,1,$49.00,30,TRUE,TRUE,2,5,362,1
769926196104218077,2023-12-14,Kensington-Cedar Cottage,49.23462,-123.05973,Entire home/apt,15,4 baths,7,$745.00,2,FALSE,FALSE,14,4.07,151,3
770037437586709007,2023-12-14,Downtown,49.2796404,-123.1088566,Entire home/apt,6,2 baths,3,$218.00,3,TRUE,TRUE,40,4.78,136,21
770274256101277325,2023-12-13,Mount Pleasant,49.27165,-123.10641,Entire home/apt,5,3 baths,3,$350.00,90,FALSE,TRUE,0,NA,365,1
770277424923009605,2023-12-14,Kitsilano,49.27220154,-123.15100098,Entire home/apt,2,1 bath,1,$99.00,2,FALSE,FALSE,59,4.84,0,16
770365895372702312,2023-12-14,Downtown,49.27591,-123.12651,Entire home/apt,2,1 bath,1,$163.00,1,FALSE,TRUE,7,4.29,340,5
770378616796361153,2023-12-14,Downtown,49.27575,-123.12794,Entire home/apt,2,1 bath,1,$131.00,1,FALSE,TRUE,15,4.53,336,5
770387973548449882,2023-12-14,Downtown,49.27787,-123.12617,Entire home/apt,4,1 bath,2,$96.00,1,FALSE,TRUE,20,4.65,333,5
770394918483567312,2023-12-14,Downtown,49.27799,-123.12667,Entire home/apt,4,1 bath,2,$207.00,1,FALSE,TRUE,8,5,301,5
771362140167826869,2023-12-14,Downtown,49.2801011,-123.12652,Entire home/apt,5,1 bath,3,$171.00,1,TRUE,FALSE,87,4.85,279,2
771486907215408982,2023-12-13,Fairview,49.25846982345838,-123.14527767262804,Entire home/apt,2,1 bath,1,$138.00,30,FALSE,FALSE,2,5,360,1
771736069933529857,2023-12-13,West Point Grey,49.26418,-123.18777,Entire home/apt,3,1 bath,3,$135.00,2,TRUE,FALSE,29,4.9,78,1
772116670102084304,2023-12-14,Dunbar Southlands,49.24411,-123.19671,Entire home/apt,5,1 bath,2,$102.00,1,TRUE,TRUE,71,4.9,0,1
772466465638442261,2023-12-13,Fairview,49.26087,-123.14267,Entire home/apt,4,2 baths,2,$103.00,30,FALSE,TRUE,5,5,287,134
772477907256337006,2023-12-13,Mount Pleasant,49.26999559999999,-123.1060504,Entire home/apt,4,1 bath,2,$115.00,30,FALSE,TRUE,3,5,111,1
772509577038769363,2023-12-14,Downtown,49.27705318837991,-123.12661119013111,Private room,1,1 shared bath,1,$91.00,1,TRUE,TRUE,53,4.94,45,2
772518170946106661,2023-12-13,Fairview,49.26241,-123.14188,Entire home/apt,4,2.5 baths,2,$100.00,30,FALSE,TRUE,3,5,306,134
772541311818646343,2023-12-13,Kitsilano,49.26662,-123.15592,Entire home/apt,2,1 bath,1,$98.00,30,FALSE,TRUE,2,5,325,134
772587773873520054,2023-12-14,Victoria-Fraserview,49.21853,-123.06572,Entire home/apt,6,2.5 baths,3,$101.00,30,FALSE,TRUE,4,4.5,261,134
772625083598946338,2023-12-14,Fairview,49.26055,-123.13909,Entire home/apt,4,1 bath,2,$113.00,2,FALSE,FALSE,36,4.42,165,1
773143001560771560,2023-12-14,Downtown,49.2779918,-123.1187862,Entire home/apt,4,2 baths,2,$160.00,30,FALSE,TRUE,3,4.67,338,1
773216148474833083,2023-12-13,Oakridge,49.22459,-123.12028,Private room,1,1 private bath,1,$50.00,30,FALSE,TRUE,2,4.5,365,20
773244868554161175,2023-12-14,West End,49.2841288,-123.1333351,Private room,2,1 shared bath,1,$84.00,28,FALSE,FALSE,0,NA,89,1
773284031902215501,2023-12-14,West End,49.28373,-123.13628,Private room,1,1 private bath,1,$76.00,30,TRUE,FALSE,4,5,116,1
773435863030119576,2023-12-14,West End,49.289237342662446,-123.13206822015312,Entire home/apt,3,1 bath,1,$250.00,30,FALSE,FALSE,0,NA,83,1
773503395507984171,2023-12-14,Victoria-Fraserview,49.23019,-123.05503,Entire home/apt,4,1 bath,2,$82.00,1,TRUE,FALSE,53,4.89,0,2
773938556409065843,2023-12-14,West End,49.28497947167147,-123.130277083432,Private room,1,1 shared bath,2,$36.00,30,TRUE,FALSE,1,5,328,1
773986152579469677,2023-12-14,Kensington-Cedar Cottage,49.2454134,-123.0685798,Entire home/apt,10,1.5 baths,4,$120.00,1,FALSE,TRUE,22,4.36,330,1
774014779684964119,2023-12-13,Kitsilano,49.27029,-123.17846,Entire home/apt,2,1 bath,1,$146.00,3,TRUE,FALSE,29,4.86,81,1
774016316410218305,2023-12-14,Mount Pleasant,49.26406,-123.0908,Entire home/apt,2,1 bath,1,NA,3,FALSE,FALSE,0,NA,0,1
774027634230195936,2023-12-14,Mount Pleasant,49.25825925511524,-123.11434909167956,Entire home/apt,3,1 bath,1,$190.00,1,TRUE,FALSE,17,5,0,1
774077690501416084,2023-12-14,Mount Pleasant,49.26904,-123.10117,Entire home/apt,6,1 bath,5,$72.00,2,TRUE,FALSE,95,4.89,66,5
774295928860048545,2023-12-14,Downtown Eastside,49.28057,-123.10079,Private room,2,2 baths,2,$149.00,30,TRUE,TRUE,2,5,276,2
774742091795229302,2023-12-14,Mount Pleasant,49.26918262894002,-123.10237257652,Entire home/apt,2,1 bath,1,$138.00,3,TRUE,FALSE,49,4.98,0,2
774764042569967907,2023-12-14,West End,49.29150195862198,-123.132893579806,Entire home/apt,2,1 bath,1,$145.00,30,FALSE,TRUE,0,NA,364,1
774867293948514142,2023-12-14,Downtown Eastside,49.2796505,-123.1001372,Entire home/apt,4,1 bath,2,$104.00,2,FALSE,FALSE,37,4.62,45,1
774913574301103453,2023-12-14,Grandview-Woodland,49.27223,-123.06921,Entire home/apt,2,1 bath,1,$120.00,4,FALSE,FALSE,1,5,70,2
775137983823449655,2023-12-13,Grandview-Woodland,49.28688078873269,-123.06167976121984,Entire home/apt,8,1.5 baths,4,$225.00,1,FALSE,FALSE,63,4.71,339,1
775333984911683419,2023-12-14,South Cambie,49.2449905,-123.1178185,Entire home/apt,6,1 bath,3,$141.00,1,FALSE,TRUE,32,4.25,148,1
775773736658820762,2023-12-14,Kitsilano,49.26346,-123.15545,Entire home/apt,2,1 bath,1,$93.00,30,FALSE,FALSE,2,5,85,1
776053294115823846,2023-12-14,Downtown,49.27837,-123.12056,Entire home/apt,2,1 bath,1,$240.00,2,TRUE,FALSE,41,4.74,0,21
776166449631598536,2023-12-14,Kerrisdale,49.22283,-123.14469,Entire home/apt,8,2 baths,3,$207.00,3,FALSE,TRUE,25,4.88,137,5
776393339971518015,2023-12-14,Downtown,49.27326989918264,-123.12977512645874,Entire home/apt,4,1 bath,2,NA,29,TRUE,TRUE,7,5,0,1
776514171059457790,2023-12-14,Downtown,49.28649,-123.12338,Entire home/apt,4,2 baths,2,$172.00,2,TRUE,TRUE,58,4.86,0,3
776732819751344130,2023-12-13,Arbutus Ridge,49.25320249471393,-123.1718400918512,Entire home/apt,3,1 bath,1,$154.00,2,TRUE,FALSE,26,4.96,78,1
776888971351739583,2023-12-14,Victoria-Fraserview,49.23041,-123.0571,Entire home/apt,4,1 bath,2,$82.00,1,TRUE,FALSE,64,4.67,78,2
777106476710520529,2023-12-14,Downtown,49.27973,-123.12074,Entire home/apt,8,2 baths,3,$250.00,2,TRUE,FALSE,71,4.99,37,2
777596463983666197,2023-12-13,Hastings-Sunrise,49.26564,-123.05446,Entire home/apt,4,1 bath,2,$69.00,30,FALSE,TRUE,3,4.67,307,134
777603663924481292,2023-12-25,Downtown,49.28128,-123.12194,Entire home/apt,4,1 bath,2,$156.00,3,TRUE,FALSE,36,4.95,0,1
777611768908952156,2023-12-14,Mount Pleasant,49.2640112,-123.0828097,Entire home/apt,4,2 baths,2,$160.00,30,FALSE,FALSE,2,5,178,1
777620936976468053,2023-12-13,West Point Grey,49.26504062291546,-123.2137796465438,Private room,2,1 shared bath,1,$89.00,1,FALSE,FALSE,24,4.63,307,4
777669528494273192,2023-12-14,West End,49.283343,-123.1354191,Entire home/apt,4,1 bath,2,$320.00,30,FALSE,FALSE,0,NA,89,1
777679941260560186,2023-12-13,Downtown,49.273983429428846,-123.11532068495366,Entire home/apt,3,1 bath,2,$175.00,30,FALSE,TRUE,3,5,213,1
777802264541579499,2023-12-14,Downtown,49.28738120000001,-123.1237839,Entire home/apt,2,1 bath,1,$299.00,3,TRUE,FALSE,31,4.97,202,1
777845719535661781,2023-12-13,Downtown,49.27274,-123.11582,Private room,1,1 private bath,1,$140.00,30,FALSE,FALSE,0,NA,364,1
778302810621784920,2023-12-14,Downtown,49.2749061,-123.1310278,Entire home/apt,4,1.5 baths,2,$220.00,30,FALSE,FALSE,0,NA,365,1
779058112434483277,2023-12-13,Dunbar Southlands,49.23585,-123.17162,Private room,4,1 private bath,2,$88.00,1,NA,FALSE,4,4.75,72,2
779078120266788886,2023-12-14,Downtown,49.28779,-123.12293,Entire home/apt,2,1 bath,1,$123.00,1,FALSE,TRUE,74,4.73,193,1
779189888706984021,2023-12-14,Kensington-Cedar Cottage,49.23443,-123.06008,Entire home/apt,5,1 bath,4,$200.00,2,FALSE,TRUE,1,5,327,3
779192581454708786,2023-12-14,Downtown,49.27952,-123.12554,Entire home/apt,4,2 baths,2,$302.00,1,TRUE,FALSE,52,4.87,9,1
779216992876850847,2023-12-13,Riley Park,49.23368581979126,-123.09988401196868,Private room,4,2.5 baths,2,$238.00,2,FALSE,FALSE,2,5,180,1
779641502836271242,2023-12-14,Kensington-Cedar Cottage,49.25878909999999,-123.0630183,Private room,4,1 private bath,1,$73.00,2,TRUE,FALSE,44,4.91,0,1
779888257712433166,2023-12-14,Hastings-Sunrise,49.270504297760574,-123.03211725068702,Entire home/apt,6,2 baths,3,$199.00,1,TRUE,FALSE,35,4.8,191,1
779915751176813089,2023-12-14,Shaughnessy,49.24603,-123.14128,Entire home/apt,8,3 baths,5,$514.00,2,TRUE,FALSE,16,4.94,22,1
780351322964363373,2023-12-14,Renfrew-Collingwood,49.24589,-123.03721,Entire home/apt,4,1 bath,2,$40.00,2,FALSE,FALSE,66,4.76,63,4
780399309657039501,2023-12-14,Downtown,49.27845,-123.11992,Entire home/apt,2,1 bath,1,$158.00,2,TRUE,FALSE,64,4.74,0,1
780461253140986859,2023-12-14,Kensington-Cedar Cottage,49.24427,-123.07148,Entire home/apt,4,1 bath,2,$120.00,30,FALSE,FALSE,33,4.64,306,1
780469249463773079,2023-12-14,Renfrew-Collingwood,49.24013,-123.0534,Entire home/apt,4,1 bath,2,$203.00,1,TRUE,TRUE,39,4.9,0,1
780477713613564593,2023-12-13,Fairview,49.26362,-123.12055,Entire home/apt,2,1 bath,1,$150.00,45,FALSE,FALSE,0,NA,346,1
780599393228932130,2023-12-14,Kitsilano,49.26689,-123.15787,Entire home/apt,4,1 bath,2,$165.00,30,FALSE,TRUE,7,5,0,134
780704802382483693,2023-12-13,Kitsilano,49.26001,-123.14852,Entire home/apt,3,1 bath,1,$159.00,2,TRUE,TRUE,58,4.88,198,1
781274178744211833,2023-12-13,Hastings-Sunrise,49.2899795,-123.0437868,Entire home/apt,3,1.5 baths,2,$109.00,2,FALSE,FALSE,40,4.9,271,16
781314353009787171,2023-12-14,Downtown Eastside,49.2781168,-123.0995864,Entire home/apt,2,1 bath,1,$116.00,2,TRUE,FALSE,61,4.8,330,1
781526387244147505,2023-12-14,Downtown,49.27341,-123.12964,Entire home/apt,4,1 bath,2,$174.00,2,FALSE,FALSE,49,4.78,36,1
781945357451034232,2023-12-14,West End,49.28225019470966,-123.12580580518916,Entire home/apt,2,1 bath,1,$153.00,3,TRUE,TRUE,32,4.94,84,1
782099100890749143,2023-12-14,Downtown,49.29062,-123.12818,Entire home/apt,6,2.5 baths,3,$560.00,30,FALSE,FALSE,10,4.6,147,9
782109878993722953,2023-12-14,Downtown,49.27566,-123.13016,Entire home/apt,4,2 baths,2,$300.00,30,FALSE,FALSE,1,3,147,9
782139911626776905,2023-12-13,Kitsilano,49.26789,-123.14716,Entire home/apt,5,2 baths,4,$329.00,30,FALSE,FALSE,1,5,365,1
782520183040501363,2023-12-14,West End,49.28316,-123.12937,Private room,2,1 shared bath,1,NA,30,FALSE,FALSE,0,NA,365,1
782593654109607421,2023-12-13,Downtown,49.27704,-123.12338,Entire home/apt,4,1 bath,2,$260.00,30,TRUE,FALSE,2,5,365,41
782611575046081777,2023-12-14,Downtown,49.27865,-123.12334,Private room,6,2 baths,2,$385.00,30,TRUE,FALSE,1,5,365,41
782659964928984365,2023-12-14,Mount Pleasant,49.2653542,-123.0997137,Entire home/apt,2,1 bath,1,NA,2,FALSE,TRUE,37,4.84,0,1
782678952292919576,2023-12-14,Downtown,49.2748,-123.12587,Entire home/apt,4,1 bath,2,$270.00,30,TRUE,FALSE,0,NA,256,41
782681654610273112,2023-12-14,Mount Pleasant,49.27131,-123.10341,Entire home/apt,4,1 bath,2,NA,2,TRUE,FALSE,39,4.95,0,1
782684993382116305,2023-12-14,Downtown,49.2739053,-123.126715,Entire home/apt,4,1 bath,2,$270.00,30,TRUE,FALSE,1,5,256,41
782691713238716204,2023-12-14,Downtown,49.2739053,-123.126715,Entire home/apt,6,2 baths,3,$395.00,31,TRUE,FALSE,1,5,331,41
782700195970342876,2023-12-14,Downtown,49.27329,-123.12572,Entire home/apt,6,2 baths,3,$395.00,31,TRUE,FALSE,1,5,332,41
782705998124970403,2023-12-14,Downtown,49.2739053,-123.126715,Entire home/apt,6,2 baths,3,$395.00,31,TRUE,FALSE,2,5,0,41
782712461560831043,2023-12-14,Downtown,49.2764611,-123.1295442,Entire home/apt,6,1 bath,3,$385.00,30,TRUE,FALSE,1,4,365,41
782725694993661305,2023-12-14,Downtown,49.2764611,-123.1295442,Entire home/apt,6,1 bath,3,$385.00,30,TRUE,FALSE,2,4.5,365,41
782729996829141579,2023-12-14,Downtown,49.2764611,-123.1295442,Entire home/apt,4,1 bath,1,$260.00,30,TRUE,FALSE,1,5,342,41
782731591894346396,2023-12-13,Kitsilano,49.27262,-123.16051,Entire home/apt,3,1 bath,2,$96.00,30,TRUE,FALSE,5,5,160,26
782735905178082733,2023-12-14,Downtown,49.27718,-123.12843,Entire home/apt,4,1 bath,1,$260.00,30,TRUE,FALSE,1,5,341,41
782740817863252762,2023-12-14,Downtown,49.2764611,-123.1295442,Entire home/apt,2,1 bath,1,$240.00,30,TRUE,FALSE,2,5,342,41
782746409516531027,2023-12-13,Kitsilano,49.27079,-123.15995,Entire home/apt,3,1 bath,2,$82.00,30,TRUE,FALSE,2,5,350,26
782746430185181289,2023-12-14,Downtown,49.2764611,-123.1295442,Entire home/apt,2,1 bath,1,$240.00,30,TRUE,FALSE,3,5,342,41
782859964881605383,2023-12-13,Kitsilano,49.27282,-123.1497,Entire home/apt,8,1 bath,3,$225.00,1,TRUE,TRUE,68,4.76,265,1
782975249619280752,2023-12-13,Mount Pleasant,49.26475019999999,-123.0997003,Entire home/apt,3,1 bath,1,$120.00,30,FALSE,FALSE,0,NA,269,1
782996845381839196,2023-12-13,Fairview,49.260812978255984,-123.13477763997302,Entire home/apt,4,1 bath,2,$120.00,30,FALSE,FALSE,0,NA,130,2
783390850504213687,2023-12-14,West End,49.287521,-123.1403761,Entire home/apt,4,2 baths,2,$215.00,30,FALSE,FALSE,1,5,89,2
783440501748012731,2023-12-14,West Point Grey,49.26274,-123.20158,Entire home/apt,5,1 bath,2,$79.00,1,FALSE,TRUE,25,4.5,0,18
783449724931059319,2023-12-13,Kensington-Cedar Cottage,49.2492167,-123.0628087,Entire home/apt,3,1 bath,2,$168.00,2,TRUE,TRUE,45,4.87,96,5
783985445057780715,2023-12-14,Riley Park,49.2563117,-123.0924612,Entire home/apt,8,2.5 baths,4,$149.00,1,TRUE,TRUE,61,4.81,0,3
784066757773092296,2023-12-14,Kitsilano,49.26867,-123.15363,Private room,1,1 shared bath,1,NA,1,FALSE,FALSE,0,NA,0,1
784265300876321799,2023-12-14,Mount Pleasant,49.26147311835921,-123.09071133439328,Entire home/apt,4,1 bath,2,$107.00,1,FALSE,FALSE,48,4.71,0,2
784894115932765966,2023-12-13,Kensington-Cedar Cottage,49.246684852068654,-123.06196226311378,Entire home/apt,4,1 bath,2,$88.00,1,TRUE,TRUE,55,4.8,180,1
785141383639941686,2023-12-13,Mount Pleasant,49.26160155651408,-123.08955123972034,Entire home/apt,2,1 bath,1,$97.00,1,FALSE,TRUE,25,4.56,77,2
785160449385995727,2023-12-13,West Point Grey,49.2621356,-123.2022635,Private room,2,1 shared bath,2,$70.00,1,FALSE,TRUE,15,4,90,18
785567536544803331,2023-12-13,Dunbar Southlands,49.25380730495728,-123.1884930232788,Entire home/apt,2,1 bath,1,$104.00,30,TRUE,FALSE,3,5,89,1
785586788597305231,2023-12-13,West Point Grey,49.2621356,-123.2022635,Private room,2,1 shared bath,1,$59.00,1,FALSE,TRUE,25,4.24,178,18
786037083171904179,2023-12-14,West Point Grey,49.2621356,-123.2022635,Private room,2,1 shared bath,2,$89.00,1,FALSE,TRUE,24,4.6,0,18
786043260900322751,2023-12-13,West Point Grey,49.2621356,-123.2022635,Private room,2,1 shared bath,1,$49.00,1,FALSE,TRUE,11,4.27,169,18
786275220610671370,2023-12-13,Mount Pleasant,49.25751103579498,-123.10797576954582,Entire home/apt,2,1 bath,1,$109.00,30,FALSE,TRUE,4,5,331,134
786317261963565121,2023-12-14,Downtown,49.27879129999999,-123.1117482,Entire home/apt,4,2 baths,2,$150.00,30,FALSE,FALSE,1,3,255,42
786429317264567226,2023-12-13,Killarney,49.22769568085145,-123.04247432041322,Private room,1,1 shared bath,1,$59.00,2,TRUE,TRUE,32,4.88,146,2
786468734150465231,2023-12-14,Riley Park,49.2536267,-123.1042341,Entire home/apt,6,2 baths,3,$199.00,3,FALSE,FALSE,20,4.85,80,1
786555054001547835,2023-12-13,Dunbar Southlands,49.24818344146039,-123.18477901161847,Private room,3,1 private bath,1,$119.00,3,FALSE,FALSE,0,NA,363,1
787070840956286074,2023-12-14,Kensington-Cedar Cottage,49.24810641825255,-123.0649460162612,Entire home/apt,10,2 baths,NA,$356.00,1,TRUE,FALSE,37,4.92,226,1
787246310766701749,2023-12-14,Downtown,49.28738120000001,-123.1237839,Entire home/apt,4,2 baths,2,$551.00,2,TRUE,FALSE,14,5,0,3
787498073896401910,2023-12-13,Mount Pleasant,49.26088556177316,-123.11168632277996,Private room,2,1 private bath,1,$59.00,30,FALSE,TRUE,0,NA,365,10
787513300325724312,2023-12-13,Mount Pleasant,49.25912858898965,-123.11314171227788,Private room,2,1 private bath,1,$59.00,30,FALSE,TRUE,0,NA,365,10
787525129882674319,2023-12-13,Mount Pleasant,49.25845381226787,-123.11315782297076,Private room,1,1 private bath,1,$47.00,30,FALSE,TRUE,0,NA,365,10
787674726735576470,2023-12-14,Kitsilano,49.2727315522749,-123.15361398870375,Private room,1,1 private bath,1,$80.00,90,FALSE,FALSE,0,NA,149,1
787828171488437782,2023-12-13,Renfrew-Collingwood,49.23684715597357,-123.03132829056456,Entire home/apt,2,1 bath,1,$150.00,30,FALSE,FALSE,5,4.8,365,1
787962480240405972,2023-12-13,Downtown,49.2749198,-123.1150309,Entire home/apt,2,1 bath,1,$100.00,30,FALSE,FALSE,3,4.67,334,42
788322480886030725,2023-12-14,Downtown,49.27848551705837,-123.1059498494046,Entire home/apt,9,2 baths,4,$265.00,1,FALSE,FALSE,46,4.74,159,1
788529677978865032,2023-12-14,Downtown,49.2749061,-123.1310273,Entire home/apt,4,2.5 baths,2,$305.00,30,TRUE,FALSE,2,5,301,2
788546781464667885,2023-12-14,Downtown,49.27451292086919,-123.1289206701527,Entire home/apt,2,1 bath,1,$350.00,30,FALSE,TRUE,0,NA,364,1
788673225826567288,2023-12-14,Grandview-Woodland,49.27315332885529,-123.07489496720754,Entire home/apt,4,1 bath,2,$150.00,90,TRUE,FALSE,3,4.67,162,2
789194123181151805,2023-12-14,West End,49.28271781561744,-123.1253743677882,Entire home/apt,3,1 bath,2,$55.00,5,TRUE,FALSE,40,4.78,41,3
789460734803935059,2023-12-14,Downtown,49.2786,-123.10767,Entire home/apt,4,1 bath,2,$202.00,2,TRUE,TRUE,55,4.93,0,1
789766470615732150,2023-12-14,Victoria-Fraserview,49.21825725830471,-123.07576038289672,Entire home/apt,4,1 bath,2,$216.00,30,TRUE,FALSE,0,NA,165,8
789805599143977166,2023-12-13,Downtown Eastside,49.27997686068157,-123.09242441099752,Entire home/apt,6,3 baths,3,$664.00,3,TRUE,FALSE,1,5,353,2
789875243894834982,2023-12-13,Kerrisdale,49.22125606068049,-123.1537924582135,Private room,2,Shared half-bath,1,$75.00,30,TRUE,TRUE,2,5,122,6
790553076076537355,2023-12-14,Downtown,49.2792118,-123.1214803,Entire home/apt,5,1.5 baths,2,$180.00,2,TRUE,FALSE,58,4.83,66,1
790584045658409816,2023-12-14,Kensington-Cedar Cottage,49.2377703,-123.0692329,Private room,2,1 private bath,1,$88.00,1,TRUE,FALSE,75,4.92,341,6
790747466084276380,2023-12-13,Mount Pleasant,49.2604744196924,-123.0783660231613,Private room,2,1 shared bath,1,$39.00,1,FALSE,TRUE,3,2.67,365,6
790859210317610042,2023-12-14,Hastings-Sunrise,49.26944189758296,-123.03696106182204,Entire home/apt,5,1 bath,3,$185.00,3,FALSE,FALSE,20,4.55,0,1
791505779065585768,2023-12-14,Downtown,49.27902903761153,-123.12085266982348,Entire home/apt,5,2 baths,3,$237.00,2,TRUE,FALSE,43,5,22,1
791512493478096735,2023-12-14,West End,49.29209306832252,-123.13461431705193,Entire home/apt,2,1 bath,1,$100.00,30,FALSE,FALSE,4,5,317,1
791693837666699874,2023-12-14,Downtown,49.2784951,-123.1296296,Entire home/apt,4,1 bath,2,$150.00,1,FALSE,FALSE,24,4.92,0,1
792038824743590871,2023-12-14,West End,49.28967515810373,-123.1380852481632,Private room,4,1 bath,2,$260.00,1,TRUE,FALSE,11,5,314,11
792165839918346704,2023-12-13,Mount Pleasant,49.27060786920168,-123.10399994049644,Entire home/apt,3,1 bath,1,$189.00,30,FALSE,TRUE,3,5,334,10
792767566503426938,2023-12-13,Renfrew-Collingwood,49.24477061423001,-123.0312595143914,Entire home/apt,4,1 bath,2,$119.00,1,TRUE,TRUE,43,4.86,68,2
792768413406632626,2023-12-14,Downtown,49.2853076,-123.1182532,Entire home/apt,4,1 bath,2,$120.00,2,TRUE,TRUE,27,4.93,3,1
792791696005129796,2023-12-14,Downtown,49.2762926,-123.1308973,Entire home/apt,2,1 bath,1,$200.00,30,FALSE,TRUE,0,NA,364,1
792835257026773326,2023-12-14,Downtown Eastside,49.28338,-123.10312,Entire home/apt,4,2 baths,2,$188.00,6,FALSE,FALSE,17,4.41,6,1
792883005062628538,2023-12-14,Downtown,49.2733795,-123.1164917,Entire home/apt,4,2 baths,2,$215.00,90,FALSE,FALSE,0,NA,364,42
792998812490913681,2023-12-14,West End,49.29097600000001,-123.141557,Entire home/apt,3,1 bath,2,$100.00,30,FALSE,FALSE,5,4.8,342,1
793019747797442593,2023-12-14,Downtown,49.28901519999999,-123.1208992,Entire home/apt,4,2.5 baths,2,$285.00,30,FALSE,FALSE,1,5,333,42
793062745812616933,2023-12-14,Downtown,49.27687570000001,-123.1272035,Entire home/apt,5,1 bath,3,$162.00,1,TRUE,FALSE,64,4.86,0,1
793384773896731046,2023-12-14,Downtown,49.27707121736741,-123.12879134967211,Entire home/apt,4,2 baths,2,$217.00,30,TRUE,FALSE,0,NA,162,2
793494664535473480,2023-12-14,South Cambie,49.25581810000001,-123.1162225,Entire home/apt,2,1 bath,1,$135.00,2,FALSE,TRUE,48,4.78,0,1
793506296433217033,2023-12-13,Renfrew-Collingwood,49.24946250086645,-123.04893857581447,Private room,2,1 private bath,2,$114.00,2,TRUE,FALSE,23,5,178,1
793625566805364379,2023-12-14,Sunset,49.23225919999999,-123.10178,Entire home/apt,6,1 bath,2,$163.00,1,FALSE,TRUE,57,4.74,339,2
793847698514024443,2023-12-13,Renfrew-Collingwood,49.23803910965998,-123.05548224371468,Entire home/apt,2,1 bath,1,$59.00,2,FALSE,FALSE,16,4.81,22,1
793861998504594431,2023-12-14,Kensington-Cedar Cottage,49.24194415534615,-123.06487922927766,Entire home/apt,3,2 baths,3,$124.00,1,TRUE,FALSE,37,4.92,0,1
794280165133001580,2023-12-13,Kitsilano,49.26482999194118,-123.14686960531112,Entire home/apt,11,5 baths,6,$900.00,7,FALSE,FALSE,0,NA,356,30
794392552301862809,2023-12-13,Renfrew-Collingwood,49.24237532124759,-123.04880713507512,Private room,1,1 shared bath,1,$62.00,2,TRUE,FALSE,35,4.97,85,2
795686060974594876,2023-12-14,Downtown,49.27784656145018,-123.11288256783315,Entire home/apt,4,1.5 baths,2,$145.00,30,TRUE,FALSE,0,NA,32,2
795722019446230146,2023-12-14,Kitsilano,49.27079292611299,-123.1598575793904,Entire home/apt,4,1 bath,2,$133.00,30,FALSE,TRUE,3,4.75,0,134
795746575399669463,2023-12-13,Kitsilano,49.27155,-123.16016,Entire home/apt,2,1 bath,1,$78.00,30,FALSE,TRUE,4,5,168,134
796462455882938909,2023-12-14,West End,49.28763057763371,-123.12775440711084,Entire home/apt,4,1 bath,2,$141.00,30,TRUE,FALSE,6,5,287,5
797051402804813063,2023-12-13,Renfrew-Collingwood,49.237858405854304,-123.04733561000572,Private room,1,1 shared bath,1,$44.00,1,TRUE,FALSE,8,5,12,5
797145219359108764,2023-12-14,Downtown,49.27714197961392,-123.12816229570645,Entire home/apt,2,1 bath,1,NA,30,FALSE,TRUE,0,NA,0,3
797150354313292880,2023-12-14,Riley Park,49.23349097145367,-123.11296785346866,Entire home/apt,4,1 bath,2,$162.00,1,FALSE,TRUE,9,4.22,107,1
797430402003013697,2023-12-14,Strathcona,49.2681930069661,-123.09632285575964,Entire home/apt,2,1 bath,1,$152.00,2,TRUE,FALSE,64,4.97,0,1
797818349503566326,2023-12-14,Downtown,49.2765895498108,-123.13063528740076,Entire home/apt,5,2 baths,3,$212.00,30,FALSE,FALSE,1,4,183,1
797991977818867890,2023-12-14,Downtown,49.277676794562446,-123.13076873133208,Entire home/apt,6,2 baths,3,$144.00,2,FALSE,FALSE,15,4.44,0,1
798012669687190751,2023-12-14,Downtown,49.27917523611148,-123.10916672765852,Entire home/apt,7,2 baths,3,$173.00,1,TRUE,TRUE,82,4.87,106,3
798028138201131568,2023-12-14,Downtown,49.28062150376186,-123.1229508586542,Entire home/apt,3,1 bath,2,$120.00,1,TRUE,TRUE,37,4.81,348,1
798220331047928469,2023-12-14,Downtown,49.27883,-123.10938,Entire home/apt,6,2 baths,3,$175.00,2,TRUE,TRUE,36,4.86,2,1
798248080945217762,2023-12-14,Downtown,49.2792813,-123.1065474,Entire home/apt,5,1 bath,3,$156.00,2,FALSE,FALSE,83,4.56,0,43
798604031502890897,2023-12-14,Victoria-Fraserview,49.21962554615492,-123.07367965718144,Entire home/apt,8,3.5 baths,4,$445.00,2,FALSE,TRUE,13,4.69,83,5
798766731463057163,2023-12-14,Downtown,49.275218982589,-123.1287852895555,Entire home/apt,4,1 bath,2,$200.00,2,TRUE,FALSE,47,4.9,0,1
798862783922047458,2023-12-14,Downtown Eastside,49.28196409000889,-123.10997388954728,Entire home/apt,4,1 bath,1,$115.00,1,FALSE,FALSE,54,4.76,0,1
798889942621016112,2023-12-13,Riley Park,49.24908,-123.09919,Entire home/apt,2,1 bath,1,$101.00,1,TRUE,FALSE,58,4.79,298,3
799266345944615437,2023-12-13,Mount Pleasant,49.26044,-123.07826,Private room,2,1 shared bath,1,$39.00,1,FALSE,TRUE,2,1.5,365,6
799278251562293222,2023-12-13,Mount Pleasant,49.26934697287044,-123.10896507253806,Entire home/apt,4,2.5 baths,2,"$2,888.00",30,FALSE,FALSE,0,NA,364,1
800235844937541326,2023-12-14,Downtown,49.2783619,-123.1269471,Entire home/apt,3,1 bath,2,$104.00,30,FALSE,FALSE,2,5,36,1
800246863093796215,2023-12-14,Oakridge,49.2266582,-123.1132679,Shared room,1,1 shared bath,1,$48.00,30,FALSE,FALSE,0,NA,356,1
800433241339540478,2023-12-14,West End,49.279193696357545,-123.13130322310523,Entire home/apt,3,1 bath,1,$205.00,30,FALSE,FALSE,0,NA,0,2
800685316347580213,2023-12-13,Riley Park,49.255786512945726,-123.10526406213285,Entire home/apt,2,1 bath,1,$38.00,3,FALSE,TRUE,20,4.85,335,134
800799687233801106,2023-12-13,Marpole,49.20772372435172,-123.11831602659676,Entire home/apt,6,2.5 baths,3,$181.00,2,FALSE,TRUE,22,4.5,342,134
800935892830608949,2023-12-14,West End,49.27861,-123.13073,Entire home/apt,4,1 bath,1,$323.00,1,TRUE,FALSE,31,4.9,339,2
800970191867596004,2023-12-13,Hastings-Sunrise,49.2883,-123.04562,Entire home/apt,14,3 baths,7,$490.00,2,TRUE,FALSE,13,5,311,3
801024168663683393,2023-12-13,Mount Pleasant,49.2708692,-123.1016807,Entire home/apt,6,2 baths,3,$426.00,60,FALSE,FALSE,0,NA,364,2
801089556858531178,2023-12-14,Downtown,49.27883660744149,-123.1077826232788,Entire home/apt,7,2 baths,4,$339.00,2,TRUE,FALSE,20,4.81,0,1
801110086514791175,2023-12-13,Grandview-Woodland,49.27752218193026,-123.05715206571274,Entire home/apt,4,1 bath,2,$243.00,1,TRUE,FALSE,35,4.97,75,1
801409921262940777,2023-12-14,Dunbar Southlands,49.241305845888334,-123.18757557964432,Entire home/apt,4,1 bath,3,$275.00,3,TRUE,FALSE,7,5,343,1
801528499159786130,2023-12-14,West End,49.29119065918921,-123.13252684667218,Entire home/apt,2,1 bath,1,$125.00,30,TRUE,FALSE,4,4.75,191,37
801578582519247796,2023-12-14,Shaughnessy,49.23786765686442,-123.1483505542135,Entire home/apt,9,3 baths,6,$550.00,3,TRUE,FALSE,12,4.92,357,1
802186546425921012,2023-12-14,Riley Park,49.24870079291525,-123.10519754419929,Entire home/apt,4,1 bath,2,$205.00,1,TRUE,FALSE,11,4.55,81,1
802284141758066999,2023-12-14,Downtown,49.27551909874282,-123.12669319094287,Entire home/apt,2,1 bath,1,$198.00,30,FALSE,TRUE,55,4.82,4,5
802915944025309771,2023-12-14,Arbutus Ridge,49.2434622,-123.1700375,Entire home/apt,4,1 bath,1,$99.00,2,FALSE,FALSE,43,4.95,0,1
802918932785985142,2023-12-14,Victoria-Fraserview,49.22706,-123.05328,Private room,2,1 shared bath,1,$89.00,1,FALSE,FALSE,30,4.52,0,4
802927388053524873,2023-12-13,Victoria-Fraserview,49.2260025051636,-123.055044222134,Private room,1,1 shared bath,1,$69.00,1,FALSE,FALSE,43,4.81,52,4
802953124775172561,2023-12-14,Victoria-Fraserview,49.22770069656212,-123.0533870370561,Private room,1,1 shared bath,1,$69.00,1,FALSE,FALSE,25,4.85,0,4
803668849105819290,2023-12-13,Kitsilano,49.27448065077774,-123.15127748301757,Entire home/apt,3,1 bath,1,$98.00,1,FALSE,TRUE,42,4.69,289,1
803684064058425257,2023-12-13,Kitsilano,49.27254047732214,-123.1510027395483,Entire home/apt,6,1 bath,2,$187.00,1,TRUE,TRUE,58,4.91,278,1
803767891405757191,2023-12-13,Fairview,49.26115690009369,-123.14312783277563,Entire home/apt,2,1 bath,1,$73.00,30,FALSE,TRUE,2,5,356,134
803786597746904284,2023-12-13,Fairview,49.26285400327409,-123.1423284999841,Entire home/apt,4,2.5 baths,2,$186.00,30,FALSE,TRUE,5,4.8,275,134
803820036285802331,2023-12-14,Downtown,49.27683210000001,-123.1302001,Entire home/apt,2,1 bath,1,$169.00,2,FALSE,TRUE,5,4.2,0,3
804058720161139859,2023-12-14,Renfrew-Collingwood,49.23607852513318,-123.05215805333482,Entire home/apt,3,1 bath,1,$171.00,2,TRUE,FALSE,17,4.88,74,1
804272318525608473,2023-12-13,Riley Park,49.25384928909741,-123.09655292521936,Entire home/apt,6,1 bath,3,$320.00,2,FALSE,TRUE,7,5,124,2
804757638769468590,2023-12-14,West End,49.28016380169669,-123.1347410664728,Entire home/apt,3,1 bath,1,$94.00,30,FALSE,FALSE,0,NA,356,1
805064294975438980,2023-12-14,Kitsilano,49.26361905979896,-123.17090161028128,Entire home/apt,2,1 bath,2,$229.00,30,TRUE,FALSE,31,4.94,64,1
805210484724686406,2023-12-14,Downtown,49.28071129249198,-123.12578399164236,Entire home/apt,3,1 bath,2,$110.00,1,FALSE,FALSE,67,4.91,32,1
805315305952579801,2023-12-13,Mount Pleasant,49.26165149570996,-123.11075722510184,Entire home/apt,2,1 bath,1,$169.00,30,TRUE,FALSE,5,5,359,9
805421895812414303,2023-12-13,Victoria-Fraserview,49.21156126958411,-123.07564369881791,Entire home/apt,4,1 bath,2,$156.00,1,FALSE,TRUE,29,4.55,8,2
805803523356510780,2023-12-13,Mount Pleasant,49.26719448207034,-123.11055534947792,Private room,2,1 private bath,1,$225.00,2,TRUE,FALSE,13,5,365,3
805871537561017538,2023-12-14,Victoria-Fraserview,49.2265715,-123.0540494,Entire home/apt,6,1 bath,3,$278.00,1,FALSE,FALSE,13,4.31,355,4
805885740008730108,2023-12-13,Grandview-Woodland,49.28551299999999,-123.0631241,Entire home/apt,2,2 baths,1,$236.00,30,FALSE,FALSE,0,NA,160,1
805891470848966486,2023-12-13,Hastings-Sunrise,49.28163226880363,-123.05408970895697,Private room,1,1 shared bath,1,$39.00,30,FALSE,FALSE,2,4,329,1
805900841554153932,2023-12-13,Mount Pleasant,49.26522509918779,-123.09066911835804,Private room,3,1 shared bath,1,$90.00,4,FALSE,FALSE,16,4.69,364,1
805933566581523731,2023-12-13,Kensington-Cedar Cottage,49.2497683,-123.0789199,Entire home/apt,4,3 baths,2,$299.00,3,TRUE,FALSE,15,4.93,11,1
805946640256236731,2023-12-14,Riley Park,49.2493563840735,-123.0961154260586,Entire home/apt,12,4 baths,6,$542.00,2,TRUE,FALSE,19,4.95,0,1
805964097745033311,2023-12-14,Downtown,49.273523753535656,-123.12877955873374,Entire home/apt,2,1 bath,1,$125.00,1,FALSE,TRUE,51,4.9,316,134
806270279530380112,2023-12-14,West Point Grey,49.2626296,-123.2035511,Entire home/apt,8,2 baths,4,$677.00,4,FALSE,FALSE,0,NA,120,2
806443656933471806,2023-12-14,Hastings-Sunrise,49.28365339728401,-123.04560966789722,Entire home/apt,4,1 bath,2,$80.00,1,FALSE,TRUE,37,4.32,0,43
806483303420089807,2023-12-14,Riley Park,49.2439711,-123.1023104,Entire home/apt,4,2.5 baths,2,NA,30,TRUE,TRUE,2,5,0,1
807129134485444689,2023-12-14,Grandview-Woodland,49.27078696459408,-123.06434646311432,Entire home/apt,4,1 bath,2,$164.00,2,TRUE,FALSE,10,4.7,3,3
807129147276391230,2023-12-14,Grandview-Woodland,49.26975838546562,-123.06515660136938,Entire home/apt,9,2 baths,6,$414.00,2,TRUE,FALSE,0,NA,198,3
807350076117619512,2023-12-14,West End,49.28772816887785,-123.13688284818564,Entire home/apt,4,2 baths,2,NA,30,FALSE,FALSE,0,NA,162,1
807362713246960948,2023-12-14,West End,49.28511815548176,-123.13722663752718,Entire home/apt,2,1 bath,1,$200.00,30,FALSE,TRUE,12,4.58,57,9
807415287371070795,2023-12-13,Kitsilano,49.27027751268001,-123.14780395794978,Entire home/apt,2,1 bath,1,$127.00,30,FALSE,TRUE,3,4.67,293,134
807436460370124652,2023-12-13,Kitsilano,49.26901,-123.14583,Entire home/apt,2,1 bath,1,$150.00,30,FALSE,TRUE,4,4.75,293,134
807557727339819322,2023-12-13,Downtown Eastside,49.28122638811932,-123.07864192228048,Entire home/apt,3,1 bath,2,$105.00,1,FALSE,FALSE,1,5,158,1
807956993753714062,2023-12-14,Riley Park,49.25282827666052,-123.09019849416106,Shared room,1,1 shared bath,1,$135.00,1,FALSE,FALSE,0,NA,364,19
807993495059026587,2023-12-14,Riley Park,49.25298757817114,-123.091702932663,Shared room,1,1 shared bath,1,$135.00,1,FALSE,FALSE,1,1,364,19
808063594672013532,2023-12-14,Downtown Eastside,49.28015327838457,-123.10559817552732,Entire home/apt,2,1 bath,1,$799.00,2,TRUE,FALSE,42,4.79,272,1
808131692199653331,2023-12-13,Sunset,49.22555,-123.0875,Private room,2,1 private bath,2,$57.00,1,FALSE,TRUE,16,4.88,180,18
808175343127869875,2023-12-14,Riley Park,49.248275671089374,-123.1033931363363,Entire home/apt,2,1 bath,1,$63.00,1,FALSE,TRUE,23,4.71,0,5
808220366474824718,2023-12-14,Riley Park,49.23589,-123.11288,Entire home/apt,2,1 bath,1,$300.00,30,FALSE,TRUE,6,4.5,39,9
808237354083579962,2023-12-14,Downtown,49.27781,-123.11427,Entire home/apt,3,1 bath,1,$112.00,30,TRUE,FALSE,0,NA,358,11
808687948791367566,2023-12-14,Oakridge,49.23095729364282,-123.10792928991098,Entire home/apt,2,1 bath,1,$220.00,1,TRUE,FALSE,21,4.95,40,1
808700945360191162,2023-12-13,Fairview,49.2632,-123.14385,Entire home/apt,4,2 baths,2,$310.00,30,FALSE,TRUE,2,5,305,134
808844372496399203,2023-12-14,Sunset,49.23180871031924,-123.10298395794972,Entire home/apt,4,2 baths,2,$100.00,30,TRUE,TRUE,0,NA,0,3
808875851985459852,2023-12-13,Downtown,49.27459742456632,-123.10129088760692,Entire home/apt,3,1 bath,2,$180.00,6,TRUE,TRUE,43,5,49,1
809438031036014997,2023-12-14,Dunbar Southlands,49.22729344903631,-123.20024962635746,Entire home/apt,2,1 bath,1,NA,90,FALSE,FALSE,0,NA,0,1
809538254168280043,2023-12-14,Arbutus Ridge,49.2567618765747,-123.16934674235684,Entire home/apt,2,1 bath,1,$207.00,2,TRUE,FALSE,17,5,0,2
809679593820096907,2023-12-14,Mount Pleasant,49.26663087019293,-123.11213051839552,Private room,2,1.5 baths,1,$170.00,2,TRUE,FALSE,40,4.9,0,3
809769020944802389,2023-12-13,Victoria-Fraserview,49.21916,-123.0756,Private room,2,1 shared bath,1,$71.00,30,TRUE,FALSE,2,5,365,8
810370118563128690,2023-12-13,Hastings-Sunrise,49.2822575,-123.0291137,Entire home/apt,5,3 baths,3,$238.00,3,TRUE,FALSE,42,4.83,82,2
810923330649607464,2023-12-14,Downtown,49.28738120000001,-123.1237839,Entire home/apt,6,2 baths,3,$209.00,3,FALSE,TRUE,19,4.58,8,1
811139021189143684,2023-12-14,Renfrew-Collingwood,49.24286259561236,-123.04755614141544,Private room,1,1 shared bath,1,$56.00,2,TRUE,FALSE,31,4.97,0,2
811650296544480046,2023-12-14,Downtown Eastside,49.2825,-123.10426,Entire home/apt,3,1 bath,1,$90.00,40,FALSE,FALSE,0,NA,224,1
811785575719117178,2023-12-13,Renfrew-Collingwood,49.24722,-123.03336,Private room,2,1 private bath,1,$80.00,2,TRUE,FALSE,62,4.87,351,1
811791971762982333,2023-12-13,Dunbar Southlands,49.25462635359887,-123.1781315435848,Private room,8,2 baths,6,$183.00,1,FALSE,FALSE,25,4.72,127,2
811946641249719401,2023-12-14,Downtown,49.2778214,-123.1296535,Entire home/apt,2,1 bath,1,$275.00,30,TRUE,TRUE,0,NA,365,1
812319276973551821,2023-12-13,Kitsilano,49.26417,-123.16375,Entire home/apt,2,1 bath,1,$120.00,30,FALSE,FALSE,2,5,155,1
812424268054567846,2023-12-14,Renfrew-Collingwood,49.2550557,-123.0543513,Entire home/apt,10,4.5 baths,5,$704.00,3,FALSE,FALSE,0,NA,101,1
812686032484608574,2023-12-13,West Point Grey,49.258393064788905,-123.21114207429918,Entire home/apt,5,1.5 baths,2,$214.00,1,FALSE,TRUE,19,4.68,21,3
812698703983666053,2023-12-14,Downtown Eastside,49.277575700678,-123.10035570018896,Entire home/apt,6,2 baths,3,$186.00,2,FALSE,FALSE,59,4.73,78,1
813132395733800600,2023-12-14,Downtown,49.28830641084975,-123.1255139612212,Entire home/apt,4,1 bath,2,$169.00,30,FALSE,TRUE,3,4,337,134
813135493729264472,2023-12-13,West Point Grey,49.27440414692323,-123.2085612333328,Entire home/apt,8,2.5 baths,4,$545.00,7,FALSE,FALSE,4,5,255,1
813141036861666339,2023-12-13,Hastings-Sunrise,49.27908888074693,-123.02517958164457,Entire home/apt,8,2 baths,4,$258.00,2,FALSE,FALSE,30,4.87,301,1
813205788760259264,2023-12-13,Mount Pleasant,49.25947348446818,-123.10272861620255,Entire home/apt,2,1 bath,1,$129.00,30,FALSE,TRUE,4,4.5,323,134
813298901283382573,2023-12-14,Dunbar Southlands,49.24374776884298,-123.17522364711856,Entire home/apt,4,1 bath,2,$125.00,30,FALSE,FALSE,1,5,123,1
813527104916953418,2023-12-14,West End,49.28229702800676,-123.12440137923724,Entire home/apt,4,2 baths,2,$349.00,30,TRUE,FALSE,17,5,309,2
813864907002198260,2023-12-13,Riley Park,49.24169170494656,-123.10103861333772,Entire home/apt,4,1 bath,2,$131.00,30,FALSE,TRUE,0,NA,49,134
813894242781789538,2023-12-14,South Cambie,49.25049609591491,-123.12100236904786,Entire home/apt,5,1 bath,3,$131.00,1,FALSE,FALSE,5,5,6,3
814537539514681800,2023-12-14,Oakridge,49.22688643974225,-123.11505039246843,Entire home/apt,4,1 bath,1,$120.00,30,FALSE,FALSE,0,NA,0,1
814539073281031994,2023-12-14,Downtown,49.28097767840231,-123.12581936133346,Entire home/apt,2,1 bath,1,$260.00,30,FALSE,TRUE,0,NA,269,1
814560282357204243,2023-12-14,Downtown,49.27983513419111,-123.12664874603271,Entire home/apt,2,1 bath,1,$99.00,30,FALSE,FALSE,1,5,288,1
814597139279049984,2023-12-14,Kitsilano,49.27211211139485,-123.16129182469642,Entire home/apt,2,1 bath,1,$152.00,30,TRUE,FALSE,0,NA,30,1
815223518594211049,2023-12-14,Riley Park,49.254668446049145,-123.091867392964,Entire home/apt,2,1 bath,1,$65.00,1,FALSE,FALSE,6,4.5,364,19
815257652995933065,2023-12-14,Victoria-Fraserview,49.21857834185587,-123.0685382954826,Entire home/apt,8,3.5 baths,4,$445.00,2,FALSE,TRUE,28,4.76,0,5
815493277785201057,2023-12-14,Downtown,49.27962615914464,-123.1071744589632,Entire home/apt,5,2 baths,3,$288.00,1,TRUE,FALSE,69,4.97,26,1
816156629004503297,2023-12-13,West Point Grey,49.2683,-123.1866,Entire home/apt,2,1 bath,2,$100.00,30,FALSE,FALSE,0,NA,60,1
816267355510316449,2023-12-14,Oakridge,49.22629556751566,-123.11455290093808,Private room,2,1 private bath,1,NA,30,FALSE,FALSE,0,NA,0,1
816313821794595006,2023-12-13,Hastings-Sunrise,49.2849,-123.02796,Entire home/apt,4,1 bath,2,$93.00,2,TRUE,FALSE,20,5,270,1
816607721587003071,2023-12-14,Downtown,49.2792813,-123.1065474,Entire home/apt,5,1 bath,3,$144.00,1,FALSE,FALSE,40,4.85,78,1
816757366853117057,2023-12-13,Kitsilano,49.26211826283791,-123.1687862924164,Entire home/apt,4,1.5 baths,2,$33.00,30,FALSE,TRUE,3,5,161,134
816835927465327161,2023-12-14,Marpole,49.21166,-123.13538,Private room,2,1 shared bath,1,$52.00,1,NA,FALSE,14,4.2,0,1
816989776170988991,2023-12-13,Dunbar Southlands,49.23859575474589,-123.18200431219286,Private room,3,1 private bath,2,$110.00,2,TRUE,FALSE,11,5,339,6
817332927410128183,2023-12-14,Mount Pleasant,49.26449630766616,-123.08631298404728,Entire home/apt,2,1 bath,1,$115.00,30,FALSE,FALSE,1,5,364,1
817477350918898655,2023-12-14,Downtown,49.27787,-123.1066,Entire home/apt,6,2 baths,4,$281.00,1,TRUE,TRUE,19,4.9,0,7
817503454842664366,2023-12-14,Kensington-Cedar Cottage,49.24926695876623,-123.0585675582374,Entire home/apt,4,1 bath,1,$100.00,2,FALSE,FALSE,4,3.75,13,2
817541757656568991,2023-12-14,Mount Pleasant,49.270831344254646,-123.10411412084277,Entire home/apt,4,2 baths,2,$145.00,30,FALSE,TRUE,2,4.33,0,2
817575773465877469,2023-12-14,Riley Park,49.23716,-123.09731,Entire home/apt,2,1 bath,1,$225.00,3,TRUE,FALSE,14,5,68,1
818220471803518550,2023-12-14,West End,49.28798941583594,-123.12764162626584,Entire home/apt,3,1 bath,1,$175.00,30,FALSE,FALSE,0,NA,0,3
818346658146233763,2023-12-14,Kerrisdale,49.23139360768712,-123.14833592623472,Entire home/apt,3,1 bath,2,$195.00,1,TRUE,FALSE,32,5,220,1
818445616890620894,2023-12-13,Dunbar Southlands,49.24040518903854,-123.1821808889703,Private room,4,1 private bath,2,$135.00,2,TRUE,FALSE,10,4.9,365,6
818451811422463623,2023-12-14,Kitsilano,49.25983872853498,-123.1472222715895,Entire home/apt,2,1 bath,1,$166.00,2,TRUE,FALSE,20,4.81,0,1
818456929236947751,2023-12-13,Kensington-Cedar Cottage,49.2506612886386,-123.08728632067285,Entire home/apt,2,1 bath,1,$73.00,30,TRUE,FALSE,4,5,188,1
818776253504919317,2023-12-14,Marpole,49.20689864775023,-123.13642812611448,Entire home/apt,4,1 bath,1,$85.00,30,NA,FALSE,0,NA,333,1
818793085259782396,2023-12-13,Mount Pleasant,49.26037,-123.07903,Private room,2,1 shared bath,1,$87.00,1,FALSE,TRUE,3,3.33,365,8
818887665694053573,2023-12-13,Dunbar Southlands,49.23840693703192,-123.1821586500168,Private room,2,1 shared bath,1,$89.00,2,TRUE,FALSE,15,4.87,270,6
818889847287776361,2023-12-13,Dunbar Southlands,49.238447537273565,-123.18006822438112,Private room,1,1 private bath,1,$76.00,2,TRUE,FALSE,18,4.94,253,6
818892097792941364,2023-12-13,Dunbar Southlands,49.23884352516022,-123.18195421244651,Private room,2,1 shared bath,1,$94.00,2,TRUE,TRUE,11,5,352,6
818895221615927456,2023-12-13,Dunbar Southlands,49.24012125762421,-123.18017664398538,Private room,2,1 private bath,1,$99.00,2,TRUE,FALSE,10,4.8,361,6
818925794417406354,2023-12-13,Dunbar Southlands,49.24963819017296,-123.18194811221548,Private room,1,1 shared bath,1,$87.00,1,TRUE,FALSE,37,4.78,180,8
818953301259137662,2023-12-14,West End,49.287536694380265,-123.12661542602302,Entire home/apt,2,1 bath,1,$160.00,30,FALSE,FALSE,0,NA,0,3
818968740608404569,2023-12-14,West End,49.28772219600139,-123.12678823068848,Entire home/apt,4,2 baths,2,$187.00,30,FALSE,FALSE,0,NA,0,3
819320078606480034,2023-12-14,Downtown,49.27884536656914,-123.10729511082172,Entire home/apt,5,2 baths,2,$150.00,1,FALSE,FALSE,68,4.56,98,43
819526666335812869,2023-12-14,Grandview-Woodland,49.26628124487139,-123.062419197918,Entire home/apt,9,3.5 baths,8,$376.00,4,FALSE,FALSE,0,NA,149,1
819885558177176872,2023-12-14,West End,49.287936377565536,-123.12795224500027,Entire home/apt,6,2 baths,3,$228.00,2,TRUE,FALSE,61,4.92,161,4
820383721703708765,2023-12-14,Downtown,49.27369729999999,-123.1179254,Entire home/apt,4,2 baths,2,$250.00,30,FALSE,FALSE,1,5,362,2
820973789656988569,2023-12-14,Downtown,49.27986,-123.10665,Entire home/apt,2,1 bath,1,$116.00,2,FALSE,TRUE,62,4.75,0,1
820996714759656390,2023-12-14,Mount Pleasant,49.26677,-123.09717,Entire home/apt,2,1 bath,1,NA,2,TRUE,FALSE,19,5,0,1
821057991590741382,2023-12-14,Downtown,49.2801052,-123.1085108,Entire home/apt,6,2 baths,3,$150.00,30,FALSE,FALSE,4,4.5,286,1
821278178544904615,2023-12-14,West End,49.2874104,-123.1283507,Entire home/apt,6,2 baths,3,$628.00,2,TRUE,FALSE,60,4.97,0,4
821331390697700532,2023-12-13,Kitsilano,49.25777593973691,-123.17098531248698,Entire home/apt,6,1 bath,3,$399.00,2,TRUE,FALSE,28,4.79,18,1
821612668596992424,2023-12-14,Mount Pleasant,49.26966629228479,-123.10201193360936,Entire home/apt,3,1 bath,2,$120.00,1,TRUE,TRUE,37,4.87,0,2
821741194237868385,2023-12-14,Shaughnessy,49.23552,-123.13608,Entire home/apt,6,1 bath,2,$125.00,30,TRUE,TRUE,2,5,258,1
821769607034475521,2023-12-13,Kitsilano,49.27308,-123.16006,Entire home/apt,2,1 bath,1,$48.00,30,FALSE,TRUE,3,5,305,134
821810649784484964,2023-12-13,South Cambie,49.25696444961584,-123.12123135068886,Entire home/apt,2,1 bath,1,$169.00,30,FALSE,TRUE,3,5,138,10
821911218280453433,2023-12-14,Victoria-Fraserview,49.21186470740369,-123.06259352399434,Entire home/apt,4,1 bath,2,$100.00,30,FALSE,FALSE,0,NA,225,1
821920671448074191,2023-12-14,Mount Pleasant,49.257521169193794,-123.0786483232063,Entire home/apt,2,1 bath,1,$120.00,2,TRUE,FALSE,36,4.94,178,1
821987240732094320,2023-12-14,Downtown,49.2792813,-123.1065474,Entire home/apt,4,1 bath,3,$136.00,2,FALSE,TRUE,63,4.63,0,1
822017366751329320,2023-12-14,Mount Pleasant,49.25843589999999,-123.0831256,Entire home/apt,4,2 baths,2,$280.00,2,TRUE,FALSE,23,4.96,0,1
822441613193664644,2023-12-14,Downtown,49.2764841,-123.1296261,Entire home/apt,5,2 baths,2,$235.00,30,FALSE,FALSE,3,5,209,1
822612659530048385,2023-12-14,Victoria-Fraserview,49.21335780613581,-123.063332588673,Entire home/apt,5,1 bath,3,$89.00,30,FALSE,TRUE,4,4.75,14,3
823135770492229443,2023-12-13,Renfrew-Collingwood,49.2472416,-123.0334158,Private room,1,1 shared bath,1,$76.00,1,NA,FALSE,0,NA,244,1
823190880004287780,2023-12-13,Riley Park,49.25508,-123.09017,Private room,2,1 shared bath,1,$41.00,1,FALSE,TRUE,2,2.5,365,19
823337465448951089,2023-12-13,Mount Pleasant,49.25729,-123.1062,Entire home/apt,6,2.5 baths,3,$333.00,2,FALSE,TRUE,27,4.85,226,134
823355243958187512,2023-12-13,Mount Pleasant,49.26847,-123.10335,Entire home/apt,4,1 bath,2,$119.00,1,TRUE,TRUE,30,4.97,337,1
823447441153800432,2023-12-14,Renfrew-Collingwood,49.2451397,-123.0323404,Private room,2,1 bath,1,$43.00,30,NA,FALSE,0,NA,80,1
823555405551448302,2023-12-14,Downtown,49.27852000746791,-123.10750017139608,Entire home/apt,4,1 bath,2,$124.00,1,TRUE,TRUE,36,4.75,174,3
824108691641903019,2023-12-13,Shaughnessy,49.23475989468973,-123.1314531674194,Private room,6,2 baths,4,$358.00,2,FALSE,FALSE,0,NA,180,4
824121696931511054,2023-12-13,Shaughnessy,49.23454529796362,-123.12958298984228,Private room,2,1 private bath,1,$158.00,2,FALSE,FALSE,1,3,180,4
824229392995985367,2023-12-14,Downtown,49.28013073792554,-123.12118438737345,Entire home/apt,2,1 bath,1,$144.00,2,TRUE,FALSE,62,4.86,0,1
824782567266053776,2023-12-13,Hastings-Sunrise,49.2754436,-123.0562554,Entire home/apt,4,1 bath,2,$171.00,3,TRUE,FALSE,29,5,53,1
824951093312674964,2023-12-14,Renfrew-Collingwood,49.23382784456989,-123.05199275134852,Entire home/apt,2,1 bath,1,$135.00,2,TRUE,TRUE,14,5,364,1
826156209166485446,2023-12-14,Downtown,49.27542,-123.11646,Entire home/apt,5,4 baths,3,$500.00,30,FALSE,FALSE,0,NA,234,42
826664270288248222,2023-12-14,Downtown,49.27813309263449,-123.12090753989486,Entire home/apt,5,1 bath,2,$199.00,2,TRUE,FALSE,42,4.81,77,4
827075996452316933,2023-12-13,Kitsilano,49.27242078228692,-123.1615704667285,Entire home/apt,2,1 bath,1,$241.00,1,TRUE,TRUE,26,4.92,357,1
827468694360651033,2023-12-14,Mount Pleasant,49.25682,-123.0777,Entire home/apt,5,2.5 baths,4,$315.00,30,FALSE,FALSE,2,5,314,1
827493154825565862,2023-12-13,West Point Grey,49.2627553,-123.2118634,Entire home/apt,5,2 baths,2,$148.00,1,TRUE,FALSE,41,4.95,114,4
827666936686603231,2023-12-14,Downtown,49.28028,-123.12615,Entire home/apt,2,1 bath,1,$125.00,2,TRUE,FALSE,38,4.92,0,1
827678581189538838,2023-12-14,Renfrew-Collingwood,49.24159392311278,-123.04238952551552,Entire home/apt,6,1.5 baths,3,$140.00,1,FALSE,TRUE,45,4.47,40,43
827768631980392538,2023-12-14,West End,49.2881788,-123.1277554,Entire home/apt,5,3 baths,3,$300.00,30,FALSE,FALSE,0,NA,181,2
827827687426585816,2023-12-14,Downtown,49.27989098068639,-123.10843588465576,Entire home/apt,6,2 baths,4,$236.00,1,TRUE,TRUE,55,4.93,33,1
827860475999483882,2023-12-14,Kitsilano,49.25864094228451,-123.16725056941164,Entire home/apt,4,1 bath,3,$182.00,2,TRUE,FALSE,62,4.94,0,1
828253993149709874,2023-12-13,Grandview-Woodland,49.27991651202041,-123.07218438745916,Entire home/apt,2,1 bath,2,$90.00,30,FALSE,FALSE,2,5,61,1
828338107480483246,2023-12-14,Downtown,49.2811822,-123.1252069,Entire home/apt,3,1 bath,2,$125.00,1,TRUE,FALSE,90,4.99,27,1
828519791199578893,2023-12-13,Mount Pleasant,49.2659140343727,-123.0987433945733,Entire home/apt,2,1 bath,1,$225.00,3,TRUE,FALSE,16,5,12,2
828533155139699964,2023-12-14,Downtown,49.27958440679424,-123.1087493116394,Entire home/apt,5,2 baths,4,$337.00,2,TRUE,FALSE,14,4.86,332,1
828632440428549429,2023-12-14,Dunbar Southlands,49.25272110667867,-123.17840434404692,Entire home/apt,4,1 bath,2,$104.00,1,FALSE,FALSE,19,4.65,0,2
829079304829825241,2023-12-14,Downtown,49.2738472,-123.1257407,Entire home/apt,4,1 bath,2,$145.00,30,FALSE,FALSE,2,5,340,1
829152679576545039,2023-12-14,Downtown,49.27893130243866,-123.11891397104922,Entire home/apt,4,1 bath,2,$199.00,30,TRUE,TRUE,0,NA,284,2
829157542914667623,2023-12-14,Riley Park,49.25316299805223,-123.09149307386028,Entire home/apt,2,1 bath,1,$156.00,1,FALSE,FALSE,0,NA,364,19
829162601662508846,2023-12-14,Riley Park,49.255004143566566,-123.0917169753194,Entire home/apt,2,1 bath,1,$75.00,1,FALSE,FALSE,2,3.5,364,19
829193558827888044,2023-12-14,West End,49.27973,-123.12972,Entire home/apt,3,1 bath,1,$220.00,30,FALSE,FALSE,0,NA,0,2
829276983804768957,2023-12-14,Mount Pleasant,49.2591698,-123.1057091,Entire home/apt,6,3.5 baths,3,$950.00,30,FALSE,FALSE,0,NA,187,1
829564085300659046,2023-12-13,Hastings-Sunrise,49.2627764,-123.0466362,Entire home/apt,2,1 bath,1,$74.00,30,FALSE,FALSE,0,NA,292,1
829783053362364517,2023-12-14,Victoria-Fraserview,49.2282126,-123.0741579,Entire home/apt,4,2 baths,2,$104.00,2,FALSE,FALSE,56,4.98,1,1
829848612337271038,2023-12-13,Hastings-Sunrise,49.2793,-123.0458921,Entire home/apt,4,1 bath,2,$186.00,2,TRUE,FALSE,40,4.95,228,1
829923129967110328,2023-12-13,Mount Pleasant,49.26913320369414,-123.10726637482404,Entire home/apt,6,1 bath,3,$284.00,30,FALSE,TRUE,7,5,135,1
830450880018212893,2023-12-14,Downtown,49.28988665166371,-123.12679760595194,Entire home/apt,3,1 bath,1,$120.00,30,FALSE,FALSE,2,5,270,1
830518499614239982,2023-12-13,Victoria-Fraserview,49.2093257227857,-123.06825864178298,Entire home/apt,5,1 bath,4,$159.00,1,NA,FALSE,23,4.96,22,6
830528538990494916,2023-12-14,Mount Pleasant,49.26369024037579,-123.09616254092812,Entire home/apt,4,2 baths,1,$100.00,3,FALSE,FALSE,0,NA,2,1
830586443441145413,2023-12-13,Victoria-Fraserview,49.20918902566563,-123.06817988777796,Entire home/apt,5,1 bath,3,$159.00,1,NA,FALSE,22,4.95,92,6
830665210389341407,2023-12-14,Grandview-Woodland,49.2769749,-123.0639104,Entire home/apt,6,1.5 baths,3,$264.00,3,TRUE,FALSE,11,5,22,3
830711481984661942,2023-12-14,Downtown,49.290027562417634,-123.12584911206564,Entire home/apt,4,2 baths,2,$200.00,30,FALSE,FALSE,0,NA,308,1
830806983611671103,2023-12-14,Hastings-Sunrise,49.2793139,-123.0555253,Private room,1,1 private bath,1,NA,30,FALSE,FALSE,0,NA,0,1
830854539305841546,2023-12-14,Oakridge,49.22640902838729,-123.1273511506561,Entire home/apt,4,1 bath,2,$105.00,1,TRUE,FALSE,57,4.89,8,1
831185084721591775,2023-12-14,Oakridge,49.2278187,-123.1264729,Entire home/apt,6,2 baths,4,$161.00,1,TRUE,FALSE,34,4.85,342,6
831358632278078193,2023-12-14,Arbutus Ridge,49.24379859924775,-123.15707691248352,Entire home/apt,8,3 baths,4,$484.00,2,FALSE,TRUE,18,5,219,134
831389205687869932,2023-12-14,Arbutus Ridge,49.24218542191133,-123.15702763424883,Entire home/apt,8,3 baths,4,$166.00,2,FALSE,TRUE,29,4.72,358,134
831403503608156348,2023-12-13,Arbutus Ridge,49.24220208790547,-123.15549599691028,Entire home/apt,2,1 bath,1,$92.00,30,FALSE,TRUE,4,5,340,134
831447043462519789,2023-12-14,Arbutus Ridge,49.24232095623468,-123.15695727314494,Entire home/apt,2,1 bath,1,$104.00,30,FALSE,TRUE,4,5,339,134
831853928325655152,2023-12-14,Mount Pleasant,49.269237060305386,-123.1022273255215,Entire home/apt,6,2 baths,4,$90.00,3,TRUE,FALSE,34,4.94,75,3
831887238207567105,2023-12-13,Riley Park,49.25487,-123.09203,Private room,3,1 shared bath,2,$200.00,1,FALSE,FALSE,0,NA,365,19
831888224354592213,2023-12-13,Riley Park,49.24172630684259,-123.10085676508182,Entire home/apt,2,1 bath,1,$141.00,30,FALSE,TRUE,3,5,63,134
832137825019254833,2023-12-14,Downtown,49.27918567387599,-123.12543362700453,Entire home/apt,2,1 bath,1,$142.00,2,TRUE,FALSE,55,4.95,37,1
832151642151506037,2023-12-14,West End,49.27894626541925,-123.13160190166808,Entire home/apt,2,1 bath,2,$254.00,14,TRUE,FALSE,9,5,35,1
832182273093680726,2023-12-14,Dunbar Southlands,49.25110417702642,-123.17433152536194,Entire home/apt,6,1.5 baths,3,$330.00,1,FALSE,FALSE,5,4,190,3
832214966383943397,2023-12-13,Dunbar Southlands,49.24966784798936,-123.17239886731464,Private room,2,1 shared bath,1,$137.00,1,FALSE,FALSE,2,5,277,3
832218539489047975,2023-12-13,Dunbar Southlands,49.25185586315276,-123.1740540679276,Private room,2,1.5 baths,1,$145.00,1,FALSE,FALSE,2,5,295,3
832367611665547888,2023-12-14,West End,49.28105417275763,-123.12765921957862,Entire home/apt,6,2 baths,2,$218.00,3,TRUE,FALSE,45,4.89,340,21
832418098889529491,2023-12-14,Kerrisdale,49.22518481833041,-123.16775083440083,Entire home/apt,7,2 baths,4,$200.00,3,TRUE,FALSE,15,4.73,111,2
832592028736031201,2023-12-14,Downtown Eastside,49.277752831782536,-123.09926453491822,Entire home/apt,4,2 baths,3,$308.00,2,FALSE,FALSE,28,4.71,235,1
832632824910599045,2023-12-13,Sunset,49.22205561895657,-123.09552915705596,Private room,1,1 shared bath,1,$70.00,30,FALSE,FALSE,0,NA,364,1
832673361143481015,2023-12-14,Downtown,49.28008385664326,-123.12424514899747,Entire home/apt,4,1 bath,2,$475.00,3,TRUE,FALSE,19,5,328,1
832751454467785233,2023-12-14,West End,49.27812828240459,-123.13160814082153,Entire home/apt,2,1 bath,1,$124.00,30,TRUE,FALSE,4,5,304,2
832819259676175133,2023-12-14,Downtown,49.280040554466105,-123.1087080286578,Entire home/apt,2,1 bath,1,$200.00,30,FALSE,FALSE,0,NA,303,2
833064058522705655,2023-12-14,West End,49.283060557222086,-123.13111840067914,Entire home/apt,4,2 baths,2,$150.00,30,FALSE,TRUE,48,4.77,101,3
833508002005114722,2023-12-13,Oakridge,49.226154450441385,-123.13484790098066,Private room,2,2 shared baths,1,$110.00,2,TRUE,TRUE,0,NA,39,9
833508008970192650,2023-12-13,Oakridge,49.2250534,-123.1337274,Private room,2,1 private bath,1,$150.00,2,TRUE,TRUE,0,NA,39,9
833508014628227102,2023-12-13,Oakridge,49.22405,-123.13269,Private room,4,1 private bath,2,$174.00,2,TRUE,FALSE,0,NA,19,9
833531468886732432,2023-12-14,West End,49.28497793721468,-123.12911640772364,Entire home/apt,2,1 bath,1,$144.00,30,FALSE,TRUE,56,4.71,61,3
833545229954230087,2023-12-14,West End,49.2803737872278,-123.13084528998638,Entire home/apt,4,1 bath,2,$142.00,30,FALSE,TRUE,47,4.73,0,3
833609826507803676,2023-12-14,Downtown,49.2864419,-123.1152959,Entire home/apt,4,2 baths,2,$189.00,30,FALSE,FALSE,0,NA,133,4
833952751887096562,2023-12-14,Downtown,49.2811822,-123.1252069,Entire home/apt,2,1 bath,1,$120.00,2,FALSE,FALSE,0,NA,46,1
833985339076263615,2023-12-14,Shaughnessy,49.24145842146355,-123.14182509967377,Entire home/apt,6,3 baths,5,$464.00,7,FALSE,FALSE,1,1,20,1
834163324757302172,2023-12-13,Kitsilano,49.26695367602,-123.1560634924197,Entire home/apt,2,1 bath,1,$58.00,30,FALSE,TRUE,5,5,316,134
834878671729325080,2023-12-14,Arbutus Ridge,49.24517730780525,-123.14890989363192,Entire home/apt,9,2 baths,7,"$1,180.00",7,FALSE,FALSE,4,5,125,1
835149586293256668,2023-12-13,West Point Grey,49.26303834675347,-123.2036895964526,Private room,2,1 shared bath,1,$69.00,31,FALSE,FALSE,0,NA,139,7
835449543239087649,2023-12-13,Dunbar Southlands,49.23348675435321,-123.19418632145756,Private room,1,1 shared bath,1,$79.00,31,FALSE,FALSE,0,NA,364,6
835720353902468808,2023-12-14,Downtown,49.28025,-123.1073,Entire home/apt,5,2 baths,3,$202.00,2,TRUE,TRUE,21,4.71,77,1
835784871538797794,2023-12-14,Kitsilano,49.26814278156622,-123.17924327968048,Shared room,3,1 shared bath,4,$75.00,31,FALSE,FALSE,0,NA,364,6
835802447957910600,2023-12-14,Downtown,49.27975,-123.108,Entire home/apt,5,2 baths,2,$272.00,1,FALSE,TRUE,13,4.69,65,6
835958524554344433,2023-12-13,Kitsilano,49.26764887541821,-123.17911753620936,Private room,1,1 shared bath,1,$66.00,14,FALSE,FALSE,4,4.5,343,6
836196414052411745,2023-12-13,Renfrew-Collingwood,49.25253293928424,-123.04086363092703,Entire home/apt,2,1 bath,2,$106.00,2,TRUE,FALSE,27,5,56,1
836285112356489303,2023-12-13,Mount Pleasant,49.26156618716595,-123.10279499506296,Entire home/apt,2,1 bath,1,$136.00,30,FALSE,TRUE,4,5,320,134
836305082954910615,2023-12-13,Kitsilano,49.26605168408875,-123.15714507941324,Entire home/apt,2,1 bath,1,$71.00,30,FALSE,TRUE,2,5,340,134
836309421449496016,2023-12-14,Downtown Eastside,49.281486392390846,-123.10320564985967,Entire home/apt,4,1 bath,2,$121.00,2,FALSE,FALSE,24,4.75,44,1
836324398738876962,2023-12-13,Kitsilano,49.2653491411627,-123.15705444738616,Entire home/apt,2,1 bath,1,$73.00,30,FALSE,TRUE,6,4.67,315,134
836420075997420599,2023-12-14,Kitsilano,49.27306928359563,-123.1643012318812,Entire home/apt,6,2 baths,3,$195.00,60,FALSE,FALSE,2,5,82,1
836423224549668984,2023-12-13,Kerrisdale,49.22659337369087,-123.14976986922538,Private room,2,1 shared bath,1,$102.00,1,FALSE,FALSE,10,5,269,3
836456826317896553,2023-12-14,Riley Park,49.24628619523033,-123.09586242891636,Entire home/apt,8,3.5 baths,5,$867.00,3,TRUE,FALSE,12,5,242,1
837194855515069594,2023-12-14,Kensington-Cedar Cottage,49.24989967656687,-123.0803112096072,Entire home/apt,6,2 baths,3,$140.00,1,TRUE,FALSE,36,4.97,312,1
837235462314777474,2023-12-14,Kitsilano,49.26060265561073,-123.18542446328044,Entire home/apt,6,1 bath,3,$41.00,1,TRUE,FALSE,40,4.79,0,3
837439692581974753,2023-12-14,Riley Park,49.23972029999999,-123.1167952,Entire home/apt,6,2 baths,3,$227.00,30,TRUE,TRUE,1,5,40,2
837624762679858877,2023-12-14,Renfrew-Collingwood,49.24742395103957,-123.02390318689758,Entire home/apt,6,2 baths,3,$200.00,2,TRUE,FALSE,33,5,76,1
837734346299193572,2023-12-14,Marpole,49.2147438,-123.1422107,Entire home/apt,10,3.5 baths,5,$866.00,2,FALSE,FALSE,0,NA,0,2
837735349958652725,2023-12-14,Downtown,49.27418423399702,-123.12633321347178,Entire home/apt,4,1 bath,2,$220.00,30,FALSE,FALSE,5,5,0,1
837756513018469613,2023-12-13,Fairview,49.2604051885633,-123.139792537601,Entire home/apt,2,1 bath,1,$40.00,30,FALSE,TRUE,2,5,124,134
837772775743134643,2023-12-13,Fairview,49.26222136910896,-123.1390883912723,Entire home/apt,2,1 bath,1,$109.00,30,FALSE,TRUE,4,5,97,134
837782903113518730,2023-12-13,Fairview,49.26260996657519,-123.14094635005088,Entire home/apt,4,1 bath,2,$142.00,30,FALSE,TRUE,2,5,319,134
838444763729137456,2023-12-14,Downtown,49.27647553258458,-123.12427295715604,Entire home/apt,8,2 baths,3,$562.00,2,TRUE,FALSE,18,5,348,1
838586420537378553,2023-12-14,Downtown,49.27998688182808,-123.10679505125891,Private room,4,1 private bath,2,$110.00,2,TRUE,FALSE,0,NA,179,1
838660821598665306,2023-12-13,Kensington-Cedar Cottage,49.252059830254005,-123.08187206284464,Private room,2,1 shared bath,1,$50.00,30,FALSE,TRUE,1,4,334,1
838697859701045478,2023-12-14,Hastings-Sunrise,49.27171388067698,-123.0526399212127,Entire home/apt,7,3.5 baths,4,$625.00,90,FALSE,FALSE,0,NA,170,1
838717634209839574,2023-12-14,Downtown,49.278047036191936,-123.10654707091548,Entire home/apt,4,1 bath,2,$153.00,30,TRUE,FALSE,0,NA,212,5
838749485352937770,2023-12-14,Downtown,49.2788408,-123.107399,Entire home/apt,5,1 bath,3,NA,2,FALSE,FALSE,27,4.59,0,1
838756003615851523,2023-12-13,Riley Park,49.25600148982511,-123.108516857028,Entire home/apt,3,1 bath,2,$160.00,30,FALSE,FALSE,1,5,225,1
838836701465376791,2023-12-14,West End,49.28697,-123.13125,Entire home/apt,3,1 bath,1,$97.00,2,FALSE,TRUE,31,4.52,61,2
838847009640524238,2023-12-14,West End,49.2835795685242,-123.13667428334536,Entire home/apt,2,1 bath,2,$120.00,7,FALSE,FALSE,31,4.77,89,2
839056487729299204,2023-12-14,Downtown,49.2793016,-123.1078507,Entire home/apt,6,2 baths,3,$400.00,2,FALSE,FALSE,4,5,278,1
839071112311991973,2023-12-13,Hastings-Sunrise,49.286184429981766,-123.03008289618388,Entire home/apt,4,1.5 baths,2,$152.00,3,FALSE,FALSE,5,4.6,32,1
839274963428227744,2023-12-13,Mount Pleasant,49.26806600379151,-123.100406224041,Entire home/apt,4,1 bath,2,$200.00,2,TRUE,FALSE,24,4.96,35,1
839461130154790184,2023-12-14,Downtown,49.27931571063336,-123.11971715617396,Private room,2,1 shared bath,1,$104.00,1,FALSE,FALSE,91,4.71,47,1
839949867511598069,2023-12-14,Downtown,49.2792118,-123.1214803,Entire home/apt,4,1 bath,2,$162.00,1,TRUE,FALSE,65,4.78,49,2
840010881239291427,2023-12-14,Downtown,49.2801052,-123.1085108,Entire home/apt,6,2.5 baths,2,$273.00,2,TRUE,FALSE,29,4.76,256,1
840096184574745344,2023-12-14,Downtown,49.27616976862686,-123.1275098994316,Entire home/apt,4,2.5 baths,3,$216.00,30,FALSE,FALSE,5,5,364,2
840610893638940966,2023-12-14,Downtown,49.2801011,-123.12652,Entire home/apt,2,1 bath,1,$170.00,1,FALSE,TRUE,7,4.43,277,1
840614972808656064,2023-12-14,Renfrew-Collingwood,49.23821149230794,-123.0378419905901,Entire home/apt,4,1 bath,2,$99.00,1,TRUE,FALSE,19,5,77,1
840731158280306977,2023-12-13,Dunbar Southlands,49.235758157383785,-123.1736641815302,Private room,6,1 shared bath,3,$251.00,1,TRUE,FALSE,6,4.83,332,6
840767832952713958,2023-12-14,Dunbar Southlands,49.25443847143546,-123.19192726466896,Entire home/apt,3,1 bath,2,$108.00,2,TRUE,FALSE,56,4.96,0,1
840809807574920249,2023-12-14,Downtown,49.2760599,-123.1263026,Entire home/apt,5,2 baths,3,$172.00,2,FALSE,TRUE,18,4.44,51,3
841374496455853046,2023-12-13,Strathcona,49.2697620931624,-123.09991164747773,Entire home/apt,4,1 bath,2,$112.00,1,FALSE,TRUE,40,4.75,102,43
841410712756779955,2023-12-14,Downtown,49.27607201914444,-123.13118209962973,Entire home/apt,2,1 bath,1,$120.00,30,TRUE,TRUE,0,NA,72,2
841626624357250966,2023-12-14,Shaughnessy,49.24110384312976,-123.13082243059884,Entire home/apt,10,2 baths,6,$398.00,2,FALSE,TRUE,18,4.56,60,5
841692755437414683,2023-12-14,Downtown,49.27803611381132,-123.1304890665524,Entire home/apt,3,1 bath,2,$103.00,1,TRUE,TRUE,35,4.89,0,1
841992855797021992,2023-12-14,Oakridge,49.2223416763254,-123.13037987798452,Entire home/apt,2,1 bath,1,$111.00,30,FALSE,FALSE,0,NA,284,1
842050725061353077,2023-12-14,Renfrew-Collingwood,49.24837715261072,-123.050515822502,Private room,2,1 private bath,1,$103.00,1,TRUE,FALSE,10,5,0,3
842375989109963840,2023-12-14,Downtown,49.2771293,-123.1286393,Entire home/apt,2,1 bath,1,$120.00,90,FALSE,TRUE,1,5,277,1
842405904979980916,2023-12-14,Renfrew-Collingwood,49.25815,-123.02942,Entire home/apt,5,1 bath,3,$92.00,3,TRUE,FALSE,11,4.91,335,1
842848890387649642,2023-12-14,Downtown,49.276320038626906,-123.13355959466706,Entire home/apt,2,1 bath,1,$143.00,2,TRUE,FALSE,36,4.72,84,1
842849978886255856,2023-12-13,Mount Pleasant,49.26237130956843,-123.09894910831665,Entire home/apt,4,2 baths,2,$300.00,30,FALSE,FALSE,0,NA,267,1
842902091778571152,2023-12-14,Kensington-Cedar Cottage,49.241185469667975,-123.07612784206869,Private room,1,1 shared bath,1,NA,1,TRUE,TRUE,2,5,0,2
842904285830420573,2023-12-14,Downtown,49.27716,-123.12547000000001,Entire home/apt,4,1 bath,3,$66.00,2,TRUE,FALSE,42,4.83,52,3
843207569958149647,2023-12-14,West End,49.28418982912628,-123.13623055102134,Entire home/apt,2,2 baths,1,$141.00,5,FALSE,FALSE,2,5,26,1
843558263010371084,2023-12-14,Kitsilano,49.26713764165029,-123.18171889568612,Entire home/apt,4,1 bath,2,$271.00,3,TRUE,FALSE,10,4.9,158,1
843572953001956579,2023-12-14,Strathcona,49.26537414978552,-123.08183027653128,Entire home/apt,4,1 bath,2,$399.00,3,FALSE,FALSE,25,5,34,1
843641353358144210,2023-12-14,Downtown,49.278381877818056,-123.10777374395305,Entire home/apt,6,1 bath,4,$314.00,30,FALSE,TRUE,0,NA,179,1
843783626039028098,2023-12-13,Victoria-Fraserview,49.2308546,-123.0691437,Private room,2,1 shared bath,1,$65.00,1,TRUE,FALSE,2,4,346,3
843789431473187496,2023-12-13,Victoria-Fraserview,49.229734018001736,-123.0687251853777,Private room,2,1 shared bath,1,$50.00,30,TRUE,TRUE,5,5,336,3
843794414647022682,2023-12-14,Kerrisdale,49.22436822477294,-123.1483321424042,Entire home/apt,4,1 bath,3,$213.00,1,FALSE,FALSE,9,4.78,361,3
844402747869472882,2023-12-14,Downtown,49.2792118,-123.1214803,Entire home/apt,4,1 bath,1,$203.00,2,TRUE,FALSE,39,4.85,151,5
844521032420334928,2023-12-14,South Cambie,49.24492518732485,-123.11649638640762,Entire home/apt,6,2.5 baths,3,$330.00,30,TRUE,FALSE,0,NA,0,1
844933065862884793,2023-12-14,Downtown,49.27687570000001,-123.1272035,Entire home/apt,4,1 bath,2,NA,2,TRUE,FALSE,43,4.98,0,1
844948593389718818,2023-12-14,Mount Pleasant,49.27013677725883,-123.10354550053736,Private room,1,1 private bath,1,NA,30,FALSE,FALSE,0,NA,0,1
845123152501760704,2023-12-14,Victoria-Fraserview,49.225550225528416,-123.0591616614967,Entire home/apt,4,1 bath,2,$115.00,2,FALSE,FALSE,11,4.55,179,2
845284101352923786,2023-12-14,Riley Park,49.23724759384793,-123.10472774589336,Entire home/apt,5,1 bath,2,$99.00,1,FALSE,TRUE,27,4.15,20,1
845936827653470100,2023-12-13,Kitsilano,49.2590282,-123.1565871,Private room,1,1 shared bath,1,NA,30,FALSE,FALSE,0,NA,101,1
846011065796791518,2023-12-14,Kitsilano,49.26841255874714,-123.1562325423279,Entire home/apt,3,1 bath,2,$132.00,30,FALSE,FALSE,1,5,1,1
846422238236008208,2023-12-14,Dunbar Southlands,49.24313874339504,-123.17219415859124,Entire home/apt,4,2 baths,3,$320.00,30,FALSE,TRUE,0,NA,346,1
846423776304850185,2023-12-13,Kensington-Cedar Cottage,49.2445321,-123.0724533,Entire home/apt,4,2 baths,2,$139.00,2,TRUE,TRUE,40,4.98,331,1
846579457028612266,2023-12-14,Downtown,49.2777106,-123.1210817,Entire home/apt,2,1 bath,1,$139.00,30,TRUE,FALSE,1,4,360,11
846601374141025634,2023-12-14,Downtown,49.27847031928973,-123.10962041193086,Entire home/apt,6,2 baths,3,$184.00,2,TRUE,TRUE,25,4.81,0,1
846637984284660805,2023-12-14,Downtown,49.2792358,-123.1176755,Entire home/apt,2,1 bath,1,$153.00,30,TRUE,FALSE,3,5,0,1
846715605756470637,2023-12-13,Fairview,49.27059693181557,-123.13918017884716,Entire home/apt,2,1.5 baths,1,$140.00,30,FALSE,FALSE,1,5,291,1
846723884761881855,2023-12-14,West End,49.2891936,-123.1422683,Entire home/apt,1,1 bath,1,$220.00,7,FALSE,FALSE,2,5,364,3
847199218828452796,2023-12-14,Downtown,49.288072342601176,-123.12631118713036,Entire home/apt,6,2 baths,3,$275.00,30,FALSE,FALSE,0,NA,364,1
847244718737289203,2023-12-13,Grandview-Woodland,49.26803325662575,-123.07177259632248,Entire home/apt,2,1 bath,1,NA,90,FALSE,FALSE,0,NA,173,1
847398646238437144,2023-12-13,Renfrew-Collingwood,49.23974809920286,-123.0490654603322,Entire home/apt,3,1 bath,1,$79.00,1,TRUE,FALSE,30,4.9,256,1
847869680422898811,2023-12-13,Downtown Eastside,49.2812772,-123.083988,Entire home/apt,4,2 baths,2,$103.00,2,FALSE,TRUE,59,4.71,142,1
848026711345020633,2023-12-14,West End,49.29026125465597,-123.13945407903184,Entire home/apt,2,1 bath,2,$206.00,20,FALSE,FALSE,2,4.5,364,3
848127736445808160,2023-12-14,Victoria-Fraserview,49.21522245031085,-123.0765229979004,Entire home/apt,3,1 bath,1,$71.00,1,FALSE,FALSE,31,4.78,0,1
848319438420528343,2023-12-14,Killarney,49.2317086,-123.0352101,Entire home/apt,5,2 baths,3,$134.00,1,TRUE,FALSE,31,4.84,83,1
848525178950201373,2023-12-13,Kitsilano,49.26511246841204,-123.1575511948538,Entire home/apt,2,1 bath,1,$26.00,30,FALSE,TRUE,2,5,334,134
848541932619132809,2023-12-13,Victoria-Fraserview,49.21484552448528,-123.07687047868968,Private room,1,1 shared bath,1,$116.00,30,TRUE,FALSE,1,5,365,9
848589895535725197,2023-12-13,Victoria-Fraserview,49.2148455,-123.0768704,Private room,1,1 shared bath,1,$95.00,30,TRUE,FALSE,3,4.67,287,9
848604117206943636,2023-12-13,Downtown,49.2771031,-123.1088116,Entire home/apt,2,1 bath,1,$105.00,30,FALSE,FALSE,1,5,364,5
848908115445660749,2023-12-14,Kensington-Cedar Cottage,49.259643285133606,-123.06904274967133,Entire home/apt,3,1 bath,1,$95.00,30,FALSE,FALSE,4,5,233,1
848945459989586561,2023-12-14,Kitsilano,49.26372481146391,-123.16434583940917,Entire home/apt,8,2 baths,4,$693.00,2,TRUE,TRUE,34,4.69,0,1
849324342182298761,2023-12-14,West End,49.27777964585597,-123.13164311208146,Entire home/apt,5,2 baths,2,$171.00,8,FALSE,TRUE,18,4.78,289,5
849475084353765646,2023-12-13,Marpole,49.21406371291576,-123.11533481771478,Entire home/apt,4,2 baths,2,$144.00,30,TRUE,FALSE,9,5,78,5
849923804129716844,2023-12-14,Kensington-Cedar Cottage,49.24598356504095,-123.06827076367972,Entire home/apt,8,2 baths,4,$133.00,7,FALSE,FALSE,3,4.33,63,3
849941441995223438,2023-12-13,Mount Pleasant,49.26679084114537,-123.097385215799,Entire home/apt,2,1 bath,2,$125.00,2,TRUE,FALSE,24,4.92,149,1
850074702335810846,2023-12-14,Downtown,49.2792813,-123.1065474,Entire home/apt,3,1 bath,2,$142.00,1,FALSE,TRUE,46,4.7,0,2
850122442638170268,2023-12-13,Arbutus Ridge,49.25344579999999,-123.1695418,Entire home/apt,4,2 baths,2,$221.00,2,TRUE,FALSE,13,5,317,1
850607283265920609,2023-12-14,West End,49.27851095315378,-123.13469874037916,Entire home/apt,4,1 bath,2,$132.00,3,FALSE,TRUE,6,4.83,184,1
850715436660748137,2023-12-13,Dunbar Southlands,49.25455,-123.17854,Private room,4,1 private bath,2,$112.00,30,FALSE,TRUE,2,4,100,43
850753552504671465,2023-12-13,Hastings-Sunrise,49.2776903267118,-123.05262267984423,Entire home/apt,4,1 bath,2,$105.00,2,TRUE,TRUE,35,4.89,257,1
850772293361913590,2023-12-14,Downtown,49.28829050251327,-123.12490738544064,Entire home/apt,4,2.5 baths,2,$105.00,1,TRUE,FALSE,56,4.86,64,1
850916133321671914,2023-12-13,Marpole,49.21338898580293,-123.1157695107013,Entire home/apt,4,2 baths,2,$192.00,30,TRUE,FALSE,12,4.92,59,5
850952189228092092,2023-12-13,Marpole,49.21547,-123.1154,Entire home/apt,4,2 baths,2,$139.00,30,TRUE,FALSE,13,5,72,5
851019765563891098,2023-12-14,Downtown,49.28043089614617,-123.11881656560668,Entire home/apt,2,1 bath,1,$115.00,30,FALSE,FALSE,2,4,364,1
851057341643129120,2023-12-13,Downtown Eastside,49.28005,-123.08432,Entire home/apt,4,1 bath,2,$89.00,2,TRUE,FALSE,41,4.9,104,1
851412043333033984,2023-12-14,Downtown Eastside,49.28066,-123.08444,Entire home/apt,5,1 bath,2,NA,3,FALSE,FALSE,2,5,0,1
851444520902730746,2023-12-14,Downtown,49.27687570000001,-123.1272035,Entire home/apt,4,1 bath,3,$121.00,1,FALSE,TRUE,83,4.7,43,1
851545707665931008,2023-12-14,Downtown,49.27828360985185,-123.1087054627444,Entire home/apt,4,1.5 baths,2,$175.00,30,FALSE,FALSE,0,NA,303,2
851553094309845658,2023-12-14,Mount Pleasant,49.26399259999999,-123.0820291,Private room,2,1 shared bath,1,$106.00,1,FALSE,TRUE,9,4.44,86,1
851616659194441877,2023-12-13,Renfrew-Collingwood,49.25536200018963,-123.0560046845142,Entire home/apt,3,1 bath,1,$83.00,2,TRUE,FALSE,34,4.82,82,5
852197671618719164,2023-12-14,Renfrew-Collingwood,49.248627662025534,-123.03061997959718,Entire home/apt,6,2.5 baths,3,$393.00,2,TRUE,FALSE,9,4.89,179,2
852215190487194244,2023-12-14,Renfrew-Collingwood,49.25362,-123.05191,Entire home/apt,2,1 bath,1,$90.00,2,TRUE,FALSE,14,4.87,0,1
852823683567189872,2023-12-14,Downtown,49.27621644374194,-123.12606568607212,Entire home/apt,5,1 bath,2,$140.00,1,FALSE,TRUE,21,4.57,170,1
852995511042439428,2023-12-14,Marpole,49.21672737927383,-123.1472698671405,Entire home/apt,4,1 bath,2,$116.00,3,TRUE,FALSE,23,4.43,143,1
853067692464608831,2023-12-14,Mount Pleasant,49.26086947623323,-123.09901671749294,Entire home/apt,3,2 baths,3,$160.00,30,TRUE,FALSE,0,NA,27,6
853117164964826858,2023-12-14,Kensington-Cedar Cottage,49.24438418434126,-123.0640044133618,Entire home/apt,1,1 bath,1,$73.00,30,NA,FALSE,2,5,184,2
853153271690663156,2023-12-14,Downtown,49.280041577211954,-123.11669615498089,Entire home/apt,2,2 baths,2,$150.00,30,FALSE,FALSE,0,NA,83,2
853226258434336593,2023-12-13,Oakridge,49.2246581493778,-123.12055716827972,Private room,1,1 private bath,1,$45.00,30,FALSE,TRUE,3,3.67,365,20
853592363607173468,2023-12-13,Oakridge,49.222407270293,-123.13501367815758,Private room,2,1 shared bath,1,$58.00,1,FALSE,TRUE,10,4.4,95,17
853607704195379789,2023-12-13,Oakridge,49.220412069993444,-123.13384856912062,Private room,2,2 shared baths,1,$61.00,1,FALSE,TRUE,8,4.5,17,17
853628136126854832,2023-12-14,Shaughnessy,49.2384864,-123.152607,Private room,3,1 private bath,1,$95.00,1,FALSE,FALSE,29,4.67,0,4
853700272702751055,2023-12-13,Oakridge,49.221862964591935,-123.13374391731044,Private room,4,1 private bath,2,$98.00,4,FALSE,TRUE,8,4,87,17
853720429931318731,2023-12-14,Kensington-Cedar Cottage,49.23396057579515,-123.0755791731812,Entire home/apt,8,2.5 baths,4,$400.00,2,FALSE,FALSE,9,5,292,1
853728980849459077,2023-12-13,Oakridge,49.22201,-123.13356,Private room,2,2 shared baths,1,$76.00,1,FALSE,TRUE,7,4.14,103,17
853739951278303819,2023-12-14,Downtown Eastside,49.28281030000001,-123.1041151,Entire home/apt,4,2 baths,2,$409.00,2,TRUE,FALSE,11,5,339,1
853774719562814378,2023-12-14,Victoria-Fraserview,49.21771320148662,-123.05252769005142,Entire home/apt,4,1 bath,2,$159.00,2,TRUE,FALSE,11,4.82,84,1
853889347583467160,2023-12-14,Grandview-Woodland,49.27070726948799,-123.06160974986672,Entire home/apt,4,1 bath,3,$267.00,1,TRUE,TRUE,11,4.82,328,1
854046532344088446,2023-12-14,Killarney,49.20517759264185,-123.03373094965735,Entire home/apt,6,3 baths,3,$120.00,2,TRUE,TRUE,35,4.97,72,2
855079398104730975,2023-12-14,Downtown,49.27747121799264,-123.11811101642311,Entire home/apt,2,1 bath,1,$141.00,5,FALSE,TRUE,17,4.76,303,1
855130836300098683,2023-12-14,Downtown,49.28064036676648,-123.12442055124536,Entire home/apt,2,1 bath,1,$879.00,3,TRUE,FALSE,31,5,352,1
855216364060185641,2023-12-14,Dunbar Southlands,49.235495438260926,-123.175663939328,Entire home/apt,5,1 bath,2,$80.00,4,FALSE,FALSE,7,3.71,341,17
855334363875223252,2023-12-13,Hastings-Sunrise,49.28687,-123.02777,Entire home/apt,2,1 bath,1,$76.00,2,TRUE,FALSE,45,4.87,164,1
855358897273318371,2023-12-14,Arbutus Ridge,49.24852224267942,-123.15950694382371,Private room,2,1 private bath,1,NA,31,FALSE,FALSE,0,NA,0,1
855605649717425476,2023-12-13,Downtown,49.29387604983075,-123.13427594428894,Private room,2,1 shared bath,2,$155.00,20,FALSE,TRUE,1,1,365,2
855621254622490896,2023-12-14,West End,49.28976047252475,-123.12998384199724,Private room,2,1 shared bath,1,$188.00,20,FALSE,TRUE,1,4,364,2
855891766061703141,2023-12-13,Hastings-Sunrise,49.26286871156879,-123.05055633187294,Entire home/apt,6,3 baths,3,$227.00,1,TRUE,TRUE,41,4.85,43,3
855966328265058743,2023-12-13,West Point Grey,49.26525763867596,-123.21422716263396,Entire home/apt,2,1 bath,1,$88.00,90,FALSE,FALSE,0,NA,250,1
856445429424581371,2023-12-14,Downtown,49.27746351342906,-123.12340630197484,Entire home/apt,4,1 bath,2,$135.00,1,TRUE,TRUE,29,5,331,1
856504689681093677,2023-12-14,Downtown,49.28738120000001,-123.1237839,Entire home/apt,5,2 baths,3,$254.00,2,TRUE,TRUE,41,4.83,259,1
856526198987719251,2023-12-14,Downtown,49.27792639058237,-123.12571885329412,Entire home/apt,4,1 bath,2,$130.00,30,FALSE,FALSE,2,5,273,1
856586792709512630,2023-12-13,Kerrisdale,49.22431197669724,-123.1485861172718,Private room,2,1 shared bath,2,$95.00,1,FALSE,FALSE,13,5,100,3
856701631313625680,2023-12-13,Renfrew-Collingwood,49.251868180800734,-123.03346553692468,Private room,2,1 private bath,1,$60.00,30,FALSE,FALSE,0,NA,337,1
856799766039663964,2023-12-13,Sunset,49.21397255323226,-123.10468835076055,Entire home/apt,3,1 bath,2,$68.00,30,FALSE,FALSE,1,5,299,1
856831885630423028,2023-12-14,Victoria-Fraserview,49.23098508112514,-123.05089720987152,Entire home/apt,4,1 bath,2,$136.00,1,TRUE,FALSE,24,4.75,362,4
857096907909724352,2023-12-14,Kerrisdale,49.22997118964025,-123.1427000334974,Private room,2,1 private bath,1,$43.00,30,TRUE,FALSE,5,5,16,4
857103942357227944,2023-12-14,Kerrisdale,49.23010771878142,-123.14402092802052,Private room,2,1 private bath,1,NA,30,TRUE,FALSE,1,3,0,4
857119071391512022,2023-12-13,Kerrisdale,49.230696570287584,-123.14413179537652,Private room,2,1 shared bath,1,$41.00,30,TRUE,FALSE,2,5,30,4
857430784600094947,2023-12-13,Mount Pleasant,49.27058099330652,-123.1101062918341,Entire home/apt,6,2 baths,3,$299.00,2,TRUE,TRUE,34,4.97,132,1
857504861986966103,2023-12-14,Downtown,49.2803399344758,-123.12034554951666,Entire home/apt,6,1 bath,4,$67.00,2,TRUE,FALSE,66,4.73,38,5
857520271908423210,2023-12-14,Downtown,49.27743,-123.12033,Entire home/apt,6,1 bath,3,$113.00,2,FALSE,FALSE,26,4.88,65,5
857547425681870506,2023-12-14,West End,49.27892189306625,-123.13050002434022,Entire home/apt,7,2 baths,4,$98.00,3,FALSE,FALSE,38,4.74,52,3
857585207151582014,2023-12-13,Kensington-Cedar Cottage,49.236485383821474,-123.07874055670716,Entire home/apt,2,1 bath,1,$75.00,2,TRUE,FALSE,33,4.85,249,1
857915710431128790,2023-12-13,Renfrew-Collingwood,49.24637144244992,-123.0509013096054,Private room,2,1 private bath,1,$75.00,1,TRUE,FALSE,6,5,161,3
857977355417653552,2023-12-14,Downtown,49.2789066,-123.1079972,Entire home/apt,8,2 baths,4,$356.00,2,FALSE,TRUE,18,4.72,308,1
858161048503942138,2023-12-13,Hastings-Sunrise,49.28844780318423,-123.04523159921584,Entire home/apt,6,1 bath,3,$149.00,2,TRUE,FALSE,34,4.94,141,3
858277020967488024,2023-12-14,Shaughnessy,49.23964777239084,-123.15170881908016,Private room,2,1 private bath,1,$86.00,1,FALSE,TRUE,19,4.58,169,4
858363910971019719,2023-12-14,Marpole,49.2087856,-123.1320973,Entire home/apt,2,1 bath,1,$146.00,30,FALSE,FALSE,1,4,70,2
858609833316364347,2023-12-14,Downtown,49.27847230988878,-123.10835538063266,Entire home/apt,8,2 baths,5,$285.00,2,FALSE,FALSE,8,4.88,314,1
858636557062356269,2023-12-14,Marpole,49.217867579426965,-123.12689691290022,Entire home/apt,5,1 bath,3,$170.00,30,TRUE,FALSE,18,4.89,364,1
858692028400666453,2023-12-13,Oakridge,49.220143597390255,-123.1350804817792,Private room,4,1 private bath,2,$120.00,4,FALSE,TRUE,4,3.75,110,17
858726621289236858,2023-12-14,Shaughnessy,49.2419609,-123.12969820000001,Entire home/apt,16,6 baths,9,NA,2,FALSE,TRUE,6,5,0,5
858780834714802319,2023-12-14,Dunbar Southlands,49.24892642043415,-123.18507074360288,Entire home/apt,10,3.5 baths,5,$398.00,1,TRUE,TRUE,28,4.86,0,1
858817206664004737,2023-12-14,West End,49.282768878665,-123.13372256440182,Entire home/apt,2,1 bath,1,$80.00,30,FALSE,FALSE,0,NA,179,1
858933253957666180,2023-12-13,Riley Park,49.23369272921085,-123.11069544582814,Private room,2,1 shared bath,1,$76.00,1,FALSE,TRUE,3,4,362,2
859531862523385607,2023-12-14,Oakridge,49.22309491078094,-123.12949220896915,Entire home/apt,4,1 bath,2,$77.00,1,FALSE,TRUE,34,4.53,160,8
859577678298563830,2023-12-14,Kensington-Cedar Cottage,49.24359683466541,-123.0823021695654,Entire home/apt,3,1 bath,2,$165.00,2,FALSE,FALSE,8,4.88,179,1
860066776616502976,2023-12-14,West End,49.27822893331597,-123.13508918885532,Entire home/apt,2,1 bath,1,$145.00,30,TRUE,FALSE,3,5,130,37
860078034305335575,2023-12-13,Mount Pleasant,49.27103709652454,-123.1093788402016,Entire home/apt,4,2 baths,2,$169.00,30,FALSE,FALSE,1,5,192,1
860211295596326383,2023-12-14,Hastings-Sunrise,49.27684891857554,-123.03102245590404,Entire home/apt,4,1.5 baths,2,$150.00,1,TRUE,TRUE,3,5,313,2
860914479986534166,2023-12-14,Downtown,49.27944969180235,-123.1095370545278,Entire home/apt,2,1 bath,1,$185.00,31,TRUE,FALSE,0,NA,364,1
860960308163529440,2023-12-14,Downtown,49.27744360734626,-123.13066978532888,Entire home/apt,4,2 baths,2,$172.00,4,FALSE,TRUE,17,4.82,262,5
860994398802023844,2023-12-14,Downtown,49.27776269594859,-123.12937627872245,Entire home/apt,2,1 bath,1,$185.00,1,FALSE,TRUE,2,2.5,0,1
861115573438721856,2023-12-14,Arbutus Ridge,49.25110514216925,-123.16869285485949,Entire home/apt,4,1 bath,2,NA,1,TRUE,TRUE,48,4.83,0,1
861167054824450238,2023-12-13,Downtown,49.27597775104171,-123.11568980742888,Entire home/apt,2,1 bath,1,$160.00,30,FALSE,FALSE,2,4,71,1
861490712440779875,2023-12-13,Oakridge,49.2276958,-123.1325916,Private room,1,1 shared bath,1,$80.00,1,FALSE,FALSE,35,4.71,344,4
861533757177886812,2023-12-14,West End,49.27784266700603,-123.13676036651428,Entire home/apt,4,1.5 baths,2,$185.00,30,TRUE,FALSE,2,5,267,37
861547458529772619,2023-12-14,Grandview-Woodland,49.27398029949969,-123.06500278940332,Entire home/apt,6,2.5 baths,2,$400.00,2,FALSE,FALSE,1,4,269,1
861672600258352118,2023-12-14,Grandview-Woodland,49.263142430305805,-123.07632843506228,Entire home/apt,5,1 bath,2,$257.00,1,FALSE,FALSE,15,4.87,0,1
861778263366195328,2023-12-14,Downtown,49.29029,-123.1276,Entire home/apt,6,2 baths,2,$125.00,30,FALSE,FALSE,0,NA,364,1
861805371166454576,2023-12-14,Shaughnessy,49.24101197354496,-123.12929807483928,Entire home/apt,6,1 bath,3,$214.00,2,FALSE,TRUE,3,5,191,5
862505093581293956,2023-12-13,Sunset,49.21386234216544,-123.10418166032714,Entire home/apt,3,1 bath,2,$54.00,1,FALSE,FALSE,49,4.67,347,3
862538702137365818,2023-12-14,Grandview-Woodland,49.268328379197015,-123.06119328580068,Entire home/apt,2,1 bath,1,$156.00,1,TRUE,FALSE,24,4.88,0,1
862561846504185351,2023-12-13,Downtown Eastside,49.28233249639565,-123.08515361676405,Entire home/apt,2,2 baths,2,$112.00,4,FALSE,FALSE,24,4.92,53,1
862891756653598744,2023-12-14,Downtown Eastside,49.2807165,-123.1090183,Entire home/apt,2,1 bath,1,$80.00,30,TRUE,FALSE,2,5,60,2
862999629302493960,2023-12-14,Downtown,49.27178566728884,-123.12239930033684,Entire home/apt,4,2.5 baths,3,$245.00,180,FALSE,TRUE,0,NA,364,1
863078714556632399,2023-12-14,Downtown,49.27998,-123.10775,Entire home/apt,9,3 baths,4,$550.00,2,TRUE,TRUE,6,4.33,31,2
863186953643547454,2023-12-13,Riley Park,49.25507576368207,-123.10823868561772,Entire home/apt,5,1 bath,3,$184.00,2,FALSE,FALSE,30,4.6,168,3
863327914143322232,2023-12-13,Hastings-Sunrise,49.279933476409546,-123.03545405041196,Entire home/apt,7,2 baths,4,$221.00,2,FALSE,FALSE,1,5,169,1
863727201027922160,2023-12-13,Victoria-Fraserview,49.2186232,-123.0766947,Private room,2,1 shared bath,1,$40.00,30,TRUE,FALSE,1,5,318,8
863756153740500750,2023-12-13,Grandview-Woodland,49.269441175088815,-123.06528467684984,Private room,3,1 private bath,1,$100.00,1,TRUE,FALSE,40,4.8,90,6
863802983449976107,2023-12-13,Marpole,49.21382250513939,-123.11702600870328,Entire home/apt,4,2 baths,2,$80.00,30,FALSE,FALSE,11,3.91,287,1
863847371314209517,2023-12-14,West End,49.27665,-123.13348,Entire home/apt,6,2 baths,2,$172.00,90,FALSE,FALSE,0,NA,255,13
863881455187144685,2023-12-13,Renfrew-Collingwood,49.246002827074406,-123.03307125708608,Private room,2,1 shared bath,1,$65.00,30,TRUE,FALSE,1,5,70,2
864542577578482367,2023-12-14,Sunset,49.22597308021271,-123.07734621108028,Entire home/apt,6,2.5 baths,3,$310.00,2,TRUE,FALSE,2,5,67,4
864673061909039335,2023-12-14,Downtown,49.2776791694092,-123.12419553138042,Entire home/apt,8,2 baths,3,$562.00,30,NA,FALSE,1,5,260,5
864677679652642751,2023-12-14,Dunbar Southlands,49.2534358787871,-123.17591876717232,Entire home/apt,6,2 baths,3,NA,3,TRUE,FALSE,26,4.96,0,1
864784539517990661,2023-12-13,Dunbar Southlands,49.248687,-123.178282,Private room,1,1 shared bath,1,$79.00,1,FALSE,FALSE,0,NA,131,1
864817870665278998,2023-12-13,Renfrew-Collingwood,49.25479,-123.03117,Private room,2,1 private bath,1,$60.00,30,TRUE,FALSE,3,5,316,4
865184696356075536,2023-12-13,Fairview,49.26212,-123.12424,Entire home/apt,4,1 bath,2,$239.00,30,FALSE,FALSE,0,NA,364,1
865196933836802368,2023-12-14,West Point Grey,49.26059,-123.20785,Entire home/apt,4,2 baths,2,$198.00,1,FALSE,FALSE,19,4.58,0,1
865246367778097728,2023-12-14,Downtown,49.2817091259405,-123.12408705646322,Entire home/apt,4,1 bath,2,$129.00,1,FALSE,TRUE,25,4.84,332,1
865249520880072777,2023-12-14,Killarney,49.213493539777936,-123.04059249128348,Private room,2,1 shared bath,1,$89.00,1,TRUE,FALSE,9,5,0,1
865303224143741995,2023-12-13,Dunbar Southlands,49.236839497595135,-123.17365795572022,Private room,2,1 shared bath,1,$50.00,3,FALSE,FALSE,5,4.8,126,17
865314875324859194,2023-12-14,Downtown,49.2773020368728,-123.12879087682325,Entire home/apt,2,1 bath,1,$197.00,3,TRUE,FALSE,24,5,53,1
865315485859361458,2023-12-13,Dunbar Southlands,49.23506000680593,-123.17559753025792,Private room,2,1 shared bath,1,$50.00,4,FALSE,FALSE,9,4.67,134,17
865386033357434939,2023-12-14,Downtown,49.280596883407725,-123.10678994954334,Entire home/apt,6,2 baths,3,$92.00,30,FALSE,FALSE,3,5,0,1
865532956654984560,2023-12-14,Downtown,49.28937804861402,-123.122682411254,Entire home/apt,4,2 baths,2,$168.00,30,FALSE,TRUE,0,NA,330,1
865607873220514341,2023-12-14,Downtown,49.27916980473671,-123.12141592698364,Entire home/apt,4,1 bath,2,$329.00,3,TRUE,FALSE,25,4.96,166,1
865848826280323690,2023-12-14,Victoria-Fraserview,49.23111,-123.05082,Entire home/apt,6,2.5 baths,3,$177.00,2,TRUE,FALSE,16,4.69,260,4
865877835641973173,2023-12-14,Victoria-Fraserview,49.23145,-123.04904,Entire home/apt,6,2.5 baths,3,$186.00,2,TRUE,FALSE,20,4.75,261,4
865944829966638746,2023-12-13,Kerrisdale,49.23464447146472,-123.17377077872464,Private room,2,1 shared bath,1,$50.00,4,FALSE,FALSE,12,4.42,140,17
865960263945239219,2023-12-13,Dunbar Southlands,49.25669689478894,-123.19089257141796,Private room,2,1 private bath,1,$122.00,1,FALSE,FALSE,10,4.4,255,3
865962935397476105,2023-12-13,Dunbar Southlands,49.23627319030348,-123.17375138158135,Private room,4,1 shared bath,2,$80.00,4,FALSE,FALSE,15,4.33,122,17
866075167467383789,2023-12-14,Downtown,49.27415318296045,-123.12481218070737,Entire home/apt,6,2 baths,3,$255.00,30,FALSE,FALSE,1,5,168,1
866204118838587582,2023-12-14,Riley Park,49.25620975246108,-123.09564999700729,Entire home/apt,4,1 bath,2,$150.00,2,FALSE,FALSE,15,4.38,0,1
866584621160677653,2023-12-14,Downtown,49.2757772,-123.1258549,Entire home/apt,4,1 bath,2,$119.00,30,TRUE,TRUE,2,5,166,2
866623099520556575,2023-12-14,Downtown Eastside,49.2811219,-123.1062678,Entire home/apt,3,1 bath,1,$88.00,1,TRUE,FALSE,44,4.91,0,1
866732382682457010,2023-12-14,West End,49.28216972421112,-123.12489849703294,Private room,2,1 private bath,1,$128.00,1,TRUE,FALSE,25,5,11,2
866740275981598597,2023-12-14,Downtown,49.2788408,-123.107399,Entire home/apt,4,1 bath,2,$112.00,3,FALSE,FALSE,28,4.62,0,1
866751492185460766,2023-12-14,Fairview,49.26634410149804,-123.1195822947347,Entire home/apt,4,2 baths,2,$139.00,2,FALSE,TRUE,6,4.57,0,1
866819081547287142,2023-12-13,Mount Pleasant,49.2583823880152,-123.0994198506696,Entire home/apt,6,2 baths,3,$101.00,1,FALSE,TRUE,13,4.85,293,134
866824932449260252,2023-12-13,Mount Pleasant,49.25908,-123.10123,Entire home/apt,8,2 baths,3,$114.00,1,FALSE,TRUE,10,4.7,337,134
866859147211138694,2023-12-14,Downtown,49.2745482,-123.127821,Entire home/apt,4,1 bath,2,$245.00,2,TRUE,FALSE,32,4.84,132,1
866911761347345409,2023-12-13,Hastings-Sunrise,49.289563013075856,-123.04344236612005,Entire home/apt,14,2 baths,8,$675.00,3,TRUE,FALSE,25,4.92,303,1
866976300595521910,2023-12-14,Downtown,49.28869228522195,-123.1258840741907,Private room,1,1 shared bath,1,$131.00,1,TRUE,FALSE,30,4.94,0,1
867196923249815527,2023-12-13,Mount Pleasant,49.26756,-123.0982,Entire home/apt,2,1 bath,2,$200.00,7,TRUE,FALSE,0,NA,363,3
867368122512670343,2023-12-14,Kensington-Cedar Cottage,49.23949,-123.08227,Entire home/apt,3,1 bath,2,$98.00,2,FALSE,FALSE,19,4.74,179,2
867399655980417849,2023-12-14,Kitsilano,49.265899370730295,-123.1694074014067,Entire home/apt,9,3 baths,5,$363.00,2,FALSE,FALSE,26,4.77,77,1
867672553783379959,2023-12-14,Downtown,49.28082119956329,-123.12403254424696,Entire home/apt,4,1 bath,2,$156.00,2,FALSE,TRUE,20,4.45,12,1
868071794996779186,2023-12-14,Downtown,49.27913,-123.11286,Entire home/apt,2,2 baths,1,$167.00,30,FALSE,FALSE,0,NA,345,42
868105255970935888,2023-12-14,Kerrisdale,49.22766707229428,-123.16973991451052,Entire home/apt,4,1.5 baths,2,$50.00,1,FALSE,TRUE,26,4.58,303,134
868427680339902514,2023-12-14,Oakridge,49.232659042263286,-123.12915396873144,Private room,2,2 shared baths,1,$54.00,1,FALSE,TRUE,7,4.71,89,1
868443593230937166,2023-12-13,Grandview-Woodland,49.26579397181448,-123.06924886511432,Entire home/apt,6,2 baths,3,$252.00,2,TRUE,FALSE,40,4.98,315,1
868482830032890305,2023-12-14,Victoria-Fraserview,49.22050948360762,-123.07428870253496,Entire home/apt,7,2.5 baths,4,$307.00,4,TRUE,FALSE,25,5,0,2
868736274410677351,2023-12-14,Marpole,49.21102,-123.13271,Entire home/apt,12,3 baths,6,$511.00,60,FALSE,FALSE,7,5,347,7
868753929691857723,2023-12-14,Marpole,49.21787242202315,-123.13811994750202,Shared room,2,1 shared bath,1,$189.00,1,FALSE,FALSE,0,NA,364,2
868992349650779241,2023-12-13,South Cambie,49.24630142283143,-123.11614204198122,Private room,2,1 shared bath,1,$130.00,1,TRUE,TRUE,48,4.79,246,2
869044857815492255,2023-12-13,Marpole,49.21108591813388,-123.13085959377648,Private room,2,1 private bath,1,$66.00,3,FALSE,FALSE,8,4.88,336,7
869078983868340367,2023-12-14,Kitsilano,49.26569777990602,-123.15168606137696,Entire home/apt,4,1 bath,3,$192.00,30,FALSE,TRUE,0,NA,89,1
869517941072620993,2023-12-13,Hastings-Sunrise,49.2869564,-123.0505634,Entire home/apt,2,1 bath,1,$80.00,2,TRUE,FALSE,39,4.87,239,1
869779981409832743,2023-12-14,Downtown,49.278704373532925,-123.1251529921016,Entire home/apt,2,1 bath,1,$155.00,1,TRUE,FALSE,59,4.73,15,1
869801239501689123,2023-12-13,Grandview-Woodland,49.27606908313098,-123.06941091856586,Private room,2,1 bath,1,$150.00,1,TRUE,FALSE,7,5,359,2
870345135525475141,2023-12-14,Grandview-Woodland,49.27294582986451,-123.06794729877085,Entire home/apt,5,1.5 baths,5,$585.00,7,FALSE,TRUE,0,NA,237,1
870464807080181034,2023-12-14,Downtown,49.27977911884808,-123.1275043833807,Entire home/apt,4,1 bath,2,$147.00,1,TRUE,FALSE,51,4.92,74,1
870705457408939929,2023-12-13,Grandview-Woodland,49.27780117740374,-123.06798997837052,Entire home/apt,3,1 bath,2,$250.00,1,TRUE,FALSE,6,4.83,321,2
870931121942621137,2023-12-14,Downtown,49.2788408,-123.107399,Entire home/apt,2,1 bath,1,$90.00,1,FALSE,FALSE,48,4.6,98,1
871054177078559946,2023-12-13,Oakridge,49.2276958,-123.1325916,Private room,1,1 shared bath,1,$75.00,1,FALSE,TRUE,34,4.91,312,4
871189407756302111,2023-12-14,Downtown,49.2808440495272,-123.10811725676776,Entire home/apt,3,1 bath,2,$114.00,2,FALSE,TRUE,1,4,24,1
871306692569551739,2023-12-13,Downtown Eastside,49.28051,-123.08376,Entire home/apt,4,1 bath,2,$358.00,4,FALSE,FALSE,2,4,71,1
871313771147128114,2023-12-14,Downtown,49.27762200367611,-123.12966238707304,Entire home/apt,5,2 baths,3,$279.00,3,FALSE,FALSE,23,4.78,74,3
871327643546008840,2023-12-14,Downtown,49.27945047541053,-123.12499180069749,Entire home/apt,4,1 bath,2,$211.00,5,TRUE,TRUE,30,4.83,289,1
871363809086161529,2023-12-14,Downtown,49.278935794451264,-123.12357223199444,Entire home/apt,2,1 bath,1,$177.00,3,FALSE,FALSE,33,4.88,150,1
871705313847044629,2023-12-14,Mount Pleasant,49.26805362767119,-123.10240436039972,Entire home/apt,5,1 bath,3,$77.00,2,TRUE,FALSE,48,4.96,52,5
871706993649565094,2023-12-14,Hastings-Sunrise,49.28375159004672,-123.02501558904844,Entire home/apt,4,1 bath,2,$129.00,2,TRUE,FALSE,34,4.89,0,1
871724366756435985,2023-12-14,Kensington-Cedar Cottage,49.24299,-123.08975,Entire home/apt,6,2 baths,3,$180.00,2,FALSE,FALSE,29,4.52,170,1
871728697965016227,2023-12-13,Downtown Eastside,49.28302683891384,-123.0898049309342,Entire home/apt,6,2 baths,3,$350.00,3,TRUE,FALSE,7,4.86,179,1
871804706334586559,2023-12-14,Marpole,49.20896871744102,-123.14582879396364,Entire home/apt,5,2 baths,3,$329.00,2,TRUE,FALSE,3,5,341,4
871937788624894403,2023-12-13,West Point Grey,49.26311754991108,-123.20611902195957,Private room,1,1 bath,1,$60.00,14,FALSE,FALSE,1,1,269,6
871938222700272619,2023-12-14,Kitsilano,49.26911700038028,-123.17908289696072,Shared room,2,1 shared bath,4,$49.00,31,FALSE,FALSE,1,3,364,6
871972201856652966,2023-12-13,Fairview,49.264954358660646,-123.1393020469591,Shared room,2,1 shared bath,1,$48.00,31,FALSE,FALSE,0,NA,364,6
871972440611144914,2023-12-14,Kitsilano,49.26050022547761,-123.18390837732512,Shared room,1,1 shared bath,1,$14.00,31,FALSE,FALSE,0,NA,249,1
872368827432465536,2023-12-14,Downtown,49.27744981270321,-123.12403673529889,Entire home/apt,3,1 bath,2,$132.00,30,FALSE,TRUE,0,NA,341,10
872477656360128660,2023-12-13,Hastings-Sunrise,49.28686029879047,-123.04812418325938,Entire home/apt,7,2 baths,4,$161.00,2,TRUE,FALSE,42,4.95,129,3
872490495087211518,2023-12-14,Sunset,49.22743895696125,-123.09985836370603,Entire home/apt,4,1 bath,2,$145.00,2,TRUE,FALSE,18,4.83,40,2
872501886847947849,2023-12-13,Dunbar Southlands,49.25700956133191,-123.19232540228404,Private room,2,1 bath,1,$122.00,1,FALSE,FALSE,9,4.44,255,3
872759139209238330,2023-12-14,Grandview-Woodland,49.2741135,-123.065908,Entire home/apt,4,1 bath,2,$122.00,3,TRUE,FALSE,23,4.91,171,1
872779770188052552,2023-12-13,Grandview-Woodland,49.27049443470002,-123.06435601530151,Private room,3,1 bath,1,$95.00,1,TRUE,FALSE,29,4.72,90,6
872780446377182563,2023-12-14,West End,49.28470085585048,-123.13570738001393,Private room,1,1 bath,1,$155.00,5,FALSE,FALSE,1,5,364,1
872852188124398534,2023-12-13,Fairview,49.25977,-123.12676,Private room,2,1 shared bath,1,$63.00,35,TRUE,FALSE,5,5,47,2
872856520904679771,2023-12-14,West End,49.28181258550264,-123.1324735803506,Entire home/apt,2,1 bath,1,$99.00,30,TRUE,TRUE,40,4.8,0,3
873041376969359935,2023-12-13,Renfrew-Collingwood,49.24621202465848,-123.05232734344112,Private room,2,1 private bath,1,$70.00,1,TRUE,FALSE,25,4.88,106,3
873121677689840173,2023-12-14,Mount Pleasant,49.25985204070683,-123.08994965284404,Entire home/apt,6,2 baths,4,NA,3,FALSE,TRUE,6,5,0,1
873347642082088860,2023-12-13,Downtown,49.27311,-123.12111,Private room,1,1 bath,1,$74.00,30,TRUE,FALSE,0,NA,162,1
873417370323478990,2023-12-13,Kensington-Cedar Cottage,49.2516413,-123.0861862,Entire home/apt,2,1 bath,1,$85.00,30,FALSE,FALSE,1,5,126,1
873536889577800875,2023-12-14,Downtown,49.28097,-123.12615,Entire home/apt,4,1 bath,2,$77.00,3,TRUE,FALSE,30,4.94,0,4
873905032629462036,2023-12-14,Downtown,49.27770279282368,-123.12481713275606,Entire home/apt,4,1 bath,2,$123.00,30,FALSE,TRUE,1,5,91,134
874159355109620767,2023-12-13,Kerrisdale,49.222416920185765,-123.1520186682328,Private room,1,Half-bath,1,$64.00,30,TRUE,FALSE,1,5,258,6
874176581116983932,2023-12-14,Kitsilano,49.2689339,-123.163512,Entire home/apt,2,1 bath,1,$160.00,30,FALSE,FALSE,0,NA,179,1
874203324778449378,2023-12-13,Shaughnessy,49.23635575214623,-123.13104991555286,Private room,2,1 bath,1,$160.00,1,FALSE,FALSE,1,3,346,4
874592236350095016,2023-12-14,Riley Park,49.25292767942025,-123.091375745663,Entire home/apt,16,4.5 baths,9,"$2,000.00",1,FALSE,FALSE,0,NA,364,19
874598062923367204,2023-12-13,Kitsilano,49.2691444301263,-123.14724111434133,Entire home/apt,2,1 bath,1,$132.00,30,FALSE,TRUE,3,5,123,134
874607598592266223,2023-12-14,Riley Park,49.25452693415152,-123.09178304789752,Entire home/apt,16,4.5 baths,9,"$2,000.00",1,FALSE,FALSE,0,NA,364,19
874633861077921368,2023-12-13,Kensington-Cedar Cottage,49.24302096752914,-123.07182321845076,Entire home/apt,6,1 bath,4,$128.00,3,TRUE,FALSE,38,4.97,59,1
874769853535196417,2023-12-13,Victoria-Fraserview,49.214845523954665,-123.07687047868968,Private room,1,1 shared bath,1,$88.00,30,TRUE,FALSE,1,5,344,9
874839543402256795,2023-12-14,Dunbar Southlands,49.24180173804948,-123.18180921616504,Entire home/apt,6,3 baths,4,NA,7,FALSE,FALSE,0,NA,211,1
874865225757959266,2023-12-13,West Point Grey,49.2650144,-123.2125948,Entire home/apt,4,1 bath,3,$230.00,1,TRUE,FALSE,14,5,40,1
874897589530418206,2023-12-13,Kitsilano,49.25810680885002,-123.16972246050489,Private room,2,1 private bath,1,$180.00,1,FALSE,FALSE,16,4.63,99,1
875527694416157019,2023-12-14,Kensington-Cedar Cottage,49.24595255996018,-123.07985824671664,Entire home/apt,4,1.5 baths,2,$289.00,2,TRUE,FALSE,15,4.87,271,3
875555946638678827,2023-12-14,Downtown,49.27951186656971,-123.1190822412532,Entire home/apt,4,2 baths,3,$124.00,30,TRUE,FALSE,23,4.91,100,1
875584479911398245,2023-12-13,Hastings-Sunrise,49.2822575,-123.0291175,Entire home/apt,2,1 bath,1,$85.00,30,TRUE,FALSE,2,5,256,2
875707714417186586,2023-12-13,Arbutus Ridge,49.24146056926085,-123.15871381986469,Private room,1,1 shared bath,1,$96.00,10,TRUE,FALSE,0,NA,179,7
876124865050413306,2023-12-14,Downtown,49.27861909455152,-123.12353145948704,Entire home/apt,2,1 bath,1,$111.00,2,FALSE,FALSE,14,4.5,143,1
876295181602709254,2023-12-13,Dunbar Southlands,49.25416,-123.18158,Private room,1,1.5 shared baths,1,$105.00,30,FALSE,FALSE,0,NA,89,2
876311009101705317,2023-12-14,Downtown,49.27652757625113,-123.1315290786391,Entire home/apt,4,1 bath,2,$289.00,2,TRUE,FALSE,25,4.8,172,1
876513023526591798,2023-12-13,Kerrisdale,49.223066351315524,-123.1530302812881,Private room,2,1 private bath,1,$88.00,30,TRUE,FALSE,1,4,251,6
876728814133568008,2023-12-13,Marpole,49.21036,-123.12902,Private room,1,1 shared bath,1,$46.00,30,FALSE,TRUE,2,5,94,5
877701269137022002,2023-12-14,Downtown,49.28073047875095,-123.12343789530124,Entire home/apt,3,1 bath,1,$136.00,2,FALSE,FALSE,26,4.54,65,1
877751497644643812,2023-12-14,Downtown Eastside,49.279826993787175,-123.09784108148398,Entire home/apt,3,1 bath,2,$123.00,2,TRUE,FALSE,20,4.9,35,1
877808898941610118,2023-12-14,Downtown Eastside,49.2799948,-123.0885577,Entire home/apt,6,1.5 baths,3,NA,30,FALSE,FALSE,0,NA,0,1
877924240375595477,2023-12-14,Sunset,49.22891043137055,-123.10442060187542,Entire home/apt,4,1.5 baths,3,$181.00,2,TRUE,FALSE,26,4.88,185,1
877990507057421467,2023-12-14,Downtown,49.28206427203466,-123.12345629342737,Entire home/apt,4,1 bath,2,$215.00,30,TRUE,FALSE,3,5,92,1
878367183104714995,2023-12-14,Downtown,49.2778214,-123.1296535,Entire home/apt,4,2 baths,2,$298.00,30,FALSE,FALSE,7,4,179,2
878996826803787051,2023-12-14,West Point Grey,49.263269047744814,-123.19866731561244,Entire home/apt,4,1 bath,2,$91.00,1,TRUE,FALSE,96,4.86,0,1
879125409927988572,2023-12-13,Dunbar Southlands,49.25647217860464,-123.19066647542152,Private room,2,1 private bath,1,$122.00,1,FALSE,FALSE,5,4.6,93,3
879154002670373999,2023-12-13,Riley Park,49.25526134491691,-123.10771189911084,Entire home/apt,2,1 bath,1,$90.00,30,FALSE,TRUE,3,4.67,95,3
879572837548188218,2023-12-14,Downtown,49.27826376646395,-123.11670564115047,Entire home/apt,4,2 baths,3,$249.00,30,FALSE,FALSE,2,5,205,1
879616912637794480,2023-12-14,Downtown,49.275410927448895,-123.11614099702172,Entire home/apt,4,2 baths,2,NA,1,FALSE,TRUE,5,4.6,0,2
879682917640889115,2023-12-14,Downtown Eastside,49.27950591206025,-123.09833037775488,Entire home/apt,2,1 bath,1,$130.00,30,FALSE,FALSE,1,5,364,1
879778381989243821,2023-12-14,West End,49.27820316588564,-123.13075715506984,Entire home/apt,4,2.5 baths,3,$171.00,5,TRUE,FALSE,12,5,0,1
879820910061119645,2023-12-13,Kitsilano,49.26485965627507,-123.15722208038991,Entire home/apt,4,1 bath,2,$130.00,30,TRUE,FALSE,2,4.5,70,26
879835287970438633,2023-12-14,Downtown,49.277650214537125,-123.1202385483027,Entire home/apt,8,2 baths,3,$230.00,22,TRUE,FALSE,19,4.95,149,1
879844355399880625,2023-12-14,Downtown,49.2737026,-123.1281757,Entire home/apt,2,1 bath,1,$146.00,30,FALSE,TRUE,1,5,326,1
880013120770708061,2023-12-14,Downtown Eastside,49.280750260702185,-123.108545624425,Entire home/apt,4,1 bath,2,$113.00,1,TRUE,TRUE,15,4.93,355,1
880022574273014457,2023-12-14,Hastings-Sunrise,49.26930586388779,-123.04646653275266,Entire home/apt,6,2.5 baths,3,$351.00,2,FALSE,TRUE,7,4.71,91,5
880023042137651461,2023-12-14,Hastings-Sunrise,49.26887,-123.047,Entire home/apt,6,2.5 baths,3,$351.00,2,FALSE,TRUE,12,4.17,93,5
880440530650220931,2023-12-13,West Point Grey,49.26143244099927,-123.20108415815426,Entire home/apt,5,1 bath,2,$135.00,1,FALSE,TRUE,15,4.47,364,18
880607026059023784,2023-12-14,Downtown,49.27909804005589,-123.10747120370485,Entire home/apt,3,1 bath,3,$151.00,2,TRUE,TRUE,41,4.73,237,1
880623060564199033,2023-12-13,Kensington-Cedar Cottage,49.24166307496282,-123.06215368965934,Private room,2,1 private bath,2,$75.00,2,TRUE,FALSE,13,4.85,52,1
880826647521093598,2023-12-13,Marpole,49.2115727648759,-123.11714648759624,Entire home/apt,6,2 baths,3,$185.00,30,TRUE,FALSE,2,5,364,5
880831046117405555,2023-12-14,Downtown Eastside,49.28083990857471,-123.10526736566167,Entire home/apt,2,1.5 baths,2,$169.00,1,TRUE,TRUE,18,4.89,61,1
881116357927815580,2023-12-14,Killarney,49.2307938,-123.0246515,Entire home/apt,2,1 bath,1,$64.00,1,TRUE,TRUE,72,4.89,0,1
881266285766913222,2023-12-13,Dunbar Southlands,49.25051268602506,-123.18569251975748,Entire home/apt,4,2 baths,2,$250.00,3,FALSE,FALSE,1,5,13,1
881355111685243680,2023-12-13,Downtown,49.27527678343165,-123.11862140483052,Entire home/apt,4,1.5 baths,3,$170.00,31,FALSE,FALSE,1,5,49,1
881866425095040351,2023-12-13,Kitsilano,49.27305394290054,-123.14782611054966,Entire home/apt,12,5.5 baths,6,$857.00,3,FALSE,FALSE,0,NA,328,30
881910130441121868,2023-12-13,Grandview-Woodland,49.27260710429327,-123.06359080274903,Entire home/apt,2,1 bath,1,$135.00,2,FALSE,FALSE,7,4.71,60,1
891552450693585975,2023-12-14,Kitsilano,49.26750300049618,-123.18049620210915,Shared room,1,1 shared bath,1,$33.00,31,FALSE,FALSE,1,5,71,5
881912793682017739,2023-12-13,Renfrew-Collingwood,49.244186580444406,-123.041752591965,Entire home/apt,3,2 baths,2,$89.00,30,TRUE,TRUE,2,5,334,2
881917024842431156,2023-12-14,West End,49.28464179556605,-123.12476509317638,Entire home/apt,5,2.5 baths,3,$720.00,10,FALSE,FALSE,0,NA,364,30
881932050780984667,2023-12-14,Downtown,49.27858257173586,-123.10989348928652,Entire home/apt,6,2 baths,3,$180.00,2,TRUE,TRUE,26,4.96,70,1
881948031383588268,2023-12-14,Downtown,49.28910060032958,-123.11806786195562,Entire home/apt,5,2.5 baths,3,"$1,200.00",10,FALSE,FALSE,0,NA,364,30
882056785299629672,2023-12-14,Downtown,49.2788408,-123.107399,Entire home/apt,5,1 bath,3,$137.00,2,FALSE,FALSE,39,4.79,130,1
882105563872166127,2023-12-13,Grandview-Woodland,49.26798,-123.0678,Entire home/apt,2,1 bath,1,$116.00,3,TRUE,TRUE,25,4.8,142,1
882122432710875359,2023-12-13,Fairview,49.27084631860255,-123.14231905382448,Private room,4,1 private bath,2,$100.00,30,FALSE,FALSE,0,NA,364,1
882126103963167188,2023-12-13,Strathcona,49.26778058147861,-123.09584109506687,Entire home/apt,2,1 bath,1,$133.00,2,TRUE,TRUE,13,5,116,1
882176967377731842,2023-12-14,Downtown,49.277579108659125,-123.12040771741069,Entire home/apt,2,1 bath,1,$125.00,30,TRUE,FALSE,1,5,192,1
882773005147269606,2023-12-13,Sunset,49.22793205814214,-123.0978714433056,Entire home/apt,2,1 bath,1,$64.00,2,TRUE,FALSE,38,4.66,73,2
882820464624804659,2023-12-14,Sunset,49.23072971741899,-123.10299219455416,Entire home/apt,5,2 baths,3,$110.00,30,TRUE,FALSE,18,4.78,325,1
882901809112122912,2023-12-14,Dunbar Southlands,49.23393106758576,-123.203027561404,Entire home/apt,3,1.5 baths,2,$272.00,2,TRUE,FALSE,13,4.92,0,2
883597132279698970,2023-12-14,Downtown,49.281540219790415,-123.12384635210036,Entire home/apt,2,1 bath,1,$109.00,30,FALSE,TRUE,1,5,250,2
883766402448845072,2023-12-13,Arbutus Ridge,49.24762,-123.16338,Private room,1,1 bath,1,$48.00,30,FALSE,FALSE,2,4.5,358,8
883766409415372796,2023-12-13,Arbutus Ridge,49.24884,-123.16406,Private room,2,1 bath,1,$58.00,30,FALSE,TRUE,2,5,283,8
883819612588751590,2023-12-14,Downtown,49.279911662485766,-123.1087685262095,Entire home/apt,4,1 bath,2,$238.00,2,TRUE,FALSE,35,5,123,1
884117931990201898,2023-12-14,Downtown,49.28533303246239,-123.11671306150356,Entire home/apt,2,1 bath,1,$178.00,90,FALSE,FALSE,0,NA,358,1
884145014272117652,2023-12-14,Kerrisdale,49.215729045131866,-123.15466275914876,Entire home/apt,14,7 baths,9,$593.00,1,FALSE,FALSE,12,4.75,11,3
884427557137061789,2023-12-14,Downtown,49.2803969127091,-123.11876774688128,Entire home/apt,2,1 bath,1,$118.00,2,TRUE,TRUE,9,5,52,1
884766437671288129,2023-12-14,Downtown,49.27626251674926,-123.12993768852756,Entire home/apt,6,2.5 baths,3,NA,30,FALSE,FALSE,3,5,0,10
884797316700872175,2023-12-13,Mount Pleasant,49.2691281595944,-123.10223734513072,Entire home/apt,4,1.5 baths,2,$106.00,1,FALSE,TRUE,21,4.62,357,134
884809245709148454,2023-12-13,Sunset,49.2170774,-123.1054095,Entire home/apt,4,2 baths,2,$104.00,1,TRUE,FALSE,40,4.93,35,1
884809884510422913,2023-12-14,Sunset,49.223111288861325,-123.09240015065087,Entire home/apt,6,1 bath,3,$145.00,1,FALSE,TRUE,11,4.55,11,1
884811688528456827,2023-12-13,Kitsilano,49.26564923650748,-123.15752625034972,Entire home/apt,2,1 bath,1,$100.00,30,TRUE,FALSE,2,5,286,26
884817695276342037,2023-12-14,Dunbar Southlands,49.25500061717744,-123.17865958278507,Entire home/apt,6,3 baths,4,"$1,200.00",20,FALSE,TRUE,0,NA,70,2
884916623745439020,2023-12-14,Downtown Eastside,49.2806257625602,-123.10923501849174,Entire home/apt,2,1 bath,1,$415.00,3,FALSE,TRUE,7,4.71,178,1
884997345802060421,2023-12-13,Sunset,49.22345703853468,-123.0988840561943,Private room,2,2 shared baths,1,$64.00,1,FALSE,TRUE,29,4.48,50,7
885065449510866791,2023-12-14,Renfrew-Collingwood,49.25321726417799,-123.0341543211484,Private room,1,1 bath,1,$40.00,30,FALSE,FALSE,2,5,100,6
885137289572722236,2023-12-14,Riley Park,49.253166226243046,-123.0902474532398,Private room,3,1 shared bath,2,$41.00,1,FALSE,TRUE,0,NA,364,19
885154046093949401,2023-12-14,Arbutus Ridge,49.25584783556515,-123.17536659632748,Entire home/apt,10,6.5 baths,5,$881.00,2,TRUE,TRUE,8,4.88,334,1
885482159027317785,2023-12-14,Riley Park,49.24970979168883,-123.10806602077436,Entire home/apt,4,1 bath,2,$170.00,30,FALSE,FALSE,1,5,342,1
885575315411355144,2023-12-14,Downtown,49.2745482,-123.127821,Entire home/apt,2,1 bath,1,$450.00,3,FALSE,FALSE,0,NA,44,1
885596199111568650,2023-12-14,Killarney,49.22611662517472,-123.03241529862557,Entire home/apt,4,1 bath,3,$95.00,30,FALSE,FALSE,3,5,127,1
885739140054850272,2023-12-14,Downtown Eastside,49.281951871323,-123.0844833184566,Entire home/apt,2,1 bath,1,$113.00,3,FALSE,FALSE,15,5,0,1
885839195138648720,2023-12-13,Hastings-Sunrise,49.26719216816021,-123.05266621106897,Entire home/apt,4,1 bath,2,$100.00,2,TRUE,TRUE,34,4.91,8,3
885855032997487841,2023-12-13,Oakridge,49.2269720100443,-123.11240979071847,Private room,1,1 bath,1,$45.00,30,FALSE,TRUE,2,5,73,20
886204446775590522,2023-12-14,Downtown,49.28511426758128,-123.11672312585996,Entire home/apt,4,2 baths,2,$190.00,26,FALSE,FALSE,0,NA,83,1
886245271482218819,2023-12-14,Downtown Eastside,49.28078093043786,-123.10248947451088,Entire home/apt,1,1 bath,1,$160.00,30,FALSE,FALSE,1,5,364,1
886450532303972206,2023-12-14,Kitsilano,49.26083746753727,-123.15306642254484,Entire home/apt,4,1 bath,2,NA,2,TRUE,FALSE,18,5,0,1
886497902396709777,2023-12-14,Downtown,49.27619297983127,-123.12687816605116,Entire home/apt,4,1 bath,2,$353.00,30,FALSE,TRUE,0,NA,364,1
886822146947289596,2023-12-14,Victoria-Fraserview,49.225133667970326,-123.06830656427816,Entire home/apt,2,1 bath,1,$102.00,2,TRUE,FALSE,25,4.92,361,1
886898624620507698,2023-12-13,Sunset,49.22470134484711,-123.10095244623584,Private room,2,2 shared baths,1,$70.00,1,FALSE,TRUE,26,4.88,33,7
886903648305686710,2023-12-13,Sunset,49.22491395706077,-123.1005884657836,Private room,2,2 baths,1,$87.00,1,FALSE,TRUE,20,4.55,50,7
886908124197339064,2023-12-13,Sunset,49.22334294394408,-123.10086071211212,Private room,2,2 shared baths,1,$74.00,1,FALSE,TRUE,28,4.46,49,7
886928699470324346,2023-12-13,Marpole,49.21177,-123.11793,Entire home/apt,6,1 bath,3,$170.00,1,FALSE,TRUE,5,3.4,328,4
887026375691643358,2023-12-14,Downtown Eastside,49.2819558,-123.1045073,Entire home/apt,4,1 bath,1,$122.00,1,TRUE,TRUE,35,4.71,71,2
887029307780794936,2023-12-14,Kensington-Cedar Cottage,49.25011592533748,-123.06122298061028,Entire home/apt,6,2 baths,4,$285.00,3,FALSE,FALSE,8,5,3,1
887059035745459282,2023-12-14,Downtown,49.2788408,-123.107399,Entire home/apt,4,2 baths,2,$142.00,3,FALSE,FALSE,28,4.89,209,16
887108593349617637,2023-12-14,Downtown Eastside,49.28336842719237,-123.1073771008984,Entire home/apt,2,Half-bath,2,$200.00,4,FALSE,TRUE,0,NA,364,3
887162876995748984,2023-12-13,West Point Grey,49.2607497,-123.2003594,Entire home/apt,2,1 bath,2,NA,30,FALSE,FALSE,0,NA,210,1
887195273964210496,2023-12-14,Renfrew-Collingwood,49.240129344503856,-123.05742896369738,Entire home/apt,7,2.5 baths,5,$175.00,1,TRUE,FALSE,24,4.92,0,1
887318166312532196,2023-12-14,Hastings-Sunrise,49.26495463810991,-123.04975278405598,Entire home/apt,4,1 bath,2,$93.00,30,FALSE,FALSE,1,5,165,1
887621386837818859,2023-12-14,Kitsilano,49.2765732951055,-123.14810106706292,Entire home/apt,8,3 baths,5,$500.00,1,FALSE,TRUE,7,4.43,0,1
887644846907297375,2023-12-14,Downtown,49.2788408,-123.107399,Entire home/apt,4,2 baths,2,$146.00,3,FALSE,FALSE,33,4.88,134,16
887698225920375980,2023-12-13,Kitsilano,49.26891269962922,-123.14612003261844,Entire home/apt,2,1 bath,1,$129.00,30,FALSE,TRUE,3,5,8,134
887754118447689919,2023-12-14,Downtown Eastside,49.282975,-123.1080839,Entire home/apt,2,1 bath,1,$271.00,1,TRUE,FALSE,26,4.96,313,1
887967136695027458,2023-12-14,Grandview-Woodland,49.2714424,-123.0611044,Entire home/apt,4,1 bath,2,$151.00,1,TRUE,FALSE,35,4.94,237,1
887976501560001601,2023-12-14,Kensington-Cedar Cottage,49.25537,-123.07855,Entire home/apt,6,2.5 baths,4,$450.00,8,TRUE,FALSE,10,5,61,1
888012055516686467,2023-12-13,Kitsilano,49.27097269999999,-123.1487388,Entire home/apt,7,1 bath,5,$350.00,2,TRUE,FALSE,10,4.9,71,1
888362047495421930,2023-12-14,Kitsilano,49.2691038189621,-123.14772776297004,Entire home/apt,2,1 bath,1,$109.00,30,FALSE,TRUE,3,5,0,134
888379139240892337,2023-12-14,Downtown Eastside,49.28051,-123.10392,Entire home/apt,4,1 bath,2,$119.00,1,TRUE,TRUE,23,5,333,1
888395632837630091,2023-12-13,Kitsilano,49.26598,-123.15477,Entire home/apt,2,1 bath,1,$80.00,30,FALSE,TRUE,3,4.67,128,134
888560634320289443,2023-12-13,West Point Grey,49.2706962,-123.1882381,Entire home/apt,8,3 baths,4,$726.00,2,FALSE,FALSE,2,5,158,2
888689379025049113,2023-12-14,Grandview-Woodland,49.26943854986595,-123.0652853474021,Private room,2,1 bath,1,$110.00,1,TRUE,FALSE,13,4.77,0,6
888689386764848556,2023-12-13,Grandview-Woodland,49.26851,-123.06413,Private room,2,1 bath,1,$110.00,1,TRUE,TRUE,13,4.92,14,6
888689630607259780,2023-12-14,Grandview-Woodland,49.26846184639713,-123.0642524044825,Private room,2,1 bath,1,$95.00,1,TRUE,FALSE,10,4.91,0,6
888831830383615829,2023-12-14,Kensington-Cedar Cottage,49.24097,-123.07327,Entire home/apt,3,1 bath,2,$96.00,2,TRUE,FALSE,30,4.93,117,1
889157526291436732,2023-12-14,Downtown,49.2792813,-123.1065474,Entire home/apt,4,2 baths,2,$140.00,3,FALSE,FALSE,32,4.88,158,16
889181852691468905,2023-12-13,Renfrew-Collingwood,49.2331675,-123.0546534,Entire home/apt,4,1 bath,2,$109.00,2,TRUE,FALSE,41,5,56,2
889182838950900361,2023-12-14,Fairview,49.26290360558141,-123.13199601041724,Entire home/apt,2,1 bath,1,$48.00,30,FALSE,TRUE,4,4.5,333,134
889253661342467299,2023-12-14,Downtown,49.27742580160732,-123.1217067694559,Entire home/apt,2,1 bath,1,NA,30,FALSE,FALSE,0,NA,304,1
889272008164326126,2023-12-14,Downtown,49.27884821149186,-123.10736954212187,Entire home/apt,6,3 baths,3,$202.00,1,TRUE,TRUE,60,4.95,0,1
889418920026911681,2023-12-14,Downtown,49.27722828384494,-123.12978107482192,Entire home/apt,4,2 baths,2,$179.00,3,FALSE,FALSE,17,4.82,17,5
889731588351452253,2023-12-14,Downtown,49.2787071,-123.1107548,Entire home/apt,2,1 bath,1,$119.00,30,TRUE,FALSE,1,5,336,11
889947679861082913,2023-12-14,Downtown,49.27986,-123.11616,Entire home/apt,2,1 bath,1,$125.00,30,FALSE,FALSE,0,NA,286,42
890020440144794710,2023-12-14,Downtown,49.28066834232288,-123.12514329588532,Entire home/apt,2,1 bath,1,$100.00,30,FALSE,FALSE,4,4.5,119,3
890037419970606150,2023-12-13,Downtown,49.27662,-123.12398,Entire home/apt,2,1 bath,1,$108.00,90,TRUE,TRUE,0,NA,363,3
890071179418306206,2023-12-14,Downtown,49.2803991424686,-123.125091001861,Entire home/apt,3,1 bath,1,$132.00,1,TRUE,FALSE,62,4.9,0,1
890502325698805501,2023-12-13,Marpole,49.214272069729766,-123.13538074074548,Entire home/apt,3,1 bath,1,$95.00,30,FALSE,TRUE,1,5,90,43
890705836391939417,2023-12-14,Downtown Eastside,49.28289,-123.10341,Entire home/apt,4,1 bath,NA,$149.00,1,TRUE,FALSE,41,4.85,67,1
890715474130457094,2023-12-14,Downtown,49.27893809661893,-123.1080171995487,Entire home/apt,5,2 baths,3,$540.00,2,TRUE,FALSE,16,5,0,1
890841871846987612,2023-12-14,Downtown,49.2802240335519,-123.12428152327166,Entire home/apt,2,1 bath,1,NA,1,FALSE,TRUE,13,4.54,0,1
890878724068214373,2023-12-14,West End,49.28403860711828,-123.13510176989078,Private room,1,1 private bath,1,$150.00,1,TRUE,FALSE,10,4.8,364,1
891523792539994243,2023-12-14,Kitsilano,49.25958828806522,-123.18557305396727,Entire home/apt,4,1 bath,2,$250.00,3,FALSE,FALSE,22,5,0,1
891558629150233182,2023-12-14,Grandview-Woodland,49.27059190000001,-123.0574111,Entire home/apt,4,1 bath,2,$130.00,30,FALSE,FALSE,0,NA,28,1
891634053063785993,2023-12-13,Arbutus Ridge,49.2477492,-123.1647266,Private room,4,1 shared bath,3,$126.00,30,FALSE,TRUE,0,NA,322,8
891684649774602227,2023-12-13,Arbutus Ridge,49.2477492,-123.1647266,Private room,2,1 bath,1,$66.00,30,FALSE,FALSE,2,4.5,349,8
891950548197380128,2023-12-13,Riley Park,49.24466215936948,-123.1007283804632,Entire home/apt,2,1 bath,1,$172.00,3,TRUE,TRUE,19,4.74,177,1
891996012823767136,2023-12-14,Marpole,49.21326,-123.13696,Entire home/apt,4,1 bath,2,$182.00,1,TRUE,TRUE,0,NA,89,2
891996016989808424,2023-12-14,Marpole,49.2127501,-123.1380885,Entire home/apt,2,1 bath,1,$138.00,1,TRUE,TRUE,15,5,89,2
892033112071930228,2023-12-14,Downtown,49.28061521042936,-123.10701377665912,Entire home/apt,2,1 bath,1,$120.00,30,FALSE,FALSE,0,NA,364,1
892103696598526660,2023-12-14,Shaughnessy,49.24301195684858,-123.12919094125822,Entire home/apt,9,3 baths,3,NA,2,FALSE,TRUE,0,NA,0,5
892121509051430866,2023-12-14,Downtown Eastside,49.28244030531319,-123.1036036359465,Entire home/apt,4,1 bath,2,$145.00,2,TRUE,FALSE,29,4.9,76,1
892314474725715239,2023-12-14,Downtown,49.275543063033474,-123.12880736320436,Entire home/apt,2,1 bath,1,NA,3,TRUE,FALSE,9,5,0,1
892314920827692115,2023-12-14,Riley Park,49.255730384781245,-123.09123998095092,Entire home/apt,6,1 bath,3,$200.00,1,TRUE,FALSE,27,4.89,225,2
892370299867743659,2023-12-13,Victoria-Fraserview,49.21340387337239,-123.07037266947547,Entire home/apt,4,1 bath,2,$150.00,2,TRUE,FALSE,11,4.82,286,1
892602680656699069,2023-12-13,Dunbar Southlands,49.237452258023936,-123.18218938303454,Private room,5,1 private bath,3,$261.00,1,TRUE,FALSE,13,5,174,1
892714062155276630,2023-12-14,Downtown,49.2802,-123.12667,Entire home/apt,6,2.5 baths,3,$124.00,5,FALSE,FALSE,20,4.9,76,4
892734727761692206,2023-12-14,Downtown,49.276164,-123.1301857,Entire home/apt,3,1 bath,2,$125.00,30,FALSE,FALSE,1,5,359,8
892745209554062365,2023-12-13,Sunset,49.2317,-123.10338,Private room,2,1.5 baths,1,$119.00,1,FALSE,TRUE,7,5,362,2
892747661682445593,2023-12-14,Oakridge,49.2333991,-123.1275677,Entire home/apt,4,2 baths,2,$175.00,30,FALSE,TRUE,0,NA,364,2
892758192093887552,2023-12-13,Kitsilano,49.26945,-123.16715,Entire home/apt,4,1 bath,2,$190.00,2,TRUE,FALSE,30,5,233,1
892826414227412152,2023-12-14,Downtown,49.27938856946266,-123.10664044912455,Entire home/apt,2,1 bath,1,$146.00,2,FALSE,FALSE,11,4.45,174,1
892832608717740339,2023-12-14,Downtown,49.276911603864015,-123.13113080377497,Entire home/apt,4,2 baths,2,$160.00,30,FALSE,FALSE,0,NA,365,8
892832878041636471,2023-12-14,Downtown,49.27455,-123.12569,Private room,2,1 bath,1,$69.00,30,TRUE,FALSE,0,NA,339,8
892852509486300842,2023-12-14,Kensington-Cedar Cottage,49.23437882516246,-123.06535855670664,Entire home/apt,6,1 bath,3,$200.00,2,TRUE,TRUE,21,4.76,0,2
892920991963072765,2023-12-14,Sunset,49.22410427453697,-123.09864178750796,Entire home/apt,5,1.5 baths,4,$172.00,1,TRUE,TRUE,24,5,213,1
892924793271813304,2023-12-13,Mount Pleasant,49.26770868516975,-123.1022337755622,Entire home/apt,3,1 bath,2,$137.00,2,TRUE,FALSE,27,5,67,1
893065206116101081,2023-12-13,Kensington-Cedar Cottage,49.26122,-123.07644,Entire home/apt,4,1 bath,2,$133.00,30,FALSE,FALSE,2,5,201,1
893218520104045310,2023-12-13,Marpole,49.2107928,-123.1445312,Private room,1,1 private bath,1,$75.00,3,TRUE,FALSE,12,4.92,159,4
893374026000530261,2023-12-13,Downtown,49.27488323278944,-123.1140092116394,Entire home/apt,4,2 baths,2,$200.00,30,FALSE,FALSE,3,5,83,1
893420015259576777,2023-12-14,Downtown Eastside,49.28293,-123.10294,Entire home/apt,1,1 bath,1,$130.00,180,FALSE,FALSE,0,NA,364,1
893447130405864222,2023-12-14,Kensington-Cedar Cottage,49.232969,-123.0795062,Private room,2,1 bath,1,$73.00,1,TRUE,TRUE,28,4.75,0,1
893566600459102250,2023-12-14,West End,49.27843,-123.13637,Entire home/apt,6,3.5 baths,3,$884.00,30,FALSE,TRUE,0,NA,275,134
893656406135441073,2023-12-13,Dunbar Southlands,49.24142,-123.17687,Private room,2,1 bath,1,NA,30,FALSE,FALSE,0,NA,364,1
893712628926794365,2023-12-14,Downtown,49.27432997416828,-123.11494778841734,Entire home/apt,3,1 bath,2,$120.00,30,FALSE,FALSE,0,NA,255,1
893875511669747229,2023-12-14,Dunbar Southlands,49.23488105449624,-123.18541467033728,Shared room,1,1 shared bath,1,NA,7,FALSE,FALSE,3,4,0,2
894127654035639952,2023-12-14,Downtown,49.276957866593015,-123.12941082239628,Entire home/apt,3,1 bath,2,$125.00,30,FALSE,FALSE,2,2.5,359,8
894135724044874473,2023-12-14,Downtown,49.27665298562039,-123.1293462215537,Entire home/apt,3,1 bath,2,$125.00,30,FALSE,FALSE,2,5,245,8
894144352703347976,2023-12-14,Downtown,49.276164,-123.1301857,Entire home/apt,4,2 baths,2,$112.00,30,FALSE,FALSE,0,NA,339,8
894194806778959562,2023-12-14,West End,49.28135617010932,-123.12964781635374,Entire home/apt,3,1 bath,2,$110.00,3,FALSE,FALSE,36,4.44,35,6
894210550000758826,2023-12-13,Downtown,49.27280406078064,-123.11576320858512,Entire home/apt,2,1 bath,1,$150.00,90,FALSE,FALSE,0,NA,164,1
894289500769204473,2023-12-14,West End,49.277736046831606,-123.13688078862198,Entire home/apt,2,1 bath,1,$145.00,30,TRUE,FALSE,2,5,201,37
894360745255319791,2023-12-13,Mount Pleasant,49.26095422292863,-123.09884290833934,Entire home/apt,2,1 bath,1,$35.00,1,FALSE,TRUE,10,4.9,335,134
894370967706593517,2023-12-14,Downtown Eastside,49.27916448318242,-123.10104262160392,Entire home/apt,2,2 baths,1,$135.00,30,TRUE,FALSE,0,NA,254,2
894448735306762643,2023-12-14,Downtown,49.27523,-123.1305,Entire home/apt,4,1.5 baths,2,$183.00,30,FALSE,FALSE,2,5,365,8
894473433495409931,2023-12-14,Downtown,49.2801052,-123.1085108,Entire home/apt,4,1 bath,2,$238.00,3,TRUE,FALSE,11,5,83,1
894928248932291492,2023-12-14,Downtown,49.2796404,-123.1088566,Entire home/apt,6,2 baths,3,$336.00,2,FALSE,FALSE,4,4.75,207,1
894937909341502357,2023-12-13,Riley Park,49.25475635753328,-123.0972698307532,Entire home/apt,8,4 baths,5,$320.00,1,TRUE,TRUE,25,4.96,111,2
894945509374472712,2023-12-14,Downtown,49.273997428426064,-123.12926732545786,Entire home/apt,4,2 baths,2,$130.00,30,TRUE,FALSE,2,5,49,3
895145366819255431,2023-12-13,Downtown Eastside,49.281249,-123.0833468,Entire home/apt,4,1 bath,2,$156.00,2,TRUE,FALSE,23,4.91,80,1
895384672208363542,2023-12-14,Downtown Eastside,49.27741,-123.09869,Entire home/apt,4,1 bath,2,$69.00,2,FALSE,FALSE,55,4.85,75,4
895786031990803682,2023-12-14,Sunset,49.214691366013575,-123.10406399990276,Private room,2,1 private bath,1,$71.00,1,FALSE,FALSE,57,4.64,0,3
895820181126266695,2023-12-13,Arbutus Ridge,49.23998370771584,-123.1570209521416,Private room,1,1 bath,1,$99.00,7,TRUE,FALSE,0,NA,179,7
895821641939068057,2023-12-13,Hastings-Sunrise,49.28208071524045,-123.04811917130183,Entire home/apt,2,1 bath,1,$120.00,1,TRUE,FALSE,60,4.83,269,1
895836606703251771,2023-12-13,Arbutus Ridge,49.24204,-123.15852,Private room,1,1 bath,1,$99.00,7,TRUE,FALSE,0,NA,179,7
895843455551777169,2023-12-13,Arbutus Ridge,49.23988,-123.15801,Private room,1,1 bath,1,$99.00,7,TRUE,FALSE,0,NA,179,7
895851315817116573,2023-12-13,Arbutus Ridge,49.24047647023931,-123.1566075729146,Private room,1,1 bath,1,$98.00,7,TRUE,FALSE,0,NA,364,7
895985054806353651,2023-12-25,Sunset,49.21305209455445,-123.07978502417494,Entire home/apt,6,3.5 baths,3,$289.00,2,FALSE,FALSE,10,4.73,0,4
896346352678055576,2023-12-14,Hastings-Sunrise,49.26214,-123.03933,Entire home/apt,6,1 bath,4,NA,2,TRUE,FALSE,6,5,0,1
896399159780972908,2023-12-14,Killarney,49.22606382117842,-123.0304276772821,Entire home/apt,2,1 bath,1,$80.00,30,TRUE,FALSE,25,4.84,233,1
896675426118185820,2023-12-14,Sunset,49.21949304312728,-123.09550763787732,Entire home/apt,3,2 baths,2,$122.00,1,FALSE,FALSE,6,5,0,1
896692070449107148,2023-12-13,Grandview-Woodland,49.26524,-123.07026,Entire home/apt,6,1.5 baths,3,$241.00,1,TRUE,TRUE,13,5,278,1
897239822484667777,2023-12-14,Killarney,49.20649,-123.03177,Entire home/apt,2,1 bath,1,NA,30,FALSE,FALSE,1,5,0,1
897364559444193310,2023-12-14,West End,49.27916,-123.13024,Entire home/apt,3,1 bath,2,$139.00,1,TRUE,TRUE,23,4.92,0,1
897811535896071987,2023-12-13,Fairview,49.26103,-123.14158,Entire home/apt,4,1 bath,2,$120.00,30,TRUE,FALSE,2,5,315,26
897811571326992183,2023-12-13,Kitsilano,49.26460188662131,-123.16258934021629,Entire home/apt,2,1 bath,1,$115.00,30,TRUE,FALSE,3,4.67,240,26
897831247006282166,2023-12-14,West End,49.28691,-123.12607,Entire home/apt,4,1 bath,1,$175.00,2,FALSE,FALSE,11,5,63,1
897919706570362967,2023-12-13,Downtown,49.2734258,-123.1199119,Entire home/apt,4,2 baths,2,$128.00,30,FALSE,FALSE,2,5,264,1
897947144586503173,2023-12-14,West End,49.28989590713851,-123.13270775995994,Entire home/apt,2,1 bath,1,$110.00,30,TRUE,FALSE,2,5,206,37
897966174811072946,2023-12-13,Kensington-Cedar Cottage,49.2596313247433,-123.0744287310856,Private room,2,1 bath,1,$46.00,1,FALSE,TRUE,3,4,269,19
897966601094175504,2023-12-13,Kensington-Cedar Cottage,49.25283869499224,-123.08984385731851,Private room,3,1 shared bath,2,$150.00,1,FALSE,TRUE,1,2,365,19
898079222122228915,2023-12-13,Kensington-Cedar Cottage,49.26169321960633,-123.07496029668737,Private room,2,1 bath,1,$23.00,30,FALSE,TRUE,0,NA,270,19
898088289157936718,2023-12-14,Downtown Eastside,49.28202240019686,-123.1072235965318,Entire home/apt,4,2 baths,2,$239.00,2,TRUE,FALSE,30,4.69,0,1
898126684232703945,2023-12-14,Downtown,49.27511051707193,-123.12881534505888,Entire home/apt,4,1 bath,2,$153.00,2,TRUE,TRUE,35,5,0,3
898514347051078273,2023-12-14,West End,49.27889,-123.13127,Private room,4,1 bath,2,$195.00,1,TRUE,FALSE,96,4.74,0,11
898541597651854700,2023-12-14,Downtown Eastside,49.28199045335148,-123.10769719178754,Entire home/apt,6,2 baths,3,$529.00,3,TRUE,FALSE,18,4.89,168,3
898550331710493318,2023-12-14,West End,49.28094256230276,-123.13269006878096,Private room,2,1 bath,1,$184.00,1,TRUE,FALSE,72,4.71,0,11
898567192420567757,2023-12-14,West End,49.27937,-123.13165,Private room,4,1 bath,2,$205.00,1,TRUE,FALSE,17,4.67,0,11
898724730066153990,2023-12-14,Kensington-Cedar Cottage,49.23605,-123.07682,Private room,4,1 shared bath,1,$190.00,1,FALSE,FALSE,1,5,269,3
898779111208293855,2023-12-14,Grandview-Woodland,49.26484,-123.07722,Entire home/apt,5,1 bath,2,$138.00,1,FALSE,FALSE,3,4.33,71,1
898831137152689960,2023-12-14,Kensington-Cedar Cottage,49.23319906647178,-123.08812671311794,Entire home/apt,3,1 bath,1,$109.00,4,TRUE,FALSE,24,4.92,357,1
898871149365117929,2023-12-14,Downtown,49.28003169999999,-123.1266181,Entire home/apt,6,2 baths,2,$471.00,2,FALSE,TRUE,13,4.85,165,1
898957321004715143,2023-12-13,Sunset,49.22234814861902,-123.09003442497088,Private room,2,1 shared bath,2,$53.00,1,FALSE,TRUE,11,4,180,18
899190677111587809,2023-12-14,Renfrew-Collingwood,49.25425065727246,-123.02539492166996,Entire home/apt,7,2 baths,6,$136.00,2,TRUE,FALSE,18,4.95,0,1
899203529162158615,2023-12-14,Oakridge,49.23026,-123.1347,Entire home/apt,6,2 baths,4,$250.00,3,TRUE,FALSE,23,4.96,1,1
899212181520783904,2023-12-14,Downtown Eastside,49.28330442517364,-123.09116131018992,Entire home/apt,2,1 bath,1,$87.00,3,TRUE,FALSE,38,4.9,0,1
899263333052563294,2023-12-14,Downtown,49.27848030000001,-123.1149438,Entire home/apt,3,1 bath,1,$139.00,180,FALSE,FALSE,0,NA,347,1
899327804930892115,2023-12-13,Kitsilano,49.26272,-123.17964,Entire home/apt,4,1 bath,3,$280.00,2,TRUE,FALSE,22,4.82,309,1
899418859714293424,2023-12-14,Downtown,49.28059324740426,-123.10776146223598,Entire home/apt,2,1 bath,1,$215.00,2,TRUE,FALSE,14,4.93,100,1
899424111651588086,2023-12-14,Downtown,49.27855709726777,-123.12606951945538,Entire home/apt,2,1 bath,1,$150.00,3,FALSE,TRUE,1,4,89,1
899512169783211802,2023-12-14,Kitsilano,49.2710893,-123.1561602,Entire home/apt,4,1 bath,3,$135.00,30,FALSE,FALSE,1,4,89,1
899566106149145682,2023-12-14,Renfrew-Collingwood,49.2328725316143,-123.05177771009248,Entire home/apt,4,1 bath,2,$79.00,1,TRUE,FALSE,37,4.89,0,2
899582979219569070,2023-12-13,Riley Park,49.2505714,-123.104612,Entire home/apt,4,1 bath,3,$125.00,2,TRUE,FALSE,21,4.86,166,1
899941062794599747,2023-12-14,West End,49.28606,-123.12608,Entire home/apt,4,2 baths,2,$203.00,30,TRUE,FALSE,3,4.67,122,4
899988045998357765,2023-12-14,Sunset,49.22453853873668,-123.08848164742966,Entire home/apt,6,2 baths,5,$169.00,30,FALSE,FALSE,1,5,223,10
900013691628984859,2023-12-13,Mount Pleasant,49.26032593239858,-123.07983881967031,Private room,2,1 shared bath,1,$39.00,9,FALSE,TRUE,1,3,270,6
900085508160169473,2023-12-13,Shaughnessy,49.25514,-123.15211,Entire home/apt,3,1 bath,2,$110.00,3,TRUE,TRUE,8,4.88,42,2
900109112511750647,2023-12-14,Mount Pleasant,49.2621295,-123.1006343,Entire home/apt,2,1 bath,1,$228.00,30,FALSE,FALSE,1,5,222,1
900194610805154348,2023-12-14,Victoria-Fraserview,49.21037,-123.06435,Entire home/apt,8,2.5 baths,3,$155.00,2,FALSE,FALSE,26,4.85,341,1
900850391227117636,2023-12-13,Mount Pleasant,49.26999269218653,-123.10175118218493,Entire home/apt,2,1 bath,1,NA,45,FALSE,FALSE,0,NA,117,1
900934896039276318,2023-12-14,West Point Grey,49.267765651408666,-123.21755279799356,Private room,2,1 private bath,1,$250.00,2,TRUE,FALSE,10,4.9,179,1
901123913654246570,2023-12-14,Downtown,49.27467919408761,-123.13431288585724,Entire home/apt,2,1 bath,1,NA,2,FALSE,FALSE,9,5,0,1
901446004271255333,2023-12-14,Kensington-Cedar Cottage,49.24301052259365,-123.0717243671808,Entire home/apt,8,2 baths,4,$189.00,3,TRUE,FALSE,26,4.96,52,1
901719065426958617,2023-12-13,Arbutus Ridge,49.25479154840824,-123.16847912530253,Private room,2,1 bath,1,$543.00,3,TRUE,FALSE,0,NA,15,2
901813250121930369,2023-12-13,Downtown,49.27499129730191,-123.11465870715408,Entire home/apt,2,1 bath,1,$129.00,30,TRUE,FALSE,1,5,263,11
902048403889847909,2023-12-14,Downtown Eastside,49.282503689954815,-123.10338794232788,Entire home/apt,2,1 bath,2,$250.00,2,FALSE,FALSE,9,4.78,180,1
902085850609535776,2023-12-14,West End,49.28480090625892,-123.12264435345006,Entire home/apt,4,2.5 baths,3,$290.00,4,TRUE,FALSE,11,5,102,1
902171341357956167,2023-12-14,Riley Park,49.2418,-123.10213,Entire home/apt,4,1 bath,2,$172.00,30,FALSE,TRUE,1,4,49,134
902191492572859067,2023-12-14,Riley Park,49.24374561498254,-123.10257548271396,Entire home/apt,2,1 bath,1,$141.00,30,FALSE,TRUE,3,5,67,134
902247781967421207,2023-12-13,Riley Park,49.24180946205276,-123.10271258108553,Entire home/apt,2,1 bath,1,$100.00,30,FALSE,TRUE,0,NA,59,134
902262743076254503,2023-12-14,Sunset,49.22483,-123.08997,Entire home/apt,4,1.5 baths,2,$139.00,30,FALSE,FALSE,2,5,133,10
902283687852576357,2023-12-14,Downtown,49.27536089205516,-123.12103031887663,Entire home/apt,3,2 baths,2,$499.00,7,TRUE,FALSE,11,5,107,1
902355608413594989,2023-12-13,West Point Grey,49.26861,-123.21538,Private room,2,1 private bath,1,NA,30,FALSE,FALSE,0,NA,354,1
902378012430504417,2023-12-14,South Cambie,49.24437411117138,-123.11948399066584,Entire home/apt,16,5.5 baths,8,$436.00,1,TRUE,FALSE,33,4.76,245,2
903006033557171147,2023-12-14,West End,49.28754169879694,-123.12842997749556,Entire home/apt,2,1 bath,1,$79.00,30,FALSE,FALSE,0,NA,59,1
903111556813130406,2023-12-14,West End,49.2831,-123.13187,Entire home/apt,2,1 bath,1,$84.00,30,FALSE,TRUE,26,4.67,0,5
903126479621998105,2023-12-13,Sunset,49.214693578144505,-123.10363303453995,Entire home/apt,5,1 bath,3,$220.00,1,FALSE,FALSE,17,4.53,124,3
903155509561260454,2023-12-14,Dunbar Southlands,49.2359605733608,-123.19405686927016,Entire home/apt,5,1 bath,3,$150.00,30,FALSE,FALSE,1,5,156,1
903202768637136999,2023-12-14,Hastings-Sunrise,49.27689,-123.04871,Entire home/apt,4,1 bath,2,$118.00,30,FALSE,FALSE,2,5,158,1
903269746311910816,2023-12-13,West Point Grey,49.26771644485485,-123.1864274850974,Entire home/apt,6,1 bath,3,$126.00,30,NA,FALSE,2,5,167,4
903306524794529339,2023-12-13,Downtown,49.27494,-123.12291,Entire home/apt,2,1 bath,1,$129.00,30,TRUE,FALSE,1,5,355,11
903335921058630829,2023-12-14,Downtown,49.2744478372903,-123.12592705731022,Entire home/apt,4,1 bath,2,$156.00,1,FALSE,FALSE,19,4.95,0,1
903702897936696364,2023-12-13,Downtown,49.27313179791937,-123.1198046116394,Entire home/apt,2,2 baths,2,$250.00,30,TRUE,FALSE,0,NA,260,13
903719953366256795,2023-12-14,Downtown,49.2820044737183,-123.12457943702525,Entire home/apt,4,1 bath,1,$237.00,1,TRUE,FALSE,7,5,14,2
903745734919374807,2023-12-14,Fairview,49.266632170635326,-123.1244642199436,Entire home/apt,6,2 baths,2,$319.00,2,FALSE,FALSE,1,5,361,1
903776626612148226,2023-12-14,Kitsilano,49.26616442263449,-123.1729171049037,Entire home/apt,4,1.5 baths,2,$140.00,30,FALSE,FALSE,1,5,130,1
903874165572477735,2023-12-14,Downtown,49.27805731074953,-123.12111651820736,Entire home/apt,2,1 bath,1,$175.00,30,TRUE,TRUE,1,5,364,4
903943471887128808,2023-12-14,West End,49.29053258804047,-123.14393217661936,Entire home/apt,2,1 bath,1,$457.00,2,TRUE,FALSE,1,5,89,2
904006680528335877,2023-12-14,Downtown,49.2811822,-123.1252069,Entire home/apt,2,1 bath,1,$230.00,30,FALSE,FALSE,3,5,51,1
904312737074331460,2023-12-13,Fairview,49.2620311218629,-123.13202746760813,Entire home/apt,2,1 bath,1,$84.00,30,FALSE,TRUE,1,4,316,134
904368071500723204,2023-12-14,Downtown,49.27840347971555,-123.12199192359908,Entire home/apt,4,1 bath,2,$202.00,2,FALSE,FALSE,18,4.9,0,1
904442199486043595,2023-12-14,West End,49.28230301884291,-123.12557804231837,Entire home/apt,6,2 baths,3,$793.00,3,TRUE,FALSE,23,5,331,1
904494738418662617,2023-12-14,Arbutus Ridge,49.23756,-123.15847,Entire home/apt,5,1 bath,3,$110.00,1,FALSE,TRUE,6,4.17,60,7
904687583963273043,2023-12-14,Marpole,49.216903885510455,-123.14373108772875,Entire home/apt,3,1 bath,2,$71.00,1,TRUE,TRUE,58,4.82,0,1
904834992664978449,2023-12-14,Downtown Eastside,49.28186831469568,-123.10457703743438,Entire home/apt,4,1 bath,2,$133.00,1,FALSE,FALSE,40,4.63,0,2
904985705639630752,2023-12-14,Downtown,49.27966053650449,-123.11756079156544,Entire home/apt,4,1 bath,2,$139.00,1,TRUE,TRUE,10,4.9,334,1
905043909417106688,2023-12-13,Riley Park,49.24188,-123.10077,Entire home/apt,2,1 bath,1,$71.00,30,FALSE,TRUE,1,5,48,134
905229027788352951,2023-12-14,Victoria-Fraserview,49.210330149517546,-123.0634324999744,Entire home/apt,10,3.5 baths,3,$222.00,2,FALSE,TRUE,6,5,347,1
905389891758331327,2023-12-14,West End,49.28198107855597,-123.1262817981551,Entire home/apt,3,1 bath,1,$126.00,1,TRUE,TRUE,24,4.96,0,1
905407437025820797,2023-12-14,Dunbar Southlands,49.23493589667125,-123.20183872283194,Private room,2,1.5 shared baths,1,$220.00,3,TRUE,FALSE,2,4,89,2
905843205466721470,2023-12-13,Sunset,49.22399,-123.09465,Private room,2,1 shared bath,2,$56.00,1,FALSE,TRUE,8,4.75,178,18
905844527476556054,2023-12-14,Sunset,49.22473843767754,-123.08976321899527,Private room,2,1 shared bath,2,$56.00,1,FALSE,TRUE,7,4.63,0,18
905984914174030431,2023-12-14,Shaughnessy,49.24672,-123.13805,Private room,3,1 private bath,2,$98.00,1,TRUE,FALSE,23,4.78,311,2
906013536916118083,2023-12-14,Downtown Eastside,49.282001960537045,-123.10494447945123,Entire home/apt,2,1 bath,1,$149.00,30,FALSE,FALSE,1,5,358,1
906050067003490479,2023-12-13,Kensington-Cedar Cottage,49.23944,-123.06511,Private room,2,1 bath,1,$72.00,2,TRUE,FALSE,31,4.87,69,1
906165847219498378,2023-12-14,Victoria-Fraserview,49.21913272156728,-123.06099216281048,Entire home/apt,4,1.5 baths,2,$165.00,1,TRUE,TRUE,16,4.88,351,1
906495487858698325,2023-12-14,Downtown,49.27833,-123.10885,Entire home/apt,4,2 baths,2,$143.00,30,FALSE,FALSE,1,3,178,1
906613439128557258,2023-12-14,Dunbar Southlands,49.24747,-123.18547,Entire home/apt,4,2 baths,2,$161.00,1,TRUE,FALSE,19,4.84,261,1
906773509905345335,2023-12-14,Marpole,49.21466,-123.13181,Entire home/apt,11,2 baths,4,$241.00,1,TRUE,FALSE,20,4.8,347,1
906850802107880741,2023-12-14,Sunset,49.2210899,-123.0805867,Entire home/apt,2,1 bath,1,$129.00,2,FALSE,FALSE,12,4.83,264,1
906871814159443109,2023-12-13,Mount Pleasant,49.2688915,-123.1012099,Entire home/apt,4,1 bath,3,$151.00,1,TRUE,FALSE,2,4.5,288,2
907007074446909228,2023-12-13,Sunset,49.22232,-123.08739,Private room,2,1 shared bath,2,$55.00,1,FALSE,TRUE,1,5,365,18
907297867043772677,2023-12-14,Downtown,49.27644,-123.12976,Entire home/apt,2,1 bath,1,$55.00,30,FALSE,TRUE,1,4,269,1
907319275373880098,2023-12-14,Mount Pleasant,49.25791263248133,-123.0833439588961,Entire home/apt,6,2.5 baths,1,NA,2,FALSE,TRUE,1,5,0,1
907400736046830418,2023-12-14,Killarney,49.22364058141727,-123.04708828565852,Private room,2,1 shared bath,1,$108.00,1,TRUE,FALSE,21,4.71,89,4
907400746601177669,2023-12-13,Killarney,49.22412412921028,-123.04627519100904,Private room,2,1 shared bath,1,$118.00,1,TRUE,FALSE,25,4.84,90,4
907474211416588847,2023-12-13,Hastings-Sunrise,49.28455,-123.04554,Entire home/apt,6,1 bath,3,$187.00,1,TRUE,FALSE,23,4.74,256,1
907592458804512466,2023-12-13,West Point Grey,49.25966343976348,-123.20867083626666,Entire home/apt,9,2.5 baths,3,$370.00,2,FALSE,TRUE,6,4.33,60,1
907623342473092649,2023-12-13,Sunset,49.21160050497968,-123.0887124628422,Entire home/apt,2,1 bath,1,$150.00,30,FALSE,FALSE,2,5,88,1
907920170344329492,2023-12-13,Riley Park,49.23792532072255,-123.09601331899256,Entire home/apt,2,1 bath,1,$89.00,2,TRUE,FALSE,28,4.82,79,1
908059899992391552,2023-12-14,Downtown,49.2867008,-123.1239737,Entire home/apt,2,1 bath,1,$168.00,30,FALSE,TRUE,0,NA,364,3
908078683337681352,2023-12-13,Arbutus Ridge,49.254730056067096,-123.1675612770464,Entire home/apt,2,1 bath,1,$110.00,1,TRUE,FALSE,52,4.92,237,4
908213423748310861,2023-12-14,Downtown,49.27346,-123.1261,Entire home/apt,2,1 bath,2,$240.00,5,FALSE,FALSE,2,5,10,1
908214017310706285,2023-12-13,Kerrisdale,49.22103,-123.15144,Private room,2,Shared half-bath,1,$80.00,30,TRUE,TRUE,2,5,194,6
908270876253804815,2023-12-14,Mount Pleasant,49.26112,-123.08207,Entire home/apt,8,2.5 baths,4,$500.00,4,FALSE,FALSE,2,5,36,1
908278765908918202,2023-12-14,Downtown Eastside,49.2759708,-123.0908056,Entire home/apt,4,2 baths,2,NA,2,FALSE,FALSE,5,4.8,0,1
908319934202930495,2023-12-14,Kensington-Cedar Cottage,49.25975909213645,-123.05687333121335,Entire home/apt,7,2 baths,4,$400.00,1,TRUE,FALSE,15,5,170,1
908352803106920011,2023-12-14,Sunset,49.22178,-123.08861,Entire home/apt,6,2 baths,4,$100.00,1,TRUE,FALSE,16,4.81,0,1
908377362091285210,2023-12-13,Hastings-Sunrise,49.28898,-123.02516,Entire home/apt,4,1 bath,1,$148.00,1,FALSE,FALSE,21,4.9,39,1
908624311902465514,2023-12-14,Downtown,49.274982314335404,-123.13345026137696,Entire home/apt,2,1 bath,1,$443.00,2,TRUE,FALSE,17,5,269,1
908712582837140154,2023-12-13,Kerrisdale,49.23288,-123.14581,Private room,4,2 shared baths,2,$999.00,30,FALSE,TRUE,0,NA,365,1
908721711681762711,2023-12-13,Mount Pleasant,49.25807373385937,-123.10424312843512,Entire home/apt,2,1 bath,1,$112.00,30,FALSE,TRUE,0,NA,299,134
908772160503959142,2023-12-13,Mount Pleasant,49.2591,-123.10449,Entire home/apt,2,1 bath,1,$101.00,30,FALSE,TRUE,1,4,286,134
908799886744120817,2023-12-13,Mount Pleasant,49.25776665756199,-123.1041424259449,Entire home/apt,2,1 bath,1,$139.00,30,FALSE,TRUE,2,4.5,246,134
908836369181303119,2023-12-13,Mount Pleasant,49.2599,-123.10421,Entire home/apt,2,1 bath,1,$74.00,30,FALSE,TRUE,1,5,291,134
908854903689478184,2023-12-13,Mount Pleasant,49.25952,-123.10416,Entire home/apt,6,1 bath,3,$53.00,30,FALSE,FALSE,2,3.5,194,134
908898373482967856,2023-12-13,Killarney,49.2243531307659,-123.04510248527212,Entire home/apt,2,1 bath,1,$57.00,2,TRUE,FALSE,25,4.92,59,1
908965846012076156,2023-12-14,Downtown,49.27961029999999,-123.1240422,Entire home/apt,3,1 bath,1,$145.00,2,TRUE,TRUE,31,4.84,4,1
909034369769095676,2023-12-14,Downtown,49.27742,-123.13122,Entire home/apt,4,1 bath,2,$164.00,30,FALSE,TRUE,0,NA,364,1
909390562054958140,2023-12-13,Mount Pleasant,49.26297,-123.08248,Entire home/apt,2,1 bath,1,$110.00,30,FALSE,TRUE,0,NA,90,1
909475142117498102,2023-12-13,Mount Pleasant,49.26604,-123.09726,Entire home/apt,2,1 bath,1,$81.00,30,FALSE,TRUE,9,5,342,134
909578425542231309,2023-12-14,Downtown,49.27496,-123.12795,Entire home/apt,5,2 baths,4,$399.00,30,TRUE,FALSE,2,5,153,3
909595266500153260,2023-12-14,Shaughnessy,49.2388636729292,-123.15005595185649,Entire home/apt,3,1 bath,2,$169.00,1,TRUE,TRUE,18,5,0,1
909614147960306756,2023-12-14,Kensington-Cedar Cottage,49.2475900790897,-123.06900042026808,Entire home/apt,4,1 bath,2,$115.00,2,FALSE,FALSE,9,4.44,101,3
909623218753927140,2023-12-14,Kensington-Cedar Cottage,49.24541845860248,-123.0702665223148,Entire home/apt,4,1 bath,2,$145.00,2,FALSE,FALSE,2,5,59,3
909658486637003029,2023-12-13,Dunbar Southlands,49.24916425868903,-123.19094964927794,Entire home/apt,10,3 baths,5,$352.00,1,FALSE,FALSE,30,4.63,326,1
909676135654578606,2023-12-14,West End,49.28278667265974,-123.13437345355176,Entire home/apt,4,1 bath,2,$130.00,30,TRUE,FALSE,0,NA,185,1
909717940030012123,2023-12-14,Downtown Eastside,49.2785415653356,-123.10109766490288,Entire home/apt,6,2 baths,3,$164.00,2,TRUE,FALSE,25,4.92,123,1
909770852083837638,2023-12-13,Renfrew-Collingwood,49.25491170569815,-123.03274675523024,Private room,2,1 shared bath,1,$60.00,30,TRUE,FALSE,2,5,340,4
909779914824725354,2023-12-14,Downtown Eastside,49.2818215,-123.1041773,Entire home/apt,4,1 bath,2,$144.00,1,TRUE,FALSE,23,4.92,0,1
909788917277258902,2023-12-13,Renfrew-Collingwood,49.252878985379695,-123.03283034199433,Private room,1,1 shared bath,1,$60.00,30,TRUE,FALSE,3,4.67,256,4
909796973023963321,2023-12-14,Downtown,49.27916,-123.10733,Entire home/apt,7,2 baths,4,$415.00,1,TRUE,FALSE,45,4.96,0,1
909979958102017348,2023-12-13,Victoria-Fraserview,49.228742865200445,-123.06053683161736,Entire home/apt,3,1 bath,1,$80.00,1,FALSE,FALSE,21,4.76,360,1
910153011106322943,2023-12-13,Renfrew-Collingwood,49.253089388227856,-123.02580052595536,Entire home/apt,4,1.5 baths,2,$101.00,2,TRUE,FALSE,17,4.94,62,1
910167676201511830,2023-12-14,Kitsilano,49.27063000850254,-123.15069669122768,Entire home/apt,7,2.5 baths,4,$956.00,30,FALSE,TRUE,4,4.75,229,3
910175331391554318,2023-12-14,Downtown,49.2784951,-123.1296296,Entire home/apt,4,1 bath,2,$160.00,2,TRUE,FALSE,23,4.91,53,1
910374824028986544,2023-12-14,Kitsilano,49.26581174250252,-123.16691295281892,Entire home/apt,8,3 baths,4,$679.00,3,TRUE,FALSE,9,5,73,1
910431375871941143,2023-12-13,Fairview,49.2644367,-123.1228096,Entire home/apt,2,1 bath,1,$140.00,2,FALSE,FALSE,1,4,34,1
910528559400794719,2023-12-14,Downtown,49.280935648000494,-123.12368639021338,Private room,2,1 private bath,1,$109.00,1,TRUE,TRUE,36,4.97,146,1
910792504538098550,2023-12-14,Hastings-Sunrise,49.269678999999996,-123.045072,Entire home/apt,12,3 baths,5,$220.00,1,TRUE,FALSE,13,4.69,26,1
910857717782159449,2023-12-14,Downtown,49.277863791108985,-123.10764591279629,Entire home/apt,6,1 bath,3,$70.00,1,FALSE,FALSE,44,4.73,0,4
910895104867725216,2023-12-14,Downtown,49.288768906584586,-123.12656633113237,Entire home/apt,8,2 baths,5,$118.00,1,FALSE,FALSE,16,4.75,57,4
910902792399866260,2023-12-13,Mount Pleasant,49.25879,-123.08032,Private room,2,1 bath,1,$39.00,1,FALSE,TRUE,3,3,365,6
910903784104447799,2023-12-14,Kitsilano,49.26870576935644,-123.1661521073718,Entire home/apt,7,1 bath,4,$103.00,1,FALSE,FALSE,38,4.82,71,4
910913195136937691,2023-12-14,West End,49.28184,-123.12607,Entire home/apt,6,2 baths,3,$104.00,1,TRUE,FALSE,32,4.88,0,2
910918585297269358,2023-12-14,Riley Park,49.25433,-123.09178,Shared room,1,1 shared bath,1,$135.00,1,FALSE,FALSE,1,3,364,19
910955603958603591,2023-12-13,Renfrew-Collingwood,49.25377,-123.05524,Entire home/apt,4,2 baths,3,$110.00,2,TRUE,FALSE,26,4.92,123,5
910970350043517784,2023-12-14,Downtown,49.2801,-123.12546,Entire home/apt,2,1 bath,1,$116.00,30,FALSE,FALSE,1,5,4,1
910995127781130723,2023-12-14,Downtown,49.2803641,-123.116879,Entire home/apt,6,2 baths,4,$189.00,30,TRUE,FALSE,1,5,102,3
911057811247223067,2023-12-14,Fairview,49.26964,-123.13524,Entire home/apt,4,1 bath,2,$108.00,3,TRUE,TRUE,41,4.93,171,1
911090373597111787,2023-12-14,Kensington-Cedar Cottage,49.25932179290139,-123.0644820423279,Entire home/apt,6,1.5 baths,3,$187.00,5,TRUE,FALSE,13,5,332,1
911270558819574466,2023-12-14,Downtown,49.28738120000001,-123.1237839,Entire home/apt,4,2 baths,2,$171.00,2,TRUE,FALSE,21,5,32,1
911343873283123960,2023-12-14,West End,49.28719979457315,-123.1259049475193,Entire home/apt,4,2.5 baths,2,NA,1,TRUE,FALSE,7,5,0,1
911533956533337010,2023-12-14,Downtown,49.27833,-123.12192,Entire home/apt,3,1 bath,2,$116.00,1,FALSE,TRUE,22,4.77,302,1
911574972384419784,2023-12-14,Mount Pleasant,49.2621,-123.09031,Entire home/apt,2,1 bath,1,NA,30,FALSE,FALSE,0,NA,0,1
911833480005031013,2023-12-13,Marpole,49.20861808742599,-123.12162899424892,Private room,2,1 shared bath,1,$99.00,1,FALSE,TRUE,11,4.64,136,5
911886937414711504,2023-12-14,Kensington-Cedar Cottage,49.25597904222214,-123.07824993475003,Entire home/apt,2,1 bath,1,$149.00,2,TRUE,FALSE,15,4.8,264,1
911944745536782576,2023-12-14,Downtown,49.2783402,-123.1209557,Entire home/apt,2,1 bath,1,$110.00,30,FALSE,FALSE,3,5,364,1
911948980885194155,2023-12-14,Sunset,49.22170899446256,-123.09776247840225,Entire home/apt,2,1 bath,1,$263.00,2,TRUE,FALSE,7,5,179,1
912264489312583247,2023-12-13,Hastings-Sunrise,49.281376954354656,-123.02776981174608,Entire home/apt,8,2.5 baths,5,$202.00,30,FALSE,FALSE,1,5,159,1
912334580466798835,2023-12-13,Mount Pleasant,49.27002,-123.10547,Entire home/apt,4,1 bath,2,NA,30,FALSE,FALSE,0,NA,90,1
912400065289847628,2023-12-13,Downtown,49.2745482,-123.127821,Entire home/apt,4,1.5 baths,2,$286.00,2,TRUE,FALSE,18,4.94,96,1
912440655777015709,2023-12-14,Arbutus Ridge,49.257219723331175,-123.1624471449829,Entire home/apt,6,3 baths,3,$381.00,3,FALSE,FALSE,10,5,329,1
912448707181210275,2023-12-14,Downtown,49.2788408,-123.107399,Entire home/apt,3,1 bath,2,$153.00,1,FALSE,FALSE,36,4.61,166,1
912490294905663119,2023-12-14,Mount Pleasant,49.2569141,-123.08883,Entire home/apt,6,2 baths,3,$200.00,2,FALSE,TRUE,10,4.2,356,1
912493456676691197,2023-12-13,Fairview,49.2605476,-123.1406583,Entire home/apt,2,1 bath,1,$167.00,1,FALSE,FALSE,15,4.47,178,1
912610676577764176,2023-12-14,West End,49.28602,-123.13497,Private room,1,1 shared bath,1,$159.00,1,FALSE,TRUE,3,3.67,149,1
912663487294765311,2023-12-13,Kitsilano,49.26844,-123.18439,Entire home/apt,6,1 bath,3,$130.00,30,NA,FALSE,0,NA,170,4
912727968073209339,2023-12-14,West End,49.28438,-123.12673,Entire home/apt,4,2 baths,2,$187.00,30,TRUE,TRUE,21,4.73,0,3
912925970585391192,2023-12-13,Victoria-Fraserview,49.21341,-123.07508,Entire home/apt,5,1.5 baths,3,$102.00,1,FALSE,FALSE,13,4.46,40,1
913254521481023785,2023-12-14,Downtown Eastside,49.28001979964178,-123.10986882607094,Entire home/apt,6,2 baths,3,$148.00,1,FALSE,TRUE,24,4.5,59,43
913355217308649351,2023-12-13,Hastings-Sunrise,49.2823736,-123.0530741,Entire home/apt,4,1 bath,2,$95.00,3,FALSE,FALSE,6,4.67,179,16
913689178509483854,2023-12-14,Kensington-Cedar Cottage,49.24441436302679,-123.06156557586394,Entire home/apt,3,1.5 baths,2,$110.00,30,FALSE,FALSE,0,NA,146,2
913780341436109726,2023-12-14,Sunset,49.214071053406464,-123.10010862768378,Entire home/apt,7,4 baths,4,$247.00,1,FALSE,FALSE,29,4.97,0,43
913818651553735155,2023-12-14,Downtown,49.27518763406278,-123.12820786849252,Entire home/apt,3,1 bath,2,$124.00,2,TRUE,FALSE,14,4.64,344,2
913831035710111791,2023-12-14,West End,49.28557,-123.13194,Entire home/apt,2,1 bath,1,$124.00,30,FALSE,TRUE,1,4,179,2
913916909699172544,2023-12-14,Kensington-Cedar Cottage,49.25609800680349,-123.07520797543536,Entire home/apt,6,2.5 baths,3,$314.00,30,TRUE,TRUE,20,4.86,0,1
913972308748448291,2023-12-13,Oakridge,49.22710559999999,-123.1175395,Entire home/apt,2,1 bath,1,$79.00,30,TRUE,FALSE,1,5,233,21
914167814583406410,2023-12-14,Downtown,49.285579674305815,-123.1221502376846,Entire home/apt,3,1 bath,2,$120.00,2,FALSE,TRUE,0,NA,138,1
914558293896528151,2023-12-14,Marpole,49.21296845314023,-123.135390585301,Entire home/apt,2,3 baths,1,$129.00,2,FALSE,FALSE,14,4.5,170,1
914640809963596171,2023-12-14,Downtown,49.27294,-123.11997,Entire home/apt,2,2 baths,2,$316.00,90,FALSE,TRUE,0,NA,364,1
914716682730240074,2023-12-14,Marpole,49.21067,-123.13284,Private room,2,1 shared bath,1,$56.00,5,FALSE,FALSE,8,4.67,0,7
914730459355302097,2023-12-13,Marpole,49.2115381,-123.1319447,Private room,2,1 shared bath,1,$51.00,3,FALSE,FALSE,5,4.8,334,7
914828199130851380,2023-12-14,Downtown,49.27306157501358,-123.12967495767212,Entire home/apt,4,2 baths,2,$843.00,2,TRUE,FALSE,5,4.8,344,1
915129097516640583,2023-12-14,Downtown,49.2775648,-123.1273401,Private room,2,1 shared bath,1,$69.00,30,FALSE,FALSE,2,4.5,130,8
915168220267064450,2023-12-14,Downtown,49.27482,-123.1242,Private room,1,1 shared bath,1,$69.00,30,TRUE,FALSE,0,NA,225,8
915238758318083091,2023-12-14,Victoria-Fraserview,49.23073545814983,-123.0721121836811,Entire home/apt,2,1 bath,1,$96.00,1,TRUE,FALSE,17,4.94,0,1
915368159269182821,2023-12-14,Hastings-Sunrise,49.2686718,-123.0394189,Entire home/apt,4,1.5 baths,3,$200.00,2,TRUE,TRUE,14,4.93,353,1
915384768520468554,2023-12-13,Hastings-Sunrise,49.266911256768886,-123.0466736611526,Entire home/apt,4,1 bath,2,$99.00,30,FALSE,FALSE,0,NA,108,1
915412544769853592,2023-12-14,Sunset,49.22330718281336,-123.09007220750996,Entire home/apt,2,1 bath,1,$99.00,30,FALSE,TRUE,2,4,140,10
915541357550372496,2023-12-14,Downtown,49.28013116513832,-123.12067430375194,Entire home/apt,2,1 bath,1,$198.00,30,FALSE,FALSE,0,NA,254,1
915946955843511628,2023-12-13,Mount Pleasant,49.26598,-123.09976,Entire home/apt,2,1 bath,1,$130.00,3,TRUE,FALSE,20,4.95,160,1
916052395996142146,2023-12-13,Kensington-Cedar Cottage,49.2512,-123.05945,Entire home/apt,6,2.5 baths,3,$400.00,2,FALSE,FALSE,1,4,71,2
916108130169742809,2023-12-14,Shaughnessy,49.24181059069666,-123.14461126654268,Entire home/apt,6,1.5 baths,2,$107.00,1,FALSE,FALSE,28,4.79,106,43
916231929407852911,2023-12-14,Downtown Eastside,49.28135115602552,-123.10370837204728,Entire home/apt,4,1.5 baths,2,$278.00,4,FALSE,FALSE,3,5,365,1
916274577512294771,2023-12-14,Downtown,49.27467672723867,-123.11379738472088,Entire home/apt,2,1 bath,1,$110.00,30,TRUE,FALSE,2,5,11,1
916558891909669339,2023-12-14,Dunbar Southlands,49.25618,-123.18349,Entire home/apt,2,1 bath,1,NA,1,FALSE,FALSE,6,4.83,0,1
916733846850021884,2023-12-14,West End,49.28199026320184,-123.1380927116364,Entire home/apt,2,1 bath,1,$111.00,7,FALSE,FALSE,0,NA,50,2
916904518849278671,2023-12-13,Hastings-Sunrise,49.28252356755718,-123.02624255860415,Entire home/apt,2,1 bath,1,$100.00,30,FALSE,FALSE,4,5,274,1
916986233160730510,2023-12-13,Marpole,49.21134078943948,-123.13206061720848,Private room,2,1 shared bath,1,$45.00,3,FALSE,TRUE,3,4.33,349,7
917036298531807378,2023-12-13,Marpole,49.20835,-123.12158,Private room,2,1 shared bath,1,$95.00,30,FALSE,TRUE,17,4.41,138,5
917042757640231846,2023-12-13,Marpole,49.20664606215104,-123.11974977714009,Private room,2,1 shared bath,1,$99.00,30,FALSE,TRUE,8,4.63,37,5
917338030042824243,2023-12-14,Sunset,49.21962105203232,-123.10383402826784,Entire home/apt,1,1 bath,1,$75.00,1,TRUE,FALSE,13,4.85,63,1
917352387551190452,2023-12-14,West End,49.28798,-123.13273,Private room,1,1 bath,1,$50.00,30,FALSE,FALSE,1,5,364,2
917505016011969513,2023-12-14,Riley Park,49.25496,-123.11473,Private room,2,1 private bath,1,NA,2,FALSE,TRUE,6,5,0,1
917625280165863656,2023-12-14,Downtown,49.27799,-123.10692,Entire home/apt,7,2 baths,4,$260.00,1,TRUE,FALSE,15,5,46,1
917662077646663730,2023-12-14,Riley Park,49.24667563032897,-123.09789348612264,Entire home/apt,2,1 bath,1,$250.00,5,FALSE,FALSE,5,5,92,1
917750325993582057,2023-12-13,Kensington-Cedar Cottage,49.26125,-123.07297,Entire home/apt,4,1 bath,2,$116.00,1,TRUE,FALSE,18,4.61,74,1
917751986527036674,2023-12-14,Victoria-Fraserview,49.22495,-123.06707,Entire home/apt,8,1 bath,4,$286.00,1,FALSE,FALSE,15,4.47,66,1
917981296815917269,2023-12-13,Downtown,49.2754007347002,-123.11694696602132,Private room,2,1.5 shared baths,1,$80.00,30,TRUE,FALSE,3,5,364,3
918147829268672233,2023-12-13,Oakridge,49.23101726382997,-123.12183536843492,Private room,1,1 shared bath,1,$39.00,30,TRUE,FALSE,2,5,353,7
918165541071668839,2023-12-14,Downtown,49.27944,-123.11559,Entire home/apt,7,3.5 baths,4,$937.00,9,FALSE,FALSE,0,NA,364,30
918253031835907693,2023-12-14,Downtown,49.277673541728255,-123.10713447911009,Entire home/apt,4,2 baths,2,$131.00,1,FALSE,TRUE,20,4.71,0,134
918325832731760646,2023-12-14,Downtown,49.2745482,-123.127821,Entire home/apt,2,1 bath,1,$158.00,3,TRUE,FALSE,18,5,189,1
918376476755337209,2023-12-14,Kensington-Cedar Cottage,49.2463481,-123.0870734,Entire home/apt,2,1 bath,1,$160.00,2,TRUE,TRUE,8,4.78,0,1
918396962576027722,2023-12-13,Victoria-Fraserview,49.2322548,-123.0609596,Private room,2,1 shared bath,1,$83.00,1,TRUE,FALSE,11,4.73,179,4
918414573935520212,2023-12-14,Downtown,49.27735,-123.11664,Entire home/apt,2,1 bath,1,$158.00,30,FALSE,FALSE,2,5,56,1
918921500822046920,2023-12-14,West End,49.29178663529398,-123.13291645264668,Entire home/apt,2,1 bath,1,$125.00,30,TRUE,FALSE,2,4.5,208,37
919008235292911083,2023-12-14,Kensington-Cedar Cottage,49.23383009703938,-123.07369776070118,Entire home/apt,4,1.5 baths,2,$99.00,1,TRUE,TRUE,22,4.78,0,1
919033514772485676,2023-12-14,West End,49.29171542567345,-123.13987774602806,Entire home/apt,2,1 bath,1,$80.00,31,FALSE,FALSE,1,5,175,1
919057929377553848,2023-12-14,Downtown,49.279182630564506,-123.11718374490738,Private room,1,1 bath,1,$80.00,30,FALSE,FALSE,0,NA,364,2
919120702749774086,2023-12-13,Kitsilano,49.2667211955295,-123.1550403604305,Private room,1,1 shared bath,1,$96.00,2,TRUE,FALSE,19,4.95,165,1
919215526898178056,2023-12-14,Marpole,49.21568648390813,-123.12712226721744,Entire home/apt,4,1 bath,2,$90.00,30,FALSE,FALSE,0,NA,269,7
919556313543025193,2023-12-13,Grandview-Woodland,49.2780906,-123.0638924,Entire home/apt,4,1 bath,3,$101.00,2,FALSE,FALSE,18,4.89,94,1
919615393479922137,2023-12-14,Renfrew-Collingwood,49.25471,-123.05513,Entire home/apt,4,1 bath,2,$129.00,2,TRUE,FALSE,6,5,81,5
919638376653033079,2023-12-13,Downtown Eastside,49.2813495,-123.0827452,Entire home/apt,2,1 bath,1,$130.00,30,FALSE,FALSE,15,4.73,155,1
919660895959242359,2023-12-14,Grandview-Woodland,49.27026964125709,-123.05715255439284,Entire home/apt,5,1 bath,3,$227.00,2,TRUE,FALSE,13,4.85,357,1
919741456632549338,2023-12-13,Riley Park,49.25524951492741,-123.10837130762786,Entire home/apt,2,1 bath,1,$75.00,30,FALSE,FALSE,0,NA,134,3
919835952050197567,2023-12-14,Kensington-Cedar Cottage,49.2452332028043,-123.06161553366157,Entire home/apt,8,3.5 baths,5,$499.00,3,FALSE,FALSE,5,5,7,2
919853237819569442,2023-12-14,Dunbar Southlands,49.23757800091873,-123.17345513478224,Private room,3,2 shared baths,2,$68.00,2,FALSE,FALSE,16,4.19,269,6
919882207484674798,2023-12-14,Kensington-Cedar Cottage,49.24143626884935,-123.08028998032005,Entire home/apt,2,1 bath,1,$120.00,2,FALSE,FALSE,7,5,112,1
919882943109482571,2023-12-14,Dunbar Southlands,49.23567,-123.17153,Private room,2,2 shared baths,1,$55.00,2,FALSE,FALSE,14,4.5,269,6
920018954980521056,2023-12-13,Sunset,49.22478823294251,-123.08863215965768,Private room,2,1 shared bath,1,$45.00,1,FALSE,TRUE,10,4.2,180,18
920249665610178383,2023-12-13,Mount Pleasant,49.25766766748557,-123.10492695361935,Entire home/apt,2,1 bath,1,$107.00,1,FALSE,TRUE,10,5,344,134
920439558625416370,2023-12-14,West Point Grey,49.25952963047752,-123.21265562418228,Entire home/apt,10,4 baths,5,$314.00,1,FALSE,FALSE,2,3.5,198,6
920453577736767731,2023-12-14,Oakridge,49.231264859262765,-123.1239686933537,Private room,1,1 shared bath,1,$48.00,30,TRUE,FALSE,0,NA,290,7
920459622014178555,2023-12-13,Oakridge,49.2322166,-123.1228787,Private room,1,1 shared bath,1,$61.00,30,TRUE,FALSE,2,5,270,7
920486061957384484,2023-12-13,Hastings-Sunrise,49.27985827971255,-123.0305715116394,Private room,1,2 baths,1,$43.00,30,TRUE,FALSE,0,NA,361,7
920563803934261134,2023-12-14,Hastings-Sunrise,49.28424739971919,-123.02644346307652,Entire home/apt,2,1 bath,1,$179.00,1,FALSE,TRUE,26,4.3,0,1
920622394702925190,2023-12-14,Kitsilano,49.25795172965554,-123.1629524058301,Entire home/apt,4,1 bath,2,$339.00,3,FALSE,FALSE,22,5,167,1
921082714779375808,2023-12-14,Dunbar Southlands,49.23761,-123.17312,Private room,2,2 shared baths,1,$62.00,2,FALSE,FALSE,16,4.88,263,6
921098999467417118,2023-12-14,Dunbar Southlands,49.23532688810558,-123.17300952138662,Private room,2,2 shared baths,1,$65.00,2,FALSE,FALSE,12,4.5,256,6
921650481480517251,2023-12-14,Downtown,49.2788408,-123.107399,Entire home/apt,2,1 bath,1,$125.00,2,TRUE,FALSE,13,4.92,33,1
921658461558562137,2023-12-14,West End,49.2897528,-123.130962,Entire home/apt,2,1 bath,1,$107.00,30,TRUE,FALSE,0,NA,237,3
921672122481512735,2023-12-13,Grandview-Woodland,49.27324669696068,-123.07418827583658,Entire home/apt,3,1 bath,2,$117.00,30,TRUE,TRUE,0,NA,180,3
921788305000768403,2023-12-13,Downtown Eastside,49.28137,-123.09306,Entire home/apt,4,1 bath,1,$216.00,1,TRUE,FALSE,18,5,307,2
922048853171442608,2023-12-14,Killarney,49.22253163193276,-123.04628964492994,Entire home/apt,4,2 baths,2,$250.00,1,TRUE,FALSE,7,5,347,1
922086786571862390,2023-12-14,West End,49.27814011201184,-123.13746142264928,Entire home/apt,2,1 bath,2,$179.00,2,FALSE,FALSE,7,4.75,0,2
922104932167790409,2023-12-14,South Cambie,49.236359662411054,-123.12230816520388,Entire home/apt,10,3 baths,5,$550.00,2,FALSE,TRUE,11,4.55,11,1
922489364102253577,2023-12-14,Marpole,49.21306573704481,-123.13744325518276,Entire home/apt,8,2 baths,4,$220.00,2,TRUE,TRUE,12,5,66,3
922539128295364732,2023-12-14,Downtown,49.27667,-123.1308,Entire home/apt,5,2 baths,2,$699.00,1,TRUE,TRUE,10,4.82,0,2
922651416658124004,2023-12-14,Downtown,49.2807,-123.12437,Entire home/apt,4,1 bath,2,$160.00,30,TRUE,TRUE,2,5,52,2
922784969534309731,2023-12-13,Victoria-Fraserview,49.231113030269725,-123.0604853805456,Private room,2,1 shared bath,1,$53.00,1,TRUE,FALSE,17,4.94,269,4
922806169613798740,2023-12-14,Downtown,49.27761,-123.12777,Private room,2,1 shared bath,1,$97.00,30,FALSE,FALSE,0,NA,89,1
922827303212170360,2023-12-13,Victoria-Fraserview,49.23252,-123.06196,Private room,2,1 shared bath,1,$71.00,1,TRUE,FALSE,25,4.88,255,4
922842094421318283,2023-12-14,Victoria-Fraserview,49.23199345240316,-123.06202371248888,Entire home/apt,6,1 bath,3,$201.00,1,TRUE,TRUE,4,4.75,255,4
923124439012031174,2023-12-14,Fairview,49.2643863,-123.1395115,Private room,1,1 shared bath,1,$212.00,30,TRUE,FALSE,0,NA,71,1
923208916196239749,2023-12-14,Kensington-Cedar Cottage,49.24360258056196,-123.0821631919701,Entire home/apt,4,2 baths,3,NA,3,FALSE,FALSE,0,NA,0,1
923237840655423748,2023-12-14,West End,49.29161026452975,-123.13420916116893,Entire home/apt,2,1 bath,1,$125.00,30,TRUE,FALSE,1,5,88,37
923240504497813548,2023-12-13,Mount Pleasant,49.26801,-123.1024,Entire home/apt,4,1 bath,2,$136.00,2,FALSE,FALSE,27,4.7,168,1
923245092886010715,2023-12-13,Kitsilano,49.2764938,-123.1491474,Entire home/apt,10,4 baths,5,"$1,600.00",15,FALSE,FALSE,1,5,269,3
923306987703333701,2023-12-13,Victoria-Fraserview,49.21722,-123.0768,Private room,2,1 bath,1,$999.00,1,FALSE,FALSE,0,NA,364,3
923334835003649680,2023-12-14,Downtown,49.2788408,-123.107399,Private room,1,1 shared bath,4,$150.00,31,FALSE,TRUE,0,NA,364,3
923442041508805358,2023-12-13,Renfrew-Collingwood,49.23297,-123.05279,Entire home/apt,2,1 bath,1,$82.00,1,TRUE,FALSE,20,4.95,127,4
923491055765299961,2023-12-14,Grandview-Woodland,49.26439028426543,-123.06403067665076,Entire home/apt,4,1 bath,2,$210.00,3,FALSE,FALSE,7,5,10,1
923533539114172105,2023-12-14,Downtown,49.27502460860919,-123.12847595615436,Entire home/apt,4,2 baths,2,$607.00,2,FALSE,FALSE,1,5,129,1
923558137054631592,2023-12-13,Strathcona,49.26752,-123.0962,Entire home/apt,4,1 bath,3,$118.00,1,TRUE,FALSE,36,4.94,44,1
923635688299761252,2023-12-14,Downtown,49.27878,-123.10977,Entire home/apt,8,2 baths,5,$264.00,3,TRUE,FALSE,22,4.95,268,21
924010672834887373,2023-12-13,Riley Park,49.24901266930539,-123.11403908269315,Entire home/apt,4,2 baths,2,$293.00,30,TRUE,TRUE,2,5,147,1
924068690695842971,2023-12-13,Mount Pleasant,49.27032157472106,-123.11043205761396,Entire home/apt,4,1 bath,2,$127.00,30,FALSE,FALSE,2,5,158,1
924097467972993730,2023-12-14,Downtown,49.27595969342521,-123.1337069571472,Entire home/apt,5,2 baths,3,$185.00,3,TRUE,FALSE,29,5,145,1
924246213244772259,2023-12-14,Downtown,49.27757117626372,-123.1078275592835,Entire home/apt,4,1 bath,NA,$175.00,2,FALSE,FALSE,16,4.56,269,1
924605295788499108,2023-12-14,Arbutus Ridge,49.24523776535744,-123.15257370233608,Entire home/apt,15,2.5 baths,8,$320.00,1,FALSE,TRUE,2,2,155,6
924702337739202739,2023-12-14,Oakridge,49.22781,-123.13751,Entire home/apt,8,2 baths,4,$337.00,2,FALSE,FALSE,2,5,156,2
924713811251984435,2023-12-14,West Point Grey,49.26753764348441,-123.21436366814564,Private room,3,1 private bath,1,NA,2,NA,FALSE,5,5,0,2
924771881028725885,2023-12-14,Dunbar Southlands,49.24515,-123.18092,Entire home/apt,3,1 bath,2,$100.00,30,FALSE,FALSE,1,5,160,1
924773797588718230,2023-12-13,Marpole,49.21472647306206,-123.11860129552934,Entire home/apt,4,2 baths,2,$135.00,2,FALSE,TRUE,1,4,169,1
924785988167367834,2023-12-14,West End,49.288532158458906,-123.1311335888855,Entire home/apt,5,2 baths,3,NA,4,FALSE,FALSE,0,NA,0,1
924790876033392524,2023-12-14,Downtown,49.2788408,-123.107399,Entire home/apt,4,1 bath,2,$123.00,2,FALSE,FALSE,13,4.62,41,3
924872405479505789,2023-12-14,Dunbar Southlands,49.23744,-123.17619,Entire home/apt,4,1 bath,2,$175.00,2,FALSE,FALSE,4,5,0,1
924951724469632848,2023-12-14,West End,49.28758298545885,-123.13029028682712,Entire home/apt,2,1 bath,1,$94.00,30,FALSE,FALSE,1,4,89,2
924985966565707753,2023-12-14,Downtown,49.27842693188996,-123.1086534423526,Entire home/apt,7,2 baths,5,$160.00,30,TRUE,FALSE,3,4.67,33,1
925001941537633218,2023-12-13,Victoria-Fraserview,49.22099522264157,-123.07100978872272,Private room,2,1 bath,1,$58.00,2,FALSE,FALSE,0,NA,69,1
925104291652055577,2023-12-14,Grandview-Woodland,49.26372,-123.06678,Entire home/apt,8,2 baths,3,$220.00,1,TRUE,TRUE,23,4.92,0,2
925332998827872062,2023-12-13,Riley Park,49.25537,-123.09833,Entire home/apt,2,1 bath,1,$143.00,3,TRUE,FALSE,20,4.95,83,1
925333583221432788,2023-12-13,Sunset,49.2139699,-123.0945954,Entire home/apt,3,1 bath,2,$150.00,30,FALSE,FALSE,1,5,365,1
925338084719452461,2023-12-14,Downtown,49.28866917502238,-123.12476699927204,Entire home/apt,7,2 baths,4,$177.00,2,TRUE,TRUE,34,4.71,318,1
925442184491482716,2023-12-13,Hastings-Sunrise,49.26748125022426,-123.0470859354289,Entire home/apt,4,1.5 baths,2,$129.00,30,TRUE,FALSE,25,5,91,1
925543006545771874,2023-12-14,Downtown,49.2788408,-123.107399,Entire home/apt,2,1 bath,1,$156.00,3,TRUE,FALSE,22,4.95,17,1
925648624985397790,2023-12-13,Kensington-Cedar Cottage,49.25875,-123.07181,Private room,2,1 private bath,1,$89.00,1,FALSE,FALSE,34,4.56,88,1
926034366523268507,2023-12-14,Downtown Eastside,49.28240177641611,-123.08374743977588,Entire home/apt,2,1 bath,1,$101.00,4,TRUE,TRUE,17,4.72,0,2
926154788882848023,2023-12-14,Downtown,49.28767570306851,-123.1206668351969,Entire home/apt,8,2.5 baths,5,"$8,194.00",30,FALSE,FALSE,0,NA,362,4
926231979479857991,2023-12-13,Riley Park,49.2522476,-123.0917815,Private room,1,2.5 shared baths,1,$70.00,3,FALSE,FALSE,6,4.83,331,4
926245977091142008,2023-12-14,Kensington-Cedar Cottage,49.2495395,-123.0899101,Entire home/apt,3,1 bath,2,$85.00,30,FALSE,FALSE,2,5,251,1
926762637781525027,2023-12-14,West End,49.28682832786828,-123.12496173505336,Entire home/apt,4,1 bath,2,$150.00,30,TRUE,FALSE,0,NA,93,4
926899601673100233,2023-12-13,Renfrew-Collingwood,49.2342,-123.03909,Private room,2,1 bath,1,$93.00,1,FALSE,FALSE,4,4.75,180,1
926911821125640721,2023-12-14,Oakridge,49.22440567525131,-123.13150252623724,Entire home/apt,4,1 bath,2,$85.00,1,FALSE,TRUE,16,4.5,129,43
926994371903995268,2023-12-13,Marpole,49.211346051368906,-123.14356673015722,Private room,3,1.5 baths,2,$156.00,3,TRUE,FALSE,16,5,163,4
927001115047186779,2023-12-14,Downtown,49.28011537171727,-123.11851319360676,Entire home/apt,5,2.5 baths,3,$540.00,5,FALSE,FALSE,0,NA,239,30
927036083635480130,2023-12-14,Downtown,49.27580058882577,-123.12811286132164,Entire home/apt,4,1 bath,2,$218.00,1,TRUE,TRUE,9,4.9,0,2
927129127894197313,2023-12-13,Downtown,49.27531657977861,-123.11517488916893,Entire home/apt,1,1.5 baths,1,$289.00,3,FALSE,FALSE,0,NA,362,1
927242428560498237,2023-12-13,Downtown,49.27391773553164,-123.1145955237862,Entire home/apt,4,2 baths,2,$226.00,30,FALSE,FALSE,1,5,52,1
927505979510017080,2023-12-14,Downtown,49.27867150790426,-123.128222511061,Private room,2,1 bath,1,$65.00,30,FALSE,FALSE,0,NA,130,8
927507174828178554,2023-12-13,Downtown,49.2760138208724,-123.1172312209896,Private room,2,1.5 shared baths,1,$100.00,30,TRUE,FALSE,1,5,339,3
927517572912592731,2023-12-14,Downtown,49.2739187023187,-123.12667714819844,Entire home/apt,4,1 bath,5,$176.00,2,FALSE,TRUE,2,3,198,1
927541737717014027,2023-12-13,Kitsilano,49.271520022202814,-123.15184194597018,Entire home/apt,2,1 bath,1,$350.00,3,TRUE,TRUE,9,5,83,1
927578140607100484,2023-12-14,Kitsilano,49.25897,-123.18016,Entire home/apt,8,4 baths,5,$550.00,2,FALSE,TRUE,10,4.9,197,1
927621788983541089,2023-12-14,Fairview,49.26149951658154,-123.13269061694226,Entire home/apt,2,1 bath,1,$228.00,1,FALSE,TRUE,0,NA,269,1
927623996013149134,2023-12-14,Kensington-Cedar Cottage,49.25923034808548,-123.0675550678381,Entire home/apt,4,1 bath,2,NA,2,FALSE,FALSE,0,NA,72,1
927624974686099983,2023-12-13,Kitsilano,49.264783177836165,-123.15626529609212,Entire home/apt,2,1 bath,1,$150.00,30,TRUE,FALSE,1,4,356,26
927650732741997094,2023-12-13,Kitsilano,49.26566,-123.15561,Entire home/apt,2,1 bath,2,$102.00,30,TRUE,FALSE,2,5,327,26
927653958939762248,2023-12-13,Kitsilano,49.26488800543703,-123.14631809427024,Entire home/apt,2,1 bath,1,$134.00,30,FALSE,FALSE,1,4,131,1
927692108400643914,2023-12-14,Downtown,49.28798797153619,-123.12264352430736,Entire home/apt,3,1 bath,1,$179.00,1,FALSE,TRUE,17,4.94,0,1
927723274466162190,2023-12-14,Sunset,49.230365522239374,-123.10256068381526,Entire home/apt,4,1 bath,2,$200.00,3,FALSE,FALSE,9,4.89,83,1
927814314132024763,2023-12-13,Kensington-Cedar Cottage,49.26022,-123.07107,Entire home/apt,3,1 bath,2,$153.00,1,TRUE,TRUE,19,4.89,288,1
927972628911234207,2023-12-14,Downtown,49.27482607398765,-123.12671071592416,Entire home/apt,4,2 baths,2,$350.00,1,TRUE,FALSE,20,4.9,235,1
928202990992852367,2023-12-14,Riley Park,49.23665093462418,-123.1071597633446,Entire home/apt,12,4 baths,7,$515.00,2,FALSE,FALSE,3,5,283,4
928288247807831041,2023-12-14,West End,49.282348453233126,-123.12577088916196,Entire home/apt,4,1 bath,2,$153.00,2,TRUE,TRUE,26,4.96,0,2
928370823275734824,2023-12-14,Downtown,49.28848,-123.12297,Entire home/apt,4,2.5 baths,2,$575.00,5,FALSE,TRUE,4,5,48,1
928373735569317185,2023-12-14,Downtown,49.27739423753268,-123.12664915194564,Entire home/apt,4,2 baths,2,NA,30,FALSE,FALSE,0,NA,0,1
928478105199675683,2023-12-13,Kitsilano,49.2714666,-123.1504598,Entire home/apt,3,1 bath,2,$103.00,1,FALSE,FALSE,16,4.44,119,1
928546401125063152,2023-12-14,Downtown,49.27921,-123.12148,Entire home/apt,2,1 bath,NA,NA,30,FALSE,FALSE,0,NA,0,1
928558980701087563,2023-12-14,Downtown,49.27860664240767,-123.12863009977691,Entire home/apt,2,1 bath,1,$110.00,30,FALSE,FALSE,2,5,329,1
928945629349313883,2023-12-14,Hastings-Sunrise,49.2710284,-123.0561704,Entire home/apt,6,2 baths,3,$325.00,30,FALSE,FALSE,0,NA,179,1
929020725410920550,2023-12-13,Downtown,49.27618,-123.12405,Entire home/apt,4,2 baths,2,"$1,480.00",30,FALSE,TRUE,0,NA,270,1
929028648638965571,2023-12-13,Mount Pleasant,49.26816648956098,-123.10019391925312,Entire home/apt,4,1 bath,2,$106.00,2,TRUE,FALSE,23,4.91,77,1
929188800493405854,2023-12-13,Mount Pleasant,49.26839,-123.11114,Entire home/apt,5,2 baths,3,$271.00,28,FALSE,FALSE,4,5,249,6
929353052882096492,2023-12-13,Oakridge,49.22605,-123.12006,Private room,1,1 bath,1,$55.00,30,FALSE,TRUE,0,NA,173,20
929357162785899439,2023-12-13,Downtown,49.27655,-123.11724,Private room,4,1.5 shared baths,2,$160.00,30,TRUE,FALSE,0,NA,339,3
929673157473474479,2023-12-13,Victoria-Fraserview,49.21624709412279,-123.06960959962656,Entire home/apt,6,1 bath,4,$100.00,1,TRUE,FALSE,0,NA,350,1
929777684954989378,2023-12-14,Kitsilano,49.26841,-123.16835,Entire home/apt,4,1 bath,2,$110.00,3,TRUE,FALSE,0,NA,285,1
929784131776505252,2023-12-14,Downtown,49.2869175144168,-123.12317815759836,Entire home/apt,4,2 baths,2,$190.00,93,FALSE,FALSE,0,NA,0,2
929869898453984589,2023-12-14,Sunset,49.22463449563965,-123.08950919036349,Entire home/apt,6,2 baths,3,$300.00,2,FALSE,FALSE,6,4.33,145,1
930020277684591246,2023-12-13,Strathcona,49.2698018323333,-123.10053344866888,Entire home/apt,4,1 bath,2,$148.00,1,FALSE,FALSE,1,4,3,6
930044757866918155,2023-12-13,Riley Park,49.24507986675377,-123.10458850793457,Entire home/apt,2,1 bath,1,$76.00,2,TRUE,TRUE,28,5,73,1
930062801257174168,2023-12-13,Kerrisdale,49.2233,-123.14341,Private room,2,1 private bath,2,$157.00,1,FALSE,FALSE,3,5,117,3
930165008916489570,2023-12-13,Kerrisdale,49.2247,-123.1433,Private room,4,1.5 shared baths,2,$162.00,1,FALSE,FALSE,1,5,267,3
930189227760257561,2023-12-13,Kerrisdale,49.22354,-123.1431,Private room,2,1.5 shared baths,1,$112.00,1,FALSE,FALSE,1,5,272,3
930386188646732389,2023-12-13,Renfrew-Collingwood,49.25409,-123.03338,Entire home/apt,4,1 bath,2,$119.00,2,FALSE,FALSE,9,4.89,172,1
930518048216588894,2023-12-14,Downtown Eastside,49.28082125301852,-123.10615219276696,Entire home/apt,3,1 bath,2,$166.00,1,TRUE,TRUE,19,4.95,0,2
930541445678237295,2023-12-14,Dunbar Southlands,49.23441,-123.20186,Private room,3,1 bath,2,NA,1,FALSE,FALSE,4,4.75,0,2
930596719402337997,2023-12-14,Oakridge,49.22226241709543,-123.13481789384342,Private room,3,1.5 baths,2,$121.00,1,FALSE,FALSE,4,4.5,244,1
930608209082703955,2023-12-14,Downtown,49.27983,-123.1203,Entire home/apt,6,1 bath,3,$309.00,2,TRUE,FALSE,18,5,44,1
930626345764240525,2023-12-13,Oakridge,49.23089081647191,-123.12771537390176,Private room,2,1 private bath,1,$200.00,1,FALSE,FALSE,5,4.6,364,1
930670069323180460,2023-12-13,West Point Grey,49.26317029710342,-123.19932079744729,Entire home/apt,4,1 bath,2,$135.00,1,FALSE,TRUE,12,5,160,1
931085965769702055,2023-12-14,Dunbar Southlands,49.21777765349204,-123.18329070178166,Entire home/apt,10,4.5 baths,4,$569.00,2,TRUE,TRUE,5,5,179,2
931163987821327747,2023-12-14,Kitsilano,49.27323,-123.15168,Entire home/apt,2,1 bath,2,NA,1,FALSE,TRUE,8,4.75,0,2
931182996190518267,2023-12-14,West End,49.27959080257951,-123.13528216429084,Entire home/apt,2,1 bath,1,$145.00,30,TRUE,FALSE,1,5,207,37
931237754473877033,2023-12-14,West End,49.28779612660528,-123.14019946108884,Entire home/apt,2,1 bath,1,$218.00,3,FALSE,FALSE,4,4.75,18,1
931364680061887168,2023-12-13,South Cambie,49.25692089957677,-123.12693769596233,Entire home/apt,8,3.5 baths,3,NA,30,FALSE,FALSE,0,NA,365,1
931366114493009795,2023-12-13,Shaughnessy,49.23516,-123.13502,Private room,4,1.5 baths,2,$122.00,2,FALSE,FALSE,2,5,364,2
931662539076666036,2023-12-14,Downtown,49.279024492095935,-123.10553041018102,Entire home/apt,5,1 bath,3,$189.00,3,TRUE,FALSE,18,4.58,0,21
931826151681408153,2023-12-14,West Point Grey,49.25949351773879,-123.1984097321391,Private room,1,1 private bath,1,$175.00,2,TRUE,FALSE,9,5,161,1
931826512293601318,2023-12-14,Downtown Eastside,49.28249319184312,-123.10295878888547,Entire home/apt,4,1 bath,2,$164.00,2,TRUE,TRUE,21,5,0,1
931954643583566874,2023-12-13,Grandview-Woodland,49.26847,-123.06462,Private room,2,1 bath,1,$125.00,1,TRUE,TRUE,5,4.8,30,6
931970052353415368,2023-12-14,Downtown,49.27832937157617,-123.12250299336728,Entire home/apt,4,1 bath,2,$189.00,2,TRUE,TRUE,25,4.92,286,1
932454459182243446,2023-12-14,Kitsilano,49.26846,-123.16751,Entire home/apt,6,1.5 baths,3,NA,30,FALSE,FALSE,0,NA,363,3
932455707394915068,2023-12-14,Kitsilano,49.26833,-123.16982,Entire home/apt,4,1 bath,1,NA,30,FALSE,FALSE,0,NA,269,3
932459421467233660,2023-12-14,Kitsilano,49.26796187092011,-123.16950982751176,Entire home/apt,2,1 bath,1,NA,30,FALSE,FALSE,0,NA,226,3
932698072435760404,2023-12-13,Kitsilano,49.26772811567036,-123.1502377162915,Entire home/apt,8,3.5 baths,4,"$1,450.00",4,FALSE,TRUE,1,5,158,3
932887118507573731,2023-12-13,Hastings-Sunrise,49.2877106975052,-123.04735171684176,Entire home/apt,2,1 bath,1,$149.00,3,FALSE,FALSE,4,5,40,1
932904660689998973,2023-12-14,Sunset,49.21319534225251,-123.1000528822434,Entire home/apt,4,1.5 baths,2,$210.00,1,FALSE,TRUE,21,4.36,0,1
932939349234152439,2023-12-14,Mount Pleasant,49.2686844,-123.1012954,Entire home/apt,4,1 bath,2,$151.00,2,TRUE,FALSE,16,4.82,0,2
933243626370919149,2023-12-14,Downtown,49.27551,-123.12701,Entire home/apt,6,1 bath,2,$350.00,2,TRUE,FALSE,10,5,128,1
933290839198351697,2023-12-13,Mount Pleasant,49.25961,-123.10295,Entire home/apt,2,1 bath,1,$70.00,30,FALSE,TRUE,3,4,339,134
933340645873707778,2023-12-13,Fairview,49.26102,-123.14357,Entire home/apt,2,1 bath,1,$82.00,30,TRUE,FALSE,2,5,286,26
933351972049514796,2023-12-13,Downtown,49.27501031020514,-123.11655157959824,Private room,2,1.5 baths,3,$137.00,30,FALSE,FALSE,0,NA,362,1
933384461183132776,2023-12-14,Dunbar Southlands,49.2291,-123.19974,Entire home/apt,4,1 bath,2,$250.00,1,TRUE,FALSE,12,4.77,0,1
933451668935657101,2023-12-14,Downtown,49.2796404,-123.1088566,Entire home/apt,8,2 baths,4,$388.00,2,TRUE,FALSE,11,5,65,1
933491626783305779,2023-12-14,West End,49.284417687070814,-123.12845733024017,Entire home/apt,2,1 bath,2,$95.00,45,FALSE,FALSE,1,4,151,1
933503883855879047,2023-12-14,Renfrew-Collingwood,49.24502226606001,-123.03529793323086,Entire home/apt,5,1 bath,3,$115.00,2,TRUE,TRUE,25,4.92,0,1
933515456515658050,2023-12-13,Dunbar Southlands,49.21677269876705,-123.18083867835912,Private room,5,1.5 shared baths,2,$158.00,2,TRUE,TRUE,5,4.8,180,2
933590554505250937,2023-12-14,West Point Grey,49.26016,-123.2126,Entire home/apt,5,1 bath,4,$395.00,3,FALSE,FALSE,9,4.44,0,1
933624203552483102,2023-12-13,Mount Pleasant,49.26080056180438,-123.09722351175785,Entire home/apt,4,1 bath,2,$153.00,2,TRUE,FALSE,14,4.93,363,1
933729929189032898,2023-12-14,South Cambie,49.242463,-123.1201642,Entire home/apt,8,2 baths,3,$209.00,3,FALSE,FALSE,5,5,68,1
933742789266607150,2023-12-14,Grandview-Woodland,49.26879,-123.07492,Entire home/apt,2,1 bath,1,$140.00,90,FALSE,FALSE,0,NA,312,1
934082562190883674,2023-12-14,Downtown,49.27818,-123.11303,Entire home/apt,4,2 baths,2,$260.00,30,TRUE,FALSE,2,5,71,3
934085240087107342,2023-12-13,Fairview,49.262359769907285,-123.128688657329,Entire home/apt,4,2 baths,2,$176.00,30,FALSE,TRUE,2,4.5,283,134
934113175395770782,2023-12-13,Fairview,49.26073961039889,-123.1287163926834,Entire home/apt,4,2 baths,2,$139.00,30,FALSE,TRUE,0,NA,160,134
934129539051920012,2023-12-14,Downtown,49.2792118,-123.1214803,Entire home/apt,4,1 bath,2,$175.00,2,TRUE,FALSE,20,4.9,261,1
934130752349441509,2023-12-14,Fairview,49.26244003409613,-123.12869382443004,Entire home/apt,4,2 baths,2,$141.00,30,FALSE,TRUE,3,5,288,134
934147378310812457,2023-12-14,Fairview,49.262453217099896,-123.13009436613522,Entire home/apt,2,1 bath,1,$105.00,30,FALSE,TRUE,0,NA,342,134
934156549475397578,2023-12-13,Fairview,49.26211,-123.12877,Entire home/apt,2,1 bath,1,$74.00,30,FALSE,TRUE,0,NA,345,134
934202168111325674,2023-12-14,Sunset,49.23004837760848,-123.08265196749684,Entire home/apt,4,1 bath,2,$274.00,28,FALSE,FALSE,5,4.6,162,1
934279591549320726,2023-12-13,Kitsilano,49.26473,-123.15594,Entire home/apt,4,1 bath,2,$108.00,30,TRUE,FALSE,0,NA,325,26
934374947047643891,2023-12-14,Downtown Eastside,49.27891,-123.10051,Entire home/apt,2,1 bath,1,$129.00,1,FALSE,FALSE,6,5,100,1
934476769443332903,2023-12-14,Killarney,49.22568914902837,-123.0290269702944,Entire home/apt,3,1 bath,2,$143.00,1,FALSE,FALSE,16,4.63,364,1
934753233487174076,2023-12-13,South Cambie,49.25033,-123.11916,Entire home/apt,6,1 bath,3,$194.00,1,TRUE,FALSE,23,4.96,283,1
934763419497408597,2023-12-14,Downtown,49.27935,-123.10787,Entire home/apt,5,2 baths,3,$136.00,2,FALSE,FALSE,11,4.55,76,1
934776738369460440,2023-12-14,Fairview,49.26992508878304,-123.11552915722132,Entire home/apt,4,2.5 baths,2,$500.00,180,TRUE,TRUE,0,NA,269,1
934777429529322828,2023-12-14,Victoria-Fraserview,49.21369552170916,-123.07650385398772,Entire home/apt,2,1 bath,1,$83.00,2,FALSE,FALSE,17,4.61,0,1
934894893505129776,2023-12-13,Kensington-Cedar Cottage,49.24985399663196,-123.08997615033314,Entire home/apt,6,1 bath,3,$94.00,1,TRUE,FALSE,26,5,93,2
934900449416457617,2023-12-13,Grandview-Woodland,49.27734,-123.06506,Private room,1,1.5 shared baths,1,$106.00,3,TRUE,TRUE,17,5,201,3
934961295926897327,2023-12-14,Sunset,49.2159724,-123.096912,Private room,2,1 private bath,1,$64.00,1,FALSE,FALSE,18,4.58,0,1
935038586980817663,2023-12-13,Arbutus Ridge,49.2538655,-123.1668291,Private room,1,1 private bath,1,$115.00,1,TRUE,FALSE,21,4.76,86,4
935047105730698870,2023-12-13,Mount Pleasant,49.26956519691401,-123.10175648832588,Entire home/apt,2,1 bath,1,$214.00,28,TRUE,FALSE,0,NA,349,2
935062418657242936,2023-12-14,Kitsilano,49.26180707003861,-123.16653182252828,Entire home/apt,5,2 baths,3,$291.00,2,FALSE,FALSE,1,5,74,1
935136417451256789,2023-12-14,Kitsilano,49.269575272661335,-123.17999229479445,Shared room,1,1 shared bath,1,$33.00,31,FALSE,FALSE,1,5,68,5
935508786050712871,2023-12-14,West End,49.289857379623705,-123.13291707412382,Entire home/apt,3,1 bath,1,$125.00,30,TRUE,FALSE,1,5,192,37
935520346677706401,2023-12-14,Downtown,49.2783982714247,-123.10977498819332,Private room,2,1 shared bath,1,$190.00,2,FALSE,FALSE,1,5,269,5
935794994673324685,2023-12-13,Sunset,49.21579,-123.07714,Entire home/apt,4,1 bath,3,$75.00,1,FALSE,TRUE,0,NA,280,10
935813047073648625,2023-12-14,Downtown Eastside,49.28212,-123.10722,Entire home/apt,4,1 bath,2,$135.00,2,FALSE,TRUE,11,4.92,0,2
935891973075250012,2023-12-14,Downtown,49.27998,-123.11293,Entire home/apt,4,1 bath,2,$112.00,30,TRUE,FALSE,2,5,49,1
936234857459579218,2023-12-14,Marpole,49.21208,-123.13275,Shared room,2,1 shared bath,1,$58.00,5,FALSE,FALSE,8,4.88,106,7
936330215103625570,2023-12-14,Kitsilano,49.26875529140866,-123.15516869590164,Entire home/apt,3,1 bath,1,$100.00,30,FALSE,FALSE,3,4.67,40,2
936344427408393658,2023-12-13,Hastings-Sunrise,49.2804602,-123.0306788,Private room,1,2 shared baths,1,$48.00,30,TRUE,FALSE,1,5,345,7
936361716088876354,2023-12-13,Hastings-Sunrise,49.28157595345207,-123.0296978430752,Private room,1,2 baths,1,$57.00,30,TRUE,FALSE,2,5,277,7
936368293318787264,2023-12-14,Dunbar Southlands,49.2401309763336,-123.17285360108296,Entire home/apt,3,1 bath,2,$185.00,30,TRUE,TRUE,9,5,319,1
936402698286305685,2023-12-13,Dunbar Southlands,49.2535476492465,-123.18631789064582,Private room,2,1.5 baths,1,$106.00,2,FALSE,FALSE,1,5,61,2
936402706428839070,2023-12-13,Dunbar Southlands,49.25353756363869,-123.1878025633502,Private room,4,2.5 baths,2,$179.00,2,FALSE,FALSE,5,4.8,61,2
936485838002771142,2023-12-13,Arbutus Ridge,49.239774028185984,-123.15917947955136,Private room,4,1 bath,2,$500.00,1,FALSE,FALSE,0,NA,269,1
937062045451131496,2023-12-14,Downtown,49.27852526634212,-123.12219207675396,Entire home/apt,3,1 bath,2,$152.00,2,FALSE,TRUE,14,4.94,0,1
937132407656433860,2023-12-13,Renfrew-Collingwood,49.25415,-123.05537,Entire home/apt,2,1 bath,2,$89.00,2,TRUE,FALSE,11,4.91,65,5
937165585846737532,2023-12-14,Mount Pleasant,49.25959,-123.08865,Entire home/apt,6,2.5 baths,3,$177.00,1,TRUE,TRUE,14,4.93,288,3
937171498288057334,2023-12-14,Downtown,49.27914247217149,-123.11044880967611,Entire home/apt,4,2 baths,2,$240.00,3,FALSE,FALSE,2,4.5,237,5
937190749681324065,2023-12-14,Kensington-Cedar Cottage,49.2445465,-123.0569004,Entire home/apt,5,2 baths,3,$131.00,2,TRUE,TRUE,9,4.89,277,2
937645384668108165,2023-12-14,Mount Pleasant,49.25989426547406,-123.0777137044372,Entire home/apt,2,1 bath,1,$125.00,1,TRUE,FALSE,18,4.79,0,1
937667102663389751,2023-12-13,Fairview,49.26221,-123.129,Entire home/apt,2,1 bath,1,$128.00,30,FALSE,TRUE,1,3,356,134
937693391749745678,2023-12-13,Fairview,49.26095634509051,-123.12862589515234,Entire home/apt,2,1 bath,1,$132.00,30,FALSE,TRUE,1,4,285,134
937701304473995262,2023-12-14,Fairview,49.26244,-123.1289,Entire home/apt,2,1 bath,1,$88.00,30,FALSE,TRUE,2,5,340,134
937736520130243447,2023-12-13,Grandview-Woodland,49.2759405,-123.0650685,Entire home/apt,4,1 bath,2,$92.00,30,TRUE,FALSE,0,NA,82,3
937743991553670727,2023-12-13,Shaughnessy,49.25297038025208,-123.13532848824208,Entire home/apt,8,2.5 baths,3,$449.00,1,FALSE,FALSE,8,4.88,90,4
937795357591962024,2023-12-14,Downtown,49.27338,-123.12737,Entire home/apt,2,1.5 baths,1,$144.00,30,TRUE,FALSE,0,NA,174,2
937795359611910130,2023-12-14,Downtown,49.27995779081096,-123.10837000608444,Entire home/apt,4,1.5 baths,2,$144.00,30,TRUE,FALSE,0,NA,67,2
937968529402246725,2023-12-14,Riley Park,49.2415674,-123.0971967,Entire home/apt,6,2 baths,5,$352.00,4,FALSE,FALSE,3,5,26,1
937974580196730282,2023-12-13,Kitsilano,49.27262776567,-123.14927338481132,Entire home/apt,4,2 baths,2,$118.00,30,FALSE,TRUE,0,NA,185,3
937985466918948775,2023-12-13,Mount Pleasant,49.2612837874676,-123.09584444374268,Entire home/apt,4,1 bath,2,$131.00,3,FALSE,TRUE,14,4.93,253,1
938016527981704830,2023-12-14,Oakridge,49.22909979973743,-123.1277120775232,Entire home/apt,4,2 baths,2,$250.00,1,FALSE,FALSE,5,4.8,364,1
938265665229668900,2023-12-14,Downtown Eastside,49.28357,-123.09518,Entire home/apt,3,1 bath,1,$210.00,2,FALSE,FALSE,3,5,167,2
938538528479222423,2023-12-13,Fairview,49.26112828420613,-123.1410692327878,Entire home/apt,2,1 bath,1,$104.00,30,TRUE,TRUE,1,5,339,26
938562887202637011,2023-12-14,Downtown,49.2789066,-123.1079972,Entire home/apt,6,2 baths,4,$313.00,2,TRUE,FALSE,24,4.96,0,1
938650935343692935,2023-12-14,Downtown,49.288286834061545,-123.12167046125371,Entire home/apt,5,2.5 baths,3,"$1,200.00",20,FALSE,FALSE,0,NA,269,30
939023695860520655,2023-12-14,Downtown,49.27829,-123.10772,Entire home/apt,4,1 bath,2,$207.00,1,FALSE,FALSE,6,5,85,1
939271282569182002,2023-12-14,Downtown Eastside,49.282975,-123.1080839,Entire home/apt,2,1 bath,1,$133.00,30,FALSE,FALSE,0,NA,365,1
939416155515457793,2023-12-13,Kitsilano,49.2760691382506,-123.1487311116392,Entire home/apt,6,2.5 baths,3,$800.00,3,FALSE,FALSE,1,5,88,1
939482737680832207,2023-12-13,Marpole,49.20504032738806,-123.13501171767712,Private room,2,1 shared bath,1,$89.00,1,FALSE,FALSE,0,NA,362,1
939503106846943236,2023-12-14,Downtown,49.276973363482895,-123.12705797077,Private room,2,1 private bath,1,$80.00,30,FALSE,FALSE,0,NA,85,1
939575581894455402,2023-12-13,West Point Grey,49.26299081789144,-123.20152613656856,Entire home/apt,2,1 bath,1,$77.00,1,FALSE,TRUE,6,3.17,258,18
939852864293198568,2023-12-14,West End,49.28555936975449,-123.1240637540595,Entire home/apt,5,2 baths,3,$470.00,10,FALSE,FALSE,0,NA,269,30
939924956293187602,2023-12-14,Kensington-Cedar Cottage,49.26017615278823,-123.0720849748936,Private room,6,1 shared bath,3,$180.00,7,FALSE,FALSE,0,NA,0,1
939927618415738249,2023-12-14,Downtown,49.27850064177793,-123.10793282698364,Entire home/apt,5,1 bath,3,$143.00,1,TRUE,TRUE,35,4.86,0,1
939961285038560811,2023-12-13,Kitsilano,49.2602539,-123.1677054,Entire home/apt,4,1 bath,1,$136.00,30,FALSE,FALSE,0,NA,252,1
939966186505877340,2023-12-13,Marpole,49.21247030647908,-123.11706773936749,Private room,3,1.5 baths,1,$65.00,30,FALSE,FALSE,0,NA,78,2
940064343904437306,2023-12-14,Downtown Eastside,49.28185,-123.1045634,Entire home/apt,4,1 bath,NA,$122.00,1,FALSE,TRUE,28,4.79,79,2
940069738091986089,2023-12-14,Mount Pleasant,49.26397,-123.09742,Entire home/apt,2,1 bath,2,NA,30,FALSE,FALSE,0,NA,0,1
940411168081342704,2023-12-14,West End,49.2858491658921,-123.1374333230184,Entire home/apt,10,2.5 baths,4,$251.00,1,TRUE,FALSE,4,5,325,7
940583140519534024,2023-12-14,Kitsilano,49.26973,-123.17447,Entire home/apt,4,2 baths,2,$185.00,30,FALSE,FALSE,0,NA,268,1
940674612371747455,2023-12-14,Hastings-Sunrise,49.2818216,-123.0450952,Private room,6,1 bath,3,$269.00,1,TRUE,FALSE,10,4.64,0,1
940674845860262528,2023-12-13,Killarney,49.22374751937292,-123.04557688314408,Private room,2,1 shared bath,1,$85.00,1,TRUE,FALSE,19,4.79,90,4
940820195564430037,2023-12-14,Kitsilano,49.26743712686935,-123.1530026088361,Entire home/apt,6,1 bath,3,$203.00,3,FALSE,FALSE,4,4.8,0,2
940885043019184434,2023-12-14,Mount Pleasant,49.26242,-123.09854,Entire home/apt,4,2 baths,3,$253.00,30,TRUE,TRUE,1,5,27,6
940918776721775912,2023-12-13,Mount Pleasant,49.26678,-123.09892,Entire home/apt,3,1 bath,1,$128.00,1,TRUE,FALSE,33,4.94,51,1
940922126273706344,2023-12-14,Arbutus Ridge,49.25691,-123.17411,Entire home/apt,4,1 bath,2,$252.00,1,TRUE,FALSE,18,5,207,1
940945452445611213,2023-12-14,Downtown,49.27232208311028,-123.12011214238017,Entire home/apt,6,3.5 baths,5,$399.00,30,TRUE,FALSE,0,NA,303,2
941286514396787953,2023-12-14,Downtown,49.28959349998773,-123.12780161963342,Entire home/apt,2,1 bath,1,$130.00,30,FALSE,FALSE,1,5,326,1
941442136067315095,2023-12-14,Renfrew-Collingwood,49.25564,-123.05515,Entire home/apt,6,3 baths,3,$143.00,2,TRUE,FALSE,20,4.95,56,1
941464860239390763,2023-12-14,Grandview-Woodland,49.26415,-123.05918,Entire home/apt,4,1 bath,2,$114.00,1,TRUE,FALSE,37,4.85,0,1
941651475471552603,2023-12-14,Renfrew-Collingwood,49.25272598742114,-123.02842821610832,Entire home/apt,6,1 bath,3,$159.00,30,FALSE,TRUE,0,NA,162,1
942198381109067042,2023-12-14,Fairview,49.26709024240456,-123.13512068241836,Entire home/apt,5,1 bath,2,$112.00,30,FALSE,FALSE,1,5,0,1
942321202367115254,2023-12-14,Sunset,49.22691942712628,-123.09308391403334,Entire home/apt,4,2 baths,2,$175.00,30,FALSE,TRUE,1,4,68,2
942795351140484658,2023-12-13,Hastings-Sunrise,49.2895570430288,-123.05441193007614,Entire home/apt,6,1 bath,3,$100.00,30,FALSE,FALSE,1,5,269,1
942837208329263697,2023-12-14,Downtown,49.27988,-123.10701,Entire home/apt,6,2 baths,4,$143.00,1,FALSE,FALSE,7,4.33,0,43
942845820466885491,2023-12-13,Fairview,49.25798704901219,-123.1226501761158,Entire home/apt,4,2 baths,2,$150.00,90,FALSE,FALSE,0,NA,186,1
942883030713314417,2023-12-14,Downtown,49.27844082178035,-123.1252554879543,Entire home/apt,8,1 bath,3,"$3,552.00",30,FALSE,TRUE,1,5,212,134
943048025453363370,2023-12-14,West End,49.28411669533271,-123.13520016919108,Entire home/apt,2,2.5 baths,1,$600.00,6,FALSE,FALSE,3,5,28,1
943049828351945873,2023-12-14,Downtown Eastside,49.28036250100234,-123.08367957059598,Entire home/apt,2,1 bath,1,NA,2,FALSE,FALSE,5,5,0,1
943143001724933938,2023-12-14,Victoria-Fraserview,49.23124,-123.04884,Entire home/apt,4,1 bath,2,$95.00,1,TRUE,FALSE,10,4.5,264,4
943381082374174751,2023-12-14,Grandview-Woodland,49.2759405,-123.0650685,Entire home/apt,2,1 bath,1,$116.00,30,TRUE,FALSE,0,NA,20,3
943490329235999776,2023-12-13,Riley Park,49.245198861914965,-123.1044411599222,Private room,2,1 private bath,1,$120.00,2,FALSE,FALSE,10,5,14,1
943498343696854101,2023-12-14,Downtown,49.2811822,-123.1252069,Entire home/apt,4,1 bath,2,$120.00,30,TRUE,FALSE,1,5,81,3
943585812936055457,2023-12-13,Grandview-Woodland,49.28189039999999,-123.0580609,Entire home/apt,4,2 baths,2,$306.00,3,FALSE,FALSE,0,NA,179,1
943588257553501001,2023-12-13,Fairview,49.26049,-123.13088,Entire home/apt,2,1 bath,1,$124.00,30,FALSE,TRUE,2,5,312,134
943608459019031145,2023-12-14,Fairview,49.26253779519261,-123.1305227612917,Entire home/apt,4,2 baths,2,$130.00,30,FALSE,TRUE,1,3,257,134
943627480341056120,2023-12-13,Oakridge,49.224466356391424,-123.1247897459656,Private room,6,1 bath,1,$999.00,1,FALSE,TRUE,0,NA,365,1
943631994854834205,2023-12-13,Kitsilano,49.26971,-123.1793,Private room,1,1 shared bath,1,$45.00,31,FALSE,FALSE,0,NA,149,5
943645371043893397,2023-12-14,Riley Park,49.24523971890383,-123.10298161949386,Entire home/apt,5,1.5 baths,3,$383.00,1,FALSE,FALSE,12,5,349,1
943709267197137775,2023-12-14,Hastings-Sunrise,49.27450722558135,-123.04153517742772,Entire home/apt,8,2 baths,5,$210.00,2,FALSE,FALSE,0,NA,75,1
943727293662506572,2023-12-14,Downtown Eastside,49.28296646574844,-123.10231393513315,Entire home/apt,4,1 bath,2,$81.00,5,FALSE,FALSE,19,4.8,0,5
943812226257657768,2023-12-13,Riley Park,49.254494,-123.0956775,Entire home/apt,2,1 bath,1,$67.00,1,TRUE,FALSE,24,4.5,254,2
943879720007523378,2023-12-14,Dunbar Southlands,49.24151,-123.18999,Entire home/apt,6,1.5 baths,3,$297.00,2,FALSE,TRUE,0,NA,66,4
944154757189763333,2023-12-13,Mount Pleasant,49.25752,-123.10268,Entire home/apt,2,1 bath,1,$118.00,30,FALSE,TRUE,2,5,223,134
944178754564418359,2023-12-13,Arbutus Ridge,49.239658152309886,-123.15787161464922,Private room,2,1 private bath,1,$67.00,1,FALSE,TRUE,4,4.5,66,7
944202016223667308,2023-12-13,Arbutus Ridge,49.23763047074273,-123.15814422573096,Private room,2,1 private bath,1,$67.00,1,FALSE,TRUE,3,5,58,7
944206017889618398,2023-12-13,Sunset,49.2271414,-123.1055932,Entire home/apt,2,1 bath,1,$70.00,1,TRUE,TRUE,17,4.88,44,4
944210573423921725,2023-12-13,Arbutus Ridge,49.23771,-123.16013,Private room,2,1 private bath,1,$67.00,1,FALSE,TRUE,5,4.6,71,7
944215862491317970,2023-12-13,Arbutus Ridge,49.23786,-123.15988,Private room,2,1 private bath,1,$67.00,1,FALSE,TRUE,2,3,37,7
944225705256990863,2023-12-14,Kerrisdale,49.22665,-123.15138,Entire home/apt,5,1 bath,3,$166.00,1,TRUE,FALSE,31,4.91,0,1
944226969795860866,2023-12-13,Arbutus Ridge,49.2392321739434,-123.15824763776963,Private room,10,6 baths,5,$390.00,1,FALSE,FALSE,0,NA,16,7
944261104734777226,2023-12-14,Downtown,49.2796404,-123.1088566,Entire home/apt,6,2 baths,3,$275.00,3,TRUE,FALSE,3,5,89,3
944404458969711180,2023-12-14,Downtown,49.2747220960022,-123.13396868615632,Entire home/apt,4,2 baths,2,$375.00,2,FALSE,FALSE,2,5,339,1
944432311293183483,2023-12-14,Downtown,49.27899,-123.12841,Entire home/apt,5,2 baths,2,$232.00,2,TRUE,FALSE,27,4.85,199,1
944898960014418599,2023-12-14,Downtown,49.277352951961504,-123.13087199846169,Entire home/apt,4,1.5 baths,2,$148.00,30,FALSE,FALSE,0,NA,234,8
944911393949960465,2023-12-14,Downtown,49.27536,-123.13076,Entire home/apt,4,2 baths,2,$167.00,30,FALSE,FALSE,0,NA,269,8
944976798774137912,2023-12-14,Marpole,49.2087854,-123.1320979,Entire home/apt,2,1 bath,1,$119.00,30,FALSE,FALSE,1,5,148,2
945034396681574341,2023-12-13,Marpole,49.21186,-123.1308,Private room,2,1 shared bath,2,$45.00,3,FALSE,FALSE,0,NA,229,7
945134855748513520,2023-12-14,Hastings-Sunrise,49.26508092881237,-123.03654978829242,Entire home/apt,6,2 baths,3,$104.00,2,TRUE,FALSE,19,5,0,1
945270589226266186,2023-12-14,Downtown,49.28898,-123.12549,Entire home/apt,5,2 baths,3,$457.00,2,FALSE,FALSE,9,4.33,61,1
945393831380484400,2023-12-13,Sunset,49.21554,-123.09864,Entire home/apt,4,1 bath,3,$197.00,1,TRUE,FALSE,15,4.67,90,4
945691132407348074,2023-12-14,Downtown,49.28029953764779,-123.10742819476508,Entire home/apt,5,2 baths,2,$155.00,1,FALSE,TRUE,27,4.63,255,1
945697871082780007,2023-12-14,Mount Pleasant,49.26951364850788,-123.10183767974432,Entire home/apt,2,1 bath,1,$300.00,2,TRUE,FALSE,16,5,0,1
945911324848298814,2023-12-14,Downtown,49.28003169999999,-123.1266181,Entire home/apt,6,2 baths,3,$313.00,2,FALSE,TRUE,19,4.68,234,1
946345810121295068,2023-12-14,Downtown,49.2796404,-123.1088566,Entire home/apt,4,2 baths,2,$144.00,30,TRUE,FALSE,2,5,242,2
946528685372023148,2023-12-14,Kitsilano,49.2627453483988,-123.16158161218176,Entire home/apt,2,1 bath,1,$100.00,30,FALSE,FALSE,0,NA,347,1
946548171164303269,2023-12-14,Oakridge,49.22687033628926,-123.12978598025788,Entire home/apt,6,2 baths,3,$291.00,1,FALSE,TRUE,8,5,248,1
946552765394382431,2023-12-13,Grandview-Woodland,49.2722479961945,-123.07310439629516,Entire home/apt,2,1 bath,1,$115.00,30,FALSE,FALSE,0,NA,220,1
946588334647146413,2023-12-13,Hastings-Sunrise,49.27918,-123.02678,Entire home/apt,6,1 bath,3,$264.00,1,TRUE,TRUE,9,4.78,246,1
946650670400934162,2023-12-14,Downtown,49.27964043411125,-123.10885649174452,Entire home/apt,4,1 bath,2,$140.00,2,TRUE,FALSE,20,5,60,1
946658103976441380,2023-12-14,Downtown,49.27848,-123.12972,Entire home/apt,2,1 bath,1,$104.00,31,TRUE,FALSE,2,5,261,4
947192833308451119,2023-12-14,Hastings-Sunrise,49.27381,-123.0306,Entire home/apt,8,2 baths,5,$147.00,2,FALSE,TRUE,6,5,166,2
947282557153356343,2023-12-14,Renfrew-Collingwood,49.24993,-123.03193,Entire home/apt,8,1.5 baths,3,$248.00,40,FALSE,TRUE,0,NA,344,1
947311505020946586,2023-12-14,Mount Pleasant,49.26019109589708,-123.07807015344083,Entire home/apt,4,1 bath,2,$132.00,1,FALSE,FALSE,0,NA,269,8
947353835511815805,2023-12-13,Renfrew-Collingwood,49.25671,-123.03183,Private room,2,1 shared bath,1,$70.00,1,FALSE,FALSE,11,4.64,364,2
947403715573374019,2023-12-13,Mount Pleasant,49.27023,-123.10184,Entire home/apt,4,1 bath,2,$190.00,3,TRUE,FALSE,23,5,103,1
947408209812339181,2023-12-14,Kensington-Cedar Cottage,49.261,-123.05738,Entire home/apt,4,1.5 baths,2,NA,2,FALSE,FALSE,3,5,0,1
947629020495872505,2023-12-13,Kitsilano,49.26889034783514,-123.14947200180964,Entire home/apt,3,1 bath,1,$175.00,3,TRUE,FALSE,18,4.72,195,5
948023216904566741,2023-12-14,Renfrew-Collingwood,49.23756019893788,-123.0583069270842,Entire home/apt,6,1.5 baths,4,$219.00,2,FALSE,TRUE,10,5,67,1
948032080763257631,2023-12-14,Downtown,49.287,-123.11249,Entire home/apt,4,2 baths,2,$628.00,30,FALSE,FALSE,0,NA,269,30
948620990018596785,2023-12-14,Downtown,49.2787,-123.12039,Entire home/apt,6,2 baths,2,$200.00,30,FALSE,FALSE,1,5,159,1
948642239783603691,2023-12-14,Downtown,49.28023,-123.11827,Entire home/apt,2,1 bath,1,$165.00,2,FALSE,FALSE,12,4.92,12,1
948652406592439109,2023-12-13,Hastings-Sunrise,49.2836893,-123.0554249,Entire home/apt,5,2 baths,2,$500.00,3,FALSE,TRUE,1,5,71,1
948674937315411302,2023-12-14,Downtown,49.27917576803598,-123.11749764846272,Entire home/apt,2,1 bath,1,$200.00,30,FALSE,FALSE,1,4,221,1
948708065585733499,2023-12-14,Dunbar Southlands,49.2311135,-123.1859527,Entire home/apt,5,1 bath,3,$149.00,3,TRUE,FALSE,13,4.77,18,1
948838865956992199,2023-12-13,Kitsilano,49.27077616543409,-123.14783317373026,Entire home/apt,2,2 baths,1,$229.00,30,FALSE,TRUE,0,NA,77,1
948925517167544478,2023-12-13,Fairview,49.259982,-123.1318786,Entire home/apt,4,1 bath,1,$170.00,1,FALSE,TRUE,19,4.63,245,1
949360579406845457,2023-12-14,Kensington-Cedar Cottage,49.23844076784828,-123.07213261572318,Entire home/apt,5,1 bath,3,$176.00,2,FALSE,FALSE,5,5,71,1
949378166996787234,2023-12-13,Hastings-Sunrise,49.26596439999999,-123.0304005,Entire home/apt,3,1 bath,2,$103.00,1,FALSE,FALSE,9,4.67,63,1
949683989024178012,2023-12-14,Downtown,49.2758162,-123.1331276,Entire home/apt,5,1 bath,3,$243.00,2,FALSE,TRUE,8,4.75,241,1
949910120499799759,2023-12-14,Dunbar Southlands,49.23051,-123.19887,Entire home/apt,4,1 bath,2,NA,1,FALSE,FALSE,2,4.5,0,1
949967573130954121,2023-12-14,Downtown,49.28546169552028,-123.12189773095648,Entire home/apt,7,2 baths,4,$168.00,1,FALSE,TRUE,5,5,308,1
950136781320238250,2023-12-13,Hastings-Sunrise,49.2715819,-123.0422437,Entire home/apt,5,1 bath,3,$108.00,2,FALSE,FALSE,3,5,159,1
950305299989821277,2023-12-13,Sunset,49.2318,-123.1037,Private room,4,1.5 baths,2,$300.00,1,FALSE,FALSE,0,NA,41,2
950385684732563211,2023-12-13,Marpole,49.216969418524144,-123.12913283278807,Private room,3,1 private bath,1,$130.00,1,TRUE,FALSE,9,4.44,289,6
950751527472018730,2023-12-14,Arbutus Ridge,49.24515,-123.15179,Entire home/apt,4,1 bath,2,$71.00,1,FALSE,FALSE,3,3.5,0,6
950788605157341829,2023-12-14,Marpole,49.2179183122627,-123.12877218341067,Private room,2,1 private bath,1,$109.00,1,TRUE,FALSE,10,4.82,0,6
950872578109560705,2023-12-13,Mount Pleasant,49.26231691279373,-123.09240752247524,Entire home/apt,4,2 baths,2,$160.00,1,FALSE,FALSE,9,5,11,1
950905428130826670,2023-12-13,Renfrew-Collingwood,49.25729087719319,-123.03189050492948,Private room,2,1 shared bath,1,$73.00,1,FALSE,FALSE,7,5,269,2
950905496634948244,2023-12-13,Kensington-Cedar Cottage,49.23935,-123.08253,Entire home/apt,4,1 bath,2,$112.00,2,FALSE,FALSE,14,4.71,180,2
950954675734314848,2023-12-14,South Cambie,49.2359659,-123.1174628,Entire home/apt,10,5 baths,5,$799.00,30,FALSE,TRUE,0,NA,89,1
951038570785203690,2023-12-14,Riley Park,49.23714,-123.10924,Private room,4,1 private bath,2,$203.00,1,FALSE,TRUE,3,4.67,288,4
951372504561924364,2023-12-14,Kitsilano,49.26569196487912,-123.17069222100692,Entire home/apt,2,1 bath,1,$250.00,4,FALSE,FALSE,8,5,196,1
951432854114721997,2023-12-14,Hastings-Sunrise,49.26433,-123.03733,Entire home/apt,8,2.5 baths,5,$464.00,3,TRUE,FALSE,1,5,16,2
951577090465867696,2023-12-13,Sunset,49.21730118446639,-123.08157216557753,Entire home/apt,4,1 bath,2,$97.00,2,TRUE,TRUE,13,4.85,108,1
951658663445513263,2023-12-14,Kitsilano,49.26889,-123.17885,Shared room,1,1 shared bath,1,$35.00,14,FALSE,FALSE,1,5,75,5
951852585820583186,2023-12-13,Renfrew-Collingwood,49.25804,-123.02649,Entire home/apt,4,1.5 baths,2,$78.00,2,FALSE,TRUE,13,4.77,72,1
951864367747080867,2023-12-14,West End,49.2826162070661,-123.14009248945575,Entire home/apt,2,1 bath,1,$300.00,3,FALSE,TRUE,1,5,89,1
952142875884116872,2023-12-13,Sunset,49.22999586660469,-123.095014314649,Private room,2,1.5 baths,1,$99.00,1,FALSE,TRUE,21,4.81,245,1
952246853334735439,2023-12-14,Grandview-Woodland,49.2731377611873,-123.06330254955716,Entire home/apt,4,1 bath,2,$232.00,1,TRUE,FALSE,8,5,89,1
952248498815190981,2023-12-13,Marpole,49.2184551,-123.1312786,Private room,2,1 shared bath,1,$107.00,1,TRUE,FALSE,9,4.67,291,6
952931771957298874,2023-12-14,Shaughnessy,49.24273722834136,-123.13061755015038,Entire home/apt,12,4 baths,6,NA,2,FALSE,TRUE,0,NA,0,5
952939693234505704,2023-12-14,West End,49.2888,-123.12908,Private room,6,1 bath,3,$126.00,1,FALSE,TRUE,33,4.3,362,4
952944110347420667,2023-12-13,Victoria-Fraserview,49.2148455,-123.0768704,Private room,1,1 shared bath,1,$130.00,30,TRUE,FALSE,0,NA,160,9
952965930014874115,2023-12-14,South Cambie,49.25469,-123.11775,Private room,2,1 bath,1,NA,3,TRUE,FALSE,16,4.94,0,1
953124726597822761,2023-12-14,Downtown,49.28076,-123.10958,Private room,1,1 bath,1,$180.00,2,FALSE,FALSE,1,2,269,5
953140272089695384,2023-12-14,Downtown,49.28842,-123.12494,Entire home/apt,2,1 bath,1,$125.00,30,FALSE,FALSE,2,4,91,1
953586709033413703,2023-12-14,Arbutus Ridge,49.24700173109756,-123.1514832574039,Entire home/apt,11,2 baths,5,$268.00,1,FALSE,FALSE,2,4,183,6
953672723424856595,2023-12-14,Kensington-Cedar Cottage,49.24713528171229,-123.07867133304076,Entire home/apt,5,1 bath,3,$67.00,1,FALSE,FALSE,9,4.89,67,3
953727046896321276,2023-12-13,Oakridge,49.230194127197485,-123.11435712879282,Private room,2,1 bath,1,$999.00,1,FALSE,FALSE,0,NA,269,3
953792357061240317,2023-12-14,Renfrew-Collingwood,49.2387173,-123.0563298,Entire home/apt,4,1 bath,2,$116.00,1,TRUE,FALSE,18,4.83,321,1
953813788769739447,2023-12-13,West Point Grey,49.26127734849672,-123.20191122163224,Private room,2,1 bath,1,$68.00,1,FALSE,TRUE,7,4.29,270,18
953837293304150686,2023-12-14,Downtown Eastside,49.28185,-123.1045634,Entire home/apt,4,1 bath,NA,$116.00,1,FALSE,TRUE,15,4.75,0,1
953864476457366504,2023-12-14,West End,49.28543535694482,-123.1230579182589,Entire home/apt,5,2 baths,3,$387.00,10,FALSE,FALSE,0,NA,241,30
953868647575548852,2023-12-14,Downtown,49.27827,-123.12944,Entire home/apt,2,1 bath,1,$104.00,30,TRUE,FALSE,1,5,223,4
953878096378923584,2023-12-14,Dunbar Southlands,49.23655,-123.19493,Entire home/apt,10,3 baths,6,$555.00,2,FALSE,FALSE,9,4.89,255,1
953927947795892813,2023-12-13,Marpole,49.2184551,-123.1312786,Private room,6,1 shared bath,2,$138.00,1,TRUE,FALSE,3,4.33,270,6
954030225758890340,2023-12-14,Hastings-Sunrise,49.28389179398916,-123.02676797236022,Entire home/apt,4,1 bath,2,$249.00,1,FALSE,TRUE,10,4.64,0,1
954303285536940294,2023-12-13,Arbutus Ridge,49.24567278565929,-123.16338626216536,Private room,2,1 shared bath,1,$156.00,1,TRUE,FALSE,1,5,269,3
954323695562772393,2023-12-13,Arbutus Ridge,49.246339999999996,-123.16175,Private room,2,1 bath,1,$140.00,1,TRUE,FALSE,3,5,269,3
954355223650843635,2023-12-13,Mount Pleasant,49.260473909985485,-123.07867705564604,Private room,2,2 baths,1,$41.00,1,FALSE,TRUE,2,2.5,270,8
954518106045879190,2023-12-14,Downtown,49.278668003013735,-123.10924846402214,Entire home/apt,6,2 baths,3,$156.00,2,FALSE,FALSE,11,4.18,102,1
954542031497999122,2023-12-14,Oakridge,49.23297,-123.13677,Entire home/apt,6,2.5 baths,3,$600.00,5,FALSE,FALSE,0,NA,251,1
954560881599662250,2023-12-14,Downtown,49.2745482,-123.127821,Entire home/apt,2,1 bath,1,$156.00,2,TRUE,FALSE,15,5,71,1
954628818328011383,2023-12-14,Downtown Eastside,49.28055,-123.10931,Entire home/apt,6,2.5 baths,3,$192.00,2,FALSE,FALSE,19,4.74,167,1
955119193819334068,2023-12-14,Downtown,49.27608,-123.12767,Entire home/apt,5,2 baths,2,$350.00,3,FALSE,FALSE,0,NA,162,1
955134744990708730,2023-12-14,Downtown,49.278963521517056,-123.12755649580266,Entire home/apt,2,1 bath,1,$104.00,3,FALSE,FALSE,9,5,142,1
955171759960993588,2023-12-14,Downtown,49.27452,-123.11837,Entire home/apt,2,1 bath,1,NA,14,FALSE,FALSE,0,NA,0,1
955187109240224795,2023-12-14,Marpole,49.21783,-123.13212,Private room,2,1 private bath,1,$107.00,1,TRUE,FALSE,8,5,0,6
955353651684123845,2023-12-13,Kitsilano,49.27167,-123.15443,Entire home/apt,2,2 baths,2,$206.00,7,FALSE,FALSE,2,4.5,61,1
955386988392558951,2023-12-14,Arbutus Ridge,49.25740276368563,-123.17460384232788,Entire home/apt,2,1 bath,2,$275.00,1,FALSE,FALSE,0,NA,179,3
955421390593692353,2023-12-13,Grandview-Woodland,49.27669881915973,-123.07068011363543,Private room,2,1 private bath,1,$94.00,2,FALSE,FALSE,11,5,100,1
955439782954974275,2023-12-13,Downtown,49.27652127806298,-123.1215883158436,Private room,2,1 private bath,1,$80.00,30,FALSE,FALSE,0,NA,56,1
955994723506364589,2023-12-13,West End,49.29276,-123.13436,Entire home/apt,2,1 bath,1,$128.00,30,FALSE,TRUE,0,NA,50,12
956019044286668896,2023-12-14,Sunset,49.21129,-123.09228,Entire home/apt,6,1 bath,4,$61.00,2,TRUE,FALSE,17,4.89,0,1
956142163513576397,2023-12-13,Hastings-Sunrise,49.28460038820503,-123.0303190597811,Entire home/apt,2,1 bath,1,$67.00,3,FALSE,TRUE,15,4.4,137,5
956172850503985860,2023-12-13,Killarney,49.208993603655,-123.02373040080164,Private room,1,Half-bath,1,$52.00,1,FALSE,FALSE,8,4.5,87,1
956196481979468767,2023-12-13,Shaughnessy,49.24784975444089,-123.1289655790842,Entire home/apt,4,1 bath,2,$141.00,1,FALSE,TRUE,6,4.5,85,1
956226912381732798,2023-12-14,Downtown Eastside,49.2839,-123.1046,Entire home/apt,6,1 bath,3,$219.00,3,TRUE,FALSE,12,4.83,79,1
956267866287090390,2023-12-14,Shaughnessy,49.24842,-123.14787,Entire home/apt,2,1 bath,1,NA,28,FALSE,FALSE,5,4,0,1
956436034381611363,2023-12-13,Sunset,49.211071387171046,-123.0857158224418,Private room,1,1 bath,1,NA,30,FALSE,FALSE,0,NA,269,1
956442216755421072,2023-12-13,Renfrew-Collingwood,49.25515,-123.04374,Entire home/apt,4,1 bath,2,$123.00,1,FALSE,FALSE,7,5,42,1
956455419117523426,2023-12-14,Downtown,49.27634712764005,-123.12330461915448,Entire home/apt,4,2.5 baths,2,$180.00,30,FALSE,TRUE,0,NA,11,1
956733913473552741,2023-12-14,Downtown,49.28034240953404,-123.10790869918536,Private room,1,3 baths,1,$350.00,1,FALSE,FALSE,0,NA,269,5
956735309328438367,2023-12-13,Sunset,49.21306031151204,-123.0858275993312,Private room,2,2 baths,4,$86.00,2,FALSE,FALSE,2,5,190,1
956839043361184027,2023-12-13,Hastings-Sunrise,49.28590335924756,-123.03145762767784,Private room,2,1 bath,1,$55.00,30,FALSE,FALSE,11,4.82,247,5
956846217552697292,2023-12-13,Hastings-Sunrise,49.286122250261286,-123.0296123784054,Private room,2,1 bath,1,$63.00,1,FALSE,FALSE,6,4.83,251,5
957450266512722285,2023-12-14,Downtown,49.29131308208916,-123.12755645562848,Entire home/apt,2,1 bath,1,$150.00,6,FALSE,FALSE,0,NA,34,1
957473890770039252,2023-12-13,Hastings-Sunrise,49.27890439999999,-123.0533665,Entire home/apt,4,1 bath,2,$163.00,1,TRUE,FALSE,19,5,125,1
957548159256443450,2023-12-13,Sunset,49.21558,-123.10629,Entire home/apt,3,1 bath,3,$76.00,1,FALSE,FALSE,11,4.64,31,1
957564612024759378,2023-12-14,Downtown,49.279393323138216,-123.10674686703352,Entire home/apt,5,2 baths,3,$196.00,1,FALSE,FALSE,7,5,73,2
957957731866867079,2023-12-14,Downtown,49.27978,-123.10759,Entire home/apt,5,1 bath,3,$124.00,1,FALSE,FALSE,30,4.77,192,1
958044720404871067,2023-12-14,Downtown,49.28804,-123.12304,Entire home/apt,6,2 baths,3,$635.00,2,TRUE,FALSE,9,5,344,3
958074884999330485,2023-12-13,Hastings-Sunrise,49.28441,-123.03142,Private room,2,1 bath,1,$49.00,30,FALSE,FALSE,4,4.75,240,5
958091024131776068,2023-12-13,Hastings-Sunrise,49.28649,-123.03103,Private room,2,1 bath,1,$49.00,30,FALSE,FALSE,12,4.58,242,5
958126730161694859,2023-12-13,Arbutus Ridge,49.23838031187247,-123.16362818213214,Private room,2,1 private bath,1,$66.00,3,FALSE,FALSE,0,NA,170,1
958192197429376200,2023-12-14,Riley Park,49.25534149151592,-123.0962475744409,Entire home/apt,4,1 bath,2,$84.00,1,TRUE,FALSE,13,4.6,0,2
958229160117451411,2023-12-13,Hastings-Sunrise,49.27908,-123.03395,Entire home/apt,2,1 bath,1,$79.00,1,TRUE,FALSE,18,4.94,169,1
958238894237639823,2023-12-14,Downtown,49.2785407,-123.1296198,Private room,2,1 bath,1,$111.00,30,FALSE,FALSE,0,NA,269,1
958286478626164636,2023-12-14,West End,49.28104000890981,-123.13609183082492,Entire home/apt,2,1 bath,1,$76.00,30,TRUE,FALSE,2,5,188,3
958296861519772294,2023-12-14,Downtown,49.27779138810341,-123.10657216406824,Entire home/apt,8,2 baths,4,$392.00,2,FALSE,FALSE,7,4.71,139,1
958673124731406348,2023-12-14,Oakridge,49.22634859999999,-123.1270805,Entire home/apt,4,1 bath,1,$120.00,30,FALSE,FALSE,7,5,0,1
958675830485818845,2023-12-13,Mount Pleasant,49.258928,-123.0888506,Entire home/apt,2,1 bath,1,$120.00,1,FALSE,TRUE,8,4.75,22,1
958703121515036787,2023-12-14,Downtown,49.27967111438532,-123.10835804952804,Entire home/apt,6,2 baths,4,$131.00,1,FALSE,TRUE,0,NA,346,1
958752636914498286,2023-12-13,Downtown Eastside,49.2813495,-123.0827452,Entire home/apt,3,1 bath,1,$210.00,3,FALSE,FALSE,3,5,117,1
958763526250141204,2023-12-14,Killarney,49.20462,-123.03017,Entire home/apt,3,2 baths,1,$135.00,30,FALSE,FALSE,0,NA,30,1
958856734081391162,2023-12-14,Marpole,49.20957,-123.12634,Entire home/apt,4,2 baths,2,$260.00,2,FALSE,FALSE,1,5,58,2
958866056166226654,2023-12-13,Kensington-Cedar Cottage,49.26169,-123.07316,Private room,2,1 bath,1,$21.00,30,FALSE,TRUE,0,NA,270,19
959100363945939133,2023-12-14,West End,49.28623235814511,-123.12401429935932,Entire home/apt,4,2 baths,2,$196.00,2,TRUE,TRUE,23,4.96,0,1
959399021003504927,2023-12-13,Kensington-Cedar Cottage,49.25999,-123.07524,Private room,2,1 bath,1,$41.00,1,FALSE,TRUE,5,3.6,267,19
959414820642346235,2023-12-14,West End,49.28231,-123.13281,Entire home/apt,6,2 baths,3,$207.00,30,TRUE,TRUE,9,5,91,2
959420862702796821,2023-12-14,Downtown,49.28027580385263,-123.10869698958506,Entire home/apt,3,1 bath,2,$165.00,2,TRUE,TRUE,2,5,264,2
959526186568081116,2023-12-13,Sunset,49.21202611800158,-123.09992499873977,Entire home/apt,8,2 baths,5,$288.00,1,FALSE,FALSE,7,4.71,304,1
959529110487453427,2023-12-14,West End,49.28794,-123.12913,Private room,6,1 bath,3,$146.00,1,FALSE,TRUE,15,4.47,360,4
959579294765184094,2023-12-13,West End,49.29374547608589,-123.13611244204992,Entire home/apt,3,1 bath,1,$124.00,30,FALSE,TRUE,1,5,365,12
959642591351932111,2023-12-14,Kensington-Cedar Cottage,49.24772385287576,-123.07807417535672,Entire home/apt,7,1 bath,4,$58.00,1,FALSE,FALSE,26,4.96,0,3
959652547343600710,2023-12-13,Kensington-Cedar Cottage,49.23672,-123.07453,Private room,2,1 shared bath,1,$129.00,2,FALSE,TRUE,0,NA,179,1
959722556115307210,2023-12-13,Downtown,49.27701,-123.1073,Entire home/apt,6,2 baths,3,$194.00,2,TRUE,FALSE,10,5,326,1
959770042545015467,2023-12-14,Downtown,49.2745482,-123.127821,Entire home/apt,6,2 baths,3,$183.00,1,FALSE,TRUE,25,4.89,0,1
960115175261422253,2023-12-14,Downtown,49.27829411268618,-123.12548427043924,Entire home/apt,2,1 bath,1,$127.00,30,FALSE,TRUE,1,5,100,134
960116234297035646,2023-12-14,West End,49.28953,-123.13004,Private room,6,1 bath,3,$208.00,1,FALSE,TRUE,1,4,354,4
960124812057095325,2023-12-14,West End,49.28756,-123.12965,Private room,3,1 bath,2,$123.00,1,FALSE,TRUE,13,4.57,0,4
960138575535133475,2023-12-14,Downtown,49.29046651154241,-123.12711161014155,Entire home/apt,8,3 baths,3,$500.00,180,FALSE,TRUE,0,NA,269,1
960162769816303180,2023-12-14,Downtown,49.27710618973234,-123.12674533517745,Entire home/apt,10,2 baths,5,$160.00,30,FALSE,TRUE,2,5,127,134
960452988755682370,2023-12-14,Victoria-Fraserview,49.22556,-123.0679,Entire home/apt,2,1 bath,1,NA,2,FALSE,FALSE,7,5,0,1
960757489199809933,2023-12-14,Downtown,49.28003169999999,-123.1266181,Entire home/apt,6,2 baths,4,$177.00,3,TRUE,FALSE,8,4.89,0,21
960894571708723616,2023-12-14,Kerrisdale,49.2318753,-123.1632674,Entire home/apt,3,1 bath,3,$155.00,2,FALSE,TRUE,0,NA,68,1
960935343000233165,2023-12-14,Downtown,49.27952634585624,-123.1279030887592,Entire home/apt,3,1 bath,2,$110.00,1,FALSE,TRUE,6,4.5,172,1
960976661749353332,2023-12-14,Downtown,49.27740300522123,-123.12883279274624,Entire home/apt,2,1 bath,1,$150.00,30,FALSE,FALSE,1,5,174,2
961234886325127249,2023-12-13,Kensington-Cedar Cottage,49.26007528156746,-123.07349883302903,Private room,2,1 bath,1,$42.00,1,FALSE,TRUE,4,4.25,265,19
961511526033300153,2023-12-13,Mount Pleasant,49.27057067838236,-123.10433297142112,Entire home/apt,3,1 bath,2,$117.00,30,FALSE,FALSE,1,4,312,1
961568318415395169,2023-12-14,Kensington-Cedar Cottage,49.26051331047712,-123.0750059772908,Entire home/apt,2,1 bath,1,$90.00,1,FALSE,FALSE,0,NA,269,19
961582166843326514,2023-12-13,Victoria-Fraserview,49.2289366,-123.0659933,Private room,2,1 private bath,1,$83.00,2,FALSE,TRUE,4,4.75,294,3
961669696282755599,2023-12-14,West End,49.28137012441268,-123.13700838413088,Entire home/apt,4,2 baths,3,$150.00,30,TRUE,FALSE,0,NA,99,2
961688662323614516,2023-12-14,Downtown,49.28690113568975,-123.12418098492373,Entire home/apt,4,2 baths,2,$425.00,4,FALSE,FALSE,0,NA,265,30
961718133738996166,2023-12-14,Victoria-Fraserview,49.22061,-123.05225,Entire home/apt,5,2 baths,3,$288.00,1,FALSE,TRUE,5,4.8,73,1
961751243842810218,2023-12-13,Mount Pleasant,49.26442,-123.10054,Entire home/apt,2,2 baths,1,$199.00,30,FALSE,FALSE,0,NA,269,1
961757210706931810,2023-12-13,Kensington-Cedar Cottage,49.26103821451277,-123.07514951362758,Private room,2,1 bath,1,$41.00,1,FALSE,FALSE,2,5,262,19
961826638045297199,2023-12-13,Riley Park,49.24363194363352,-123.09994310740969,Entire home/apt,2,1 bath,1,$111.00,3,FALSE,FALSE,9,5,72,1
962000402931219643,2023-12-13,Shaughnessy,49.25328,-123.13635,Entire home/apt,4,1 bath,2,$259.00,2,FALSE,FALSE,4,4.5,90,4
962288725197853276,2023-12-14,Downtown,49.28284,-123.12263,Entire home/apt,3,1 bath,1,$120.00,30,FALSE,FALSE,1,5,246,1
962343823691019461,2023-12-13,Kensington-Cedar Cottage,49.26159,-123.07464,Private room,2,1 bath,1,$41.00,1,FALSE,TRUE,2,5,270,19
962440152949000270,2023-12-14,Riley Park,49.25361,-123.09175,Private room,2,1 shared bath,1,$43.00,1,FALSE,TRUE,4,4,0,19
962591853345786239,2023-12-14,Kerrisdale,49.23041344992465,-123.14882567130924,Entire home/apt,8,3.5 baths,4,$708.00,1,FALSE,TRUE,8,5,152,1
962913804279248042,2023-12-13,Kitsilano,49.264678606479606,-123.1686516151694,Entire home/apt,8,2.5 baths,4,$900.00,3,TRUE,FALSE,6,5,38,21
963008407445041328,2023-12-14,Oakridge,49.22602773810088,-123.12458924485044,Entire home/apt,12,4.5 baths,5,$353.00,1,FALSE,TRUE,0,NA,165,11
963054305256683644,2023-12-14,Kensington-Cedar Cottage,49.26045,-123.07514,Entire home/apt,2,1 bath,1,$78.00,1,FALSE,FALSE,0,NA,269,19
963096341334471731,2023-12-13,Riley Park,49.25510649381231,-123.09168222704596,Private room,2,1 shared bath,1,$55.00,1,FALSE,TRUE,2,2,270,19
963126408723599796,2023-12-14,Oakridge,49.22534042091546,-123.12504492579514,Private room,2,1 shared bath,1,$71.00,1,FALSE,TRUE,0,NA,168,11
963146037149518300,2023-12-13,Oakridge,49.22563,-123.12323,Private room,2,1 shared bath,1,$71.00,1,FALSE,TRUE,2,3,169,11
963150737047011259,2023-12-13,Oakridge,49.22423,-123.12314,Private room,2,1 shared bath,1,$71.00,1,FALSE,TRUE,2,5,169,11
963155394008718877,2023-12-13,Oakridge,49.22422194506344,-123.12501918203168,Private room,2,1 private bath,1,$71.00,1,FALSE,TRUE,0,NA,165,11
963163807441042870,2023-12-13,Oakridge,49.22445,-123.12314,Private room,2,1 private bath,1,$70.00,1,FALSE,TRUE,4,3.75,169,11
963172808147861987,2023-12-13,Oakridge,49.2241988998188,-123.12284314820562,Private room,2,1 private bath,1,$70.00,1,FALSE,TRUE,1,5,165,11
963243481289263599,2023-12-14,Kensington-Cedar Cottage,49.24068699784635,-123.06482343899243,Entire home/apt,4,3 baths,4,$200.00,30,FALSE,TRUE,0,NA,269,1
963354238791823883,2023-12-13,Mount Pleasant,49.26709865642293,-123.11270935484993,Entire home/apt,2,1.5 baths,1,NA,90,FALSE,FALSE,0,NA,263,1
963360598575374624,2023-12-13,Kensington-Cedar Cottage,49.24388,-123.05761,Entire home/apt,2,1 bath,1,$83.00,2,TRUE,TRUE,11,4.91,261,2
963378791713777319,2023-12-14,Downtown Eastside,49.2838,-123.10741,Entire home/apt,4,2 baths,2,$195.00,2,TRUE,FALSE,11,5,21,1
963412249199933725,2023-12-14,Renfrew-Collingwood,49.24031,-123.02666,Entire home/apt,5,2 baths,3,$129.00,2,FALSE,TRUE,3,5,150,1
963502082181754589,2023-12-14,Downtown,49.28464,-123.10569,Entire home/apt,2,1 bath,1,NA,30,FALSE,TRUE,0,NA,0,1
963755181586816609,2023-12-14,Downtown Eastside,49.28179441567056,-123.10883308683252,Entire home/apt,4,1 bath,2,$194.00,2,TRUE,FALSE,7,5,12,3
963817729238238002,2023-12-13,Kitsilano,49.26323,-123.16246,Entire home/apt,2,1 bath,1,$97.00,30,TRUE,FALSE,2,5,200,26
963831929887336080,2023-12-13,Victoria-Fraserview,49.2148455,-123.0768704,Private room,1,1 shared bath,1,$120.00,30,TRUE,FALSE,0,NA,131,9
963842992095812291,2023-12-13,Kensington-Cedar Cottage,49.24074887905587,-123.06015389206544,Private room,2,1 shared bath,1,$75.00,1,TRUE,FALSE,2,5,253,3
963904086594469894,2023-12-14,Renfrew-Collingwood,49.252613590841634,-123.04998709025934,Entire home/apt,2,1 bath,1,$114.00,5,FALSE,FALSE,0,NA,169,1
963909650987252497,2023-12-13,Shaughnessy,49.253247274564565,-123.13563579975428,Private room,2,1 shared bath,1,$125.00,1,FALSE,FALSE,11,4.09,90,4
963934821067372815,2023-12-13,Shaughnessy,49.25129,-123.13497,Private room,2,1 shared bath,1,$178.00,1,FALSE,FALSE,6,4,71,4
963936825862687779,2023-12-13,Victoria-Fraserview,49.2148455,-123.0768704,Private room,1,1 shared bath,1,$140.00,30,TRUE,FALSE,0,NA,160,9
963939304024365865,2023-12-13,Arbutus Ridge,49.2572102,-123.1746253,Private room,2,1 shared bath,1,$160.00,1,FALSE,FALSE,2,5,179,3
963947032763681703,2023-12-13,Arbutus Ridge,49.2572102,-123.1746253,Private room,2,1 bath,1,$130.00,1,FALSE,FALSE,4,4.5,179,3
964456896700890845,2023-12-13,Kitsilano,49.27115447729934,-123.14583598069802,Entire home/apt,2,1 bath,1,$75.00,30,FALSE,TRUE,1,5,217,134
964457863802306131,2023-12-13,Downtown,49.27348,-123.11633,Entire home/apt,4,2 baths,2,$150.00,31,FALSE,FALSE,0,NA,269,1
964485854414023240,2023-12-13,Kitsilano,49.26924,-123.14791,Entire home/apt,2,1 bath,1,$104.00,30,FALSE,TRUE,0,NA,236,134
964502430828251042,2023-12-13,Kitsilano,49.27047196468275,-123.14759626215633,Entire home/apt,2,1 bath,1,$103.00,30,FALSE,TRUE,2,5,142,134
964516654908800831,2023-12-14,Renfrew-Collingwood,49.2473215,-123.0342498,Entire home/apt,4,2 baths,3,$208.00,2,FALSE,FALSE,4,5,271,1
964601331843112625,2023-12-13,Kitsilano,49.26640448357214,-123.157759537973,Entire home/apt,2,1 bath,1,$128.00,30,TRUE,FALSE,0,NA,241,26
964609316510161790,2023-12-14,Downtown,49.28713,-123.11643,Entire home/apt,4,1.5 baths,2,$163.00,30,FALSE,FALSE,0,NA,124,1
964621937184725205,2023-12-13,Marpole,49.21316,-123.12006,Private room,1,1 shared bath,1,$50.00,1,FALSE,FALSE,0,NA,243,4
964633786107362007,2023-12-13,Victoria-Fraserview,49.2242743,-123.0770833,Private room,2,1 shared bath,1,$110.00,1,FALSE,FALSE,9,5,269,3
964648782492685214,2023-12-13,Marpole,49.21314,-123.11938,Private room,1,1 shared bath,1,$50.00,1,FALSE,FALSE,0,NA,243,4
964748104209392799,2023-12-13,Hastings-Sunrise,49.27057711819948,-123.04013918208476,Entire home/apt,4,1 bath,4,$189.00,2,FALSE,FALSE,11,4.91,80,1
964761087412867943,2023-12-14,Victoria-Fraserview,49.20980904830567,-123.06875319016608,Private room,2,1 bath,1,$72.00,1,NA,FALSE,16,4.94,137,6
964819212098968962,2023-12-13,Kensington-Cedar Cottage,49.26185,-123.07366,Private room,2,1 bath,1,$41.00,5,FALSE,TRUE,1,3,270,19
964838130787098616,2023-12-13,Grandview-Woodland,49.2792951,-123.061109,Entire home/apt,5,1 bath,3,$165.00,2,FALSE,FALSE,12,4.67,161,1
965152970102994187,2023-12-13,Renfrew-Collingwood,49.23678649414119,-123.0537334944764,Private room,5,1 private bath,3,$150.00,1,TRUE,FALSE,13,4.85,268,1
965206429923382834,2023-12-14,Downtown,49.27961031962553,-123.10965939490777,Entire home/apt,2,2 baths,2,$145.00,30,TRUE,FALSE,0,NA,86,2
965220586844818985,2023-12-13,Dunbar Southlands,49.25086,-123.1851,Entire home/apt,10,3.5 baths,5,$399.00,2,TRUE,FALSE,6,4.83,341,3
965492273771791851,2023-12-14,Downtown Eastside,49.28356,-123.10309,Entire home/apt,2,1 bath,1,$154.00,2,FALSE,TRUE,7,4.43,0,2
965621128355194211,2023-12-13,Mount Pleasant,49.2695803,-123.1092586,Entire home/apt,2,1 bath,1,$158.00,1,TRUE,FALSE,7,5,98,2
965883530695426359,2023-12-14,Downtown,49.28045176497787,-123.10831660183352,Entire home/apt,4,1 bath,2,$105.00,1,FALSE,FALSE,9,4.8,0,43
965908261262902431,2023-12-14,Downtown,49.278734,-123.1073922,Entire home/apt,4,1 bath,3,$126.00,1,TRUE,FALSE,32,4.88,0,1
965961609058402786,2023-12-14,Downtown,49.27753559711952,-123.12867657640888,Entire home/apt,5,2 baths,3,$193.00,1,FALSE,FALSE,5,4.5,0,43
966221396225646994,2023-12-13,Kerrisdale,49.23226443436893,-123.14703397680996,Private room,2,5 baths,1,$71.00,3,FALSE,TRUE,2,5,74,17
966605738051549600,2023-12-13,Downtown,49.27721086929679,-123.11549265025218,Entire home/apt,2,1 bath,1,$119.00,30,TRUE,FALSE,1,5,266,11
966806795988332154,2023-12-14,Downtown,49.27854769560465,-123.10850388669104,Entire home/apt,4,2 baths,2,$162.00,3,FALSE,FALSE,9,4.67,78,5
966828805323353795,2023-12-13,Riley Park,49.2528424540169,-123.09008252429216,Private room,2,1 bath,1,$39.00,9,FALSE,TRUE,0,NA,270,19
966831408876067063,2023-12-14,Downtown,49.2754303,-123.1332786,Entire home/apt,2,1 bath,1,$155.00,90,FALSE,FALSE,13,5,0,1
966837345074636980,2023-12-13,Kensington-Cedar Cottage,49.26163,-123.07372,Private room,2,1 bath,1,$65.00,30,FALSE,TRUE,0,NA,270,19
966888926897524126,2023-12-13,Hastings-Sunrise,49.279684220705946,-123.0298522975538,Private room,1,2 baths,1,$39.00,30,TRUE,FALSE,0,NA,221,7
967076889309551906,2023-12-14,Kensington-Cedar Cottage,49.24367,-123.07341,Entire home/apt,4,1 bath,3,$110.00,2,FALSE,FALSE,3,4.67,215,1
967293076845618221,2023-12-13,Kerrisdale,49.23162,-123.1583,Private room,2,1 private bath,1,$58.00,30,FALSE,FALSE,0,NA,176,2
967306038523354350,2023-12-14,Kitsilano,49.26589,-123.18237,Entire home/apt,2,2 baths,1,$560.00,2,FALSE,FALSE,0,NA,363,1
967472637472188127,2023-12-14,West End,49.2881788,-123.1277554,Entire home/apt,4,2 baths,2,$146.00,30,FALSE,FALSE,1,5,160,1
967495861613934485,2023-12-13,Kerrisdale,49.23108,-123.14783,Private room,2,2 baths,1,$50.00,3,FALSE,FALSE,2,5,69,17
967515496905922725,2023-12-14,Downtown,49.27868,-123.12644,Entire home/apt,2,1 bath,1,$150.00,30,FALSE,FALSE,0,NA,19,1
967540885798878392,2023-12-14,Downtown,49.2738282,-123.1237828,Entire home/apt,4,2 baths,2,$185.00,30,FALSE,FALSE,0,NA,146,42
967662702180312646,2023-12-13,Downtown,49.2718761,-123.1219957,Entire home/apt,4,2 baths,2,$157.00,30,FALSE,FALSE,1,5,265,42
967706625147011529,2023-12-14,Sunset,49.21778580228246,-123.09025883106396,Entire home/apt,8,3 baths,4,$298.00,2,FALSE,FALSE,2,5,172,8
967707115811759226,2023-12-14,Downtown Eastside,49.28401,-123.09688,Entire home/apt,5,1 bath,2,$167.00,2,FALSE,FALSE,3,4.33,159,2
967809271710051497,2023-12-14,Downtown,49.2792118,-123.1214803,Entire home/apt,4,1 bath,2,$96.00,2,FALSE,FALSE,15,4.8,240,1
968064496485864987,2023-12-14,West End,49.28959,-123.13105,Entire home/apt,6,2 baths,3,$193.00,30,FALSE,TRUE,1,5,211,134
968102534838911721,2023-12-13,Kensington-Cedar Cottage,49.23288,-123.06837,Private room,2,1 shared bath,1,$55.00,1,FALSE,TRUE,17,5,13,2
968103912595228590,2023-12-14,Downtown,49.28659601404554,-123.1235759496525,Entire home/apt,4,3 baths,2,$300.00,30,FALSE,TRUE,0,NA,269,1
968107664754833716,2023-12-14,Downtown,49.27844914182052,-123.10831690800411,Entire home/apt,6,2 baths,4,$136.00,1,FALSE,TRUE,6,4.71,0,43
968116856616973433,2023-12-14,Arbutus Ridge,49.24068,-123.1686,Entire home/apt,4,1 bath,2,$69.00,1,FALSE,TRUE,1,4,59,6
968145198508026455,2023-12-14,Arbutus Ridge,49.24131,-123.16851,Entire home/apt,5,2 baths,2,$140.00,1,FALSE,TRUE,1,1,189,6
968201026280489678,2023-12-13,Downtown,49.27633,-123.12387,Entire home/apt,2,1 bath,1,$97.00,30,TRUE,FALSE,0,NA,180,3
968207932749862784,2023-12-14,Downtown,49.2757072,-123.1248065,Entire home/apt,4,2 baths,2,$160.00,30,FALSE,FALSE,0,NA,180,42
968223144656908946,2023-12-14,Downtown,49.2795653,-123.1197934,Entire home/apt,4,2 baths,2,$135.00,30,FALSE,FALSE,1,3,161,42
968252406809403936,2023-12-13,Fairview,49.26083522974225,-123.14146078124942,Entire home/apt,4,1 bath,2,$120.00,30,TRUE,FALSE,1,5,135,26
968269964729052912,2023-12-13,Fairview,49.26136410798198,-123.14381397964092,Entire home/apt,4,2.5 baths,2,$104.00,30,TRUE,FALSE,1,5,210,26
968322564457516785,2023-12-14,Downtown,49.28032248719649,-123.12184371211144,Entire home/apt,4,1 bath,2,$127.00,2,FALSE,TRUE,5,5,43,1
968331083114793330,2023-12-13,Kensington-Cedar Cottage,49.23607123090904,-123.0767060259191,Private room,2,1 shared bath,1,$118.00,1,FALSE,FALSE,3,5,270,3
968341627290263675,2023-12-13,Kensington-Cedar Cottage,49.236550858246105,-123.07471981481486,Private room,2,1 shared bath,2,$108.00,1,FALSE,FALSE,2,5,270,3
968410822031599214,2023-12-14,Dunbar Southlands,49.23606636737348,-123.18347249981385,Entire home/apt,4,1 bath,2,$126.00,2,FALSE,FALSE,2,5,179,1
968798381843813281,2023-12-13,Mount Pleasant,49.27140397011962,-123.10183916670933,Entire home/apt,4,2 baths,2,$176.00,30,FALSE,TRUE,7,5,259,134
968816235939033273,2023-12-14,Downtown,49.276363619709166,-123.12497754716917,Entire home/apt,2,1 bath,1,$95.00,30,FALSE,TRUE,1,5,198,134
969137125094556829,2023-12-13,Kensington-Cedar Cottage,49.261900805762885,-123.07494216042952,Private room,2,2 baths,1,$71.00,9,FALSE,TRUE,0,NA,270,19
969146111815050827,2023-12-13,Kensington-Cedar Cottage,49.25959338661683,-123.0732490632085,Private room,2,2 baths,1,$43.00,1,FALSE,TRUE,0,NA,270,19
969213036512461614,2023-12-14,Victoria-Fraserview,49.2317105,-123.0582152,Private room,4,1 private bath,2,$113.00,2,FALSE,FALSE,4,4.75,163,1
969405738454163268,2023-12-14,Marpole,49.21785,-123.12576,Entire home/apt,6,2.5 baths,4,$154.00,1,FALSE,FALSE,11,4.91,163,1
969486812554839921,2023-12-13,Kerrisdale,49.2326,-123.15813,Private room,2,1 shared bath,1,$140.00,3,FALSE,TRUE,3,5,161,2
969537305306541316,2023-12-14,Downtown,49.27280045242381,-123.1267208716322,Entire home/apt,3,1 bath,1,$110.00,2,FALSE,TRUE,2,5,159,1
969545323180749749,2023-12-14,Renfrew-Collingwood,49.2417259,-123.0473632,Entire home/apt,3,2 baths,2,$106.00,2,FALSE,TRUE,0,NA,78,1
969612514217288627,2023-12-14,Dunbar Southlands,49.25423,-123.17862,Entire home/apt,10,2 baths,5,$209.00,1,FALSE,TRUE,8,4.78,0,43
969620536455728172,2023-12-14,Sunset,49.22476,-123.0884,Entire home/apt,2,1 bath,1,$125.00,30,TRUE,FALSE,0,NA,32,1
969653392389060980,2023-12-14,Downtown,49.28075908223944,-123.1077960404951,Entire home/apt,6,2 baths,3,$219.00,3,FALSE,FALSE,5,5,148,1
969653944202409710,2023-12-14,West End,49.28084987155527,-123.12765659481998,Entire home/apt,2,1 bath,1,$126.00,1,FALSE,FALSE,5,4.8,176,1
969684207253039870,2023-12-14,Downtown Eastside,49.28017000940641,-123.10472195797551,Entire home/apt,6,1 bath,4,$64.00,1,FALSE,FALSE,15,5,0,4
969708925511036055,2023-12-13,West Point Grey,49.26646662739464,-123.21457413684084,Entire home/apt,8,3 baths,2,$600.00,3,FALSE,FALSE,5,4.2,155,1
969710158705702652,2023-12-14,Downtown,49.27631110952154,-123.11387125870554,Entire home/apt,4,2 baths,2,$410.00,31,FALSE,FALSE,0,NA,263,1
969744464140988284,2023-12-14,Downtown,49.2798532042361,-123.11906529295612,Entire home/apt,2,1 bath,1,$71.00,2,TRUE,FALSE,24,4.84,0,3
969750426312786144,2023-12-14,Downtown Eastside,49.27982601968877,-123.10594047140164,Entire home/apt,5,2 baths,3,$144.00,1,FALSE,TRUE,7,4.88,0,43
969858498293254196,2023-12-13,Mount Pleasant,49.26921023500363,-123.10455984764111,Entire home/apt,4,1 bath,2,$111.00,30,FALSE,TRUE,0,NA,50,10
969881536362588320,2023-12-13,West Point Grey,49.2611101,-123.188262,Entire home/apt,4,2 baths,2,$215.00,2,FALSE,FALSE,8,4.75,81,1
969907977122981593,2023-12-14,Victoria-Fraserview,49.2222508,-123.0590708,Entire home/apt,8,4.5 baths,4,$499.00,1,FALSE,TRUE,5,4.8,72,1
969929897430359978,2023-12-14,West End,49.2836879,-123.1226001,Entire home/apt,2,1 bath,1,$118.00,30,FALSE,FALSE,1,5,345,1
969935303588714711,2023-12-13,Marpole,49.215781944928985,-123.12355926844742,Entire home/apt,8,3 baths,4,$307.00,1,TRUE,TRUE,4,5,159,2
970338075928000393,2023-12-13,Hastings-Sunrise,49.28285,-123.0565,Private room,2,1 shared bath,1,$75.00,2,FALSE,FALSE,12,4.33,87,2
970341253612692433,2023-12-14,Downtown,49.27989,-123.10864,Entire home/apt,4,1 bath,2,$146.00,2,TRUE,FALSE,14,4.79,17,1
970431967548785720,2023-12-13,Kitsilano,49.25987904643546,-123.14924116442292,Private room,2,1.5 shared baths,1,$68.00,2,TRUE,FALSE,8,4.88,359,2
970439991463445612,2023-12-13,Kensington-Cedar Cottage,49.235,-123.06725,Private room,2,1.5 shared baths,1,$61.00,1,FALSE,TRUE,21,4.67,16,2
970485241341974364,2023-12-14,Renfrew-Collingwood,49.24813645059127,-123.0245450614564,Entire home/apt,8,2 baths,4,$328.00,1,FALSE,TRUE,10,5,210,2
970490564760322489,2023-12-13,Kitsilano,49.26336,-123.1717,Entire home/apt,6,1 bath,3,$161.00,30,FALSE,FALSE,1,5,365,1
970991594242974312,2023-12-13,South Cambie,49.254525456923,-123.11878403979222,Entire home/apt,6,2 baths,3,$200.00,30,FALSE,FALSE,3,4.67,49,9
971124572298908938,2023-12-14,Sunset,49.21489529164872,-123.08938232239552,Entire home/apt,5,1 bath,3,$136.00,1,TRUE,FALSE,10,5,0,1
971174018374776582,2023-12-13,Mount Pleasant,49.26795,-123.10073,Entire home/apt,3,1 bath,2,$142.00,2,TRUE,TRUE,1,5,165,2
971180841745973748,2023-12-13,Mount Pleasant,49.26757758433939,-123.10165929405316,Entire home/apt,3,1 bath,1,$112.00,1,TRUE,FALSE,1,5,165,2
971386714455926023,2023-12-14,Downtown,49.27888429999999,-123.1220715,Entire home/apt,2,1 bath,1,$128.00,30,FALSE,FALSE,0,NA,268,1
971695885376171414,2023-12-14,Downtown,49.2800315805347,-123.1224510081208,Entire home/apt,2,1 bath,1,$155.00,30,TRUE,FALSE,0,4,0,1
971756596407565106,2023-12-14,West End,49.28517,-123.12925,Entire home/apt,2,2 baths,1,$148.00,30,FALSE,TRUE,3,4.33,60,5
971786285653738333,2023-12-14,Downtown,49.27522993776244,-123.12236216324146,Entire home/apt,5,2 baths,3,$160.00,30,FALSE,FALSE,0,NA,263,1
971830068062033706,2023-12-13,Downtown Eastside,49.28027,-123.08492,Entire home/apt,2,1 bath,1,$100.00,2,TRUE,TRUE,0,NA,158,2
971875690768396487,2023-12-14,Downtown Eastside,49.28085567453057,-123.10351385844676,Entire home/apt,4,1 bath,NA,$123.00,1,TRUE,TRUE,21,4.86,58,2
971919051354071528,2023-12-14,Kitsilano,49.25859,-123.15058,Private room,2,1.5 baths,1,$76.00,2,TRUE,FALSE,16,5,0,2
971947481764843330,2023-12-14,Riley Park,49.25521,-123.09039,Entire home/apt,2,1 bath,1,$120.00,1,TRUE,TRUE,1,5,224,2
972233483196671985,2023-12-14,West End,49.28242,-123.12666,Entire home/apt,4,1 bath,1,$140.00,1,FALSE,TRUE,4,4.5,266,1
972436673328558056,2023-12-13,Mount Pleasant,49.26038049092999,-123.07862332904878,Private room,2,1 bath,1,$64.00,7,FALSE,TRUE,2,5,270,8
972444849291136738,2023-12-13,Mount Pleasant,49.25890142070506,-123.08031851596158,Private room,2,1 bath,1,$39.00,1,FALSE,TRUE,1,5,269,8
972471427974985010,2023-12-13,Kensington-Cedar Cottage,49.26183,-123.07532,Private room,2,2 baths,1,$40.00,30,FALSE,TRUE,0,NA,270,19
972579096685582150,2023-12-13,Shaughnessy,49.235410188677,-123.13495571244552,Private room,2,1.5 baths,1,$102.00,2,FALSE,FALSE,1,5,269,2
972589926387643389,2023-12-13,Downtown,49.27414,-123.11596,Entire home/apt,3,1 bath,1,$120.00,20,NA,TRUE,0,NA,265,2
972625418580188008,2023-12-13,Riley Park,49.25315,-123.0916,Private room,2,1 bath,1,$39.00,9,FALSE,TRUE,1,3,270,19
972795377540347513,2023-12-14,Victoria-Fraserview,49.2242743,-123.0770833,Entire home/apt,6,1.5 baths,2,$428.00,1,FALSE,TRUE,1,4,269,3
973092831662691659,2023-12-14,Downtown,49.27463881386133,-123.12783890718433,Entire home/apt,6,2 baths,2,$99.00,1,TRUE,FALSE,16,4.94,0,3
973122291000875655,2023-12-14,Dunbar Southlands,49.23975,-123.17904,Entire home/apt,2,1 bath,1,$75.00,30,TRUE,FALSE,0,NA,137,2
973124767761009965,2023-12-13,Riley Park,49.25321,-123.09163,Private room,2,1 bath,1,$65.00,7,FALSE,TRUE,0,NA,270,19
973174305806036817,2023-12-14,Downtown,49.27913,-123.10852,Private room,1,1 bath,1,$50.00,31,FALSE,FALSE,1,5,269,3
973177102320456491,2023-12-13,Dunbar Southlands,49.24250386226602,-123.17410608298334,Private room,4,1 bath,2,$200.00,1,FALSE,FALSE,0,NA,269,1
973179206514018336,2023-12-13,Victoria-Fraserview,49.21751289096844,-123.07571322790156,Private room,2,1 bath,1,$19.00,30,TRUE,TRUE,2,5,90,8
973258393610061991,2023-12-13,Kitsilano,49.26463,-123.1608,Entire home/apt,2,1 bath,1,$72.00,30,TRUE,FALSE,1,5,249,26
973269063047467526,2023-12-14,Victoria-Fraserview,49.22355,-123.07734,Entire home/apt,2,1 bath,2,$96.00,30,FALSE,FALSE,1,5,216,3
973301434236164769,2023-12-13,Kitsilano,49.26625364090806,-123.16238194102328,Entire home/apt,3,1 bath,2,$132.00,3,FALSE,FALSE,6,4.67,250,1
973307866073484004,2023-12-14,Marpole,49.21516,-123.13692,Entire home/apt,3,1 bath,2,NA,1,TRUE,TRUE,22,4.86,0,1
973394471723371741,2023-12-14,Downtown,49.27654077791747,-123.12793955140268,Entire home/apt,4,1 bath,2,$160.00,30,FALSE,FALSE,0,NA,218,1
973438165463370718,2023-12-13,Marpole,49.21179178882182,-123.14427290766832,Private room,1,1 bath,1,$66.00,6,TRUE,FALSE,3,5,164,4
973492146002968878,2023-12-14,Hastings-Sunrise,49.26826345709312,-123.03038740965955,Entire home/apt,5,1 bath,2,$170.00,1,FALSE,TRUE,2,5,167,2
973900621611515197,2023-12-14,Renfrew-Collingwood,49.24418,-123.02574,Entire home/apt,6,1.5 baths,3,$235.00,1,FALSE,FALSE,1,4,89,1
974033996678481217,2023-12-13,Marpole,49.21313,-123.11805,Private room,1,1 shared bath,1,$70.00,1,FALSE,FALSE,0,NA,229,4
974083230579235982,2023-12-13,Victoria-Fraserview,49.21370996240442,-123.06610696813551,Entire home/apt,8,2 baths,4,$177.00,3,FALSE,FALSE,4,4.75,82,1
974565104288695749,2023-12-14,Downtown,49.279448,-123.107321,Entire home/apt,4,1 bath,2,$127.00,2,TRUE,TRUE,8,4.88,137,2
974588279692695636,2023-12-13,Kitsilano,49.26577,-123.15504,Entire home/apt,2,1 bath,1,$124.00,30,FALSE,TRUE,1,5,260,134
974659889952960285,2023-12-14,Downtown,49.2799059654338,-123.12248647968684,Entire home/apt,2,1 bath,1,$121.00,1,TRUE,FALSE,0,NA,153,2
974672013749002689,2023-12-14,Kensington-Cedar Cottage,49.26165762279314,-123.07491205631152,Entire home/apt,6,2 baths,4,$176.00,2,TRUE,TRUE,11,4.83,0,1
974711405404454245,2023-12-14,West End,49.27844904432422,-123.13044332274244,Entire home/apt,2,1 bath,1,$250.00,1,FALSE,FALSE,4,3.5,191,1
974743913309672707,2023-12-14,West End,49.28618566036925,-123.12433992808762,Entire home/apt,4,1 bath,2,$159.00,2,FALSE,FALSE,4,5,42,1
974927874618009317,2023-12-13,Sunset,49.21767,-123.08967,Private room,2,1 bath,1,$57.00,1,FALSE,TRUE,7,5,174,8
974969332595564245,2023-12-13,Mount Pleasant,49.26849601495911,-123.10981144275696,Entire home/apt,2,1 bath,1,$96.00,30,FALSE,TRUE,0,NA,145,1
975285569647804963,2023-12-14,Downtown,49.27344,-123.12821,Entire home/apt,2,1 bath,1,$125.00,30,FALSE,TRUE,2,5,225,1
975313094714726172,2023-12-13,Fairview,49.26058200023194,-123.13951234064776,Entire home/apt,2,1 bath,1,$108.00,30,FALSE,TRUE,1,5,140,134
975328297167552530,2023-12-13,Mount Pleasant,49.25888,-123.07824,Private room,2,1 bath,1,$41.00,6,FALSE,TRUE,0,NA,270,8
975364489799911593,2023-12-14,Dunbar Southlands,49.23376853193378,-123.20063789628672,Entire home/apt,12,3 baths,7,$780.00,2,FALSE,FALSE,0,NA,265,1
975380501012444513,2023-12-14,Mount Pleasant,49.25873860323038,-123.081900651171,Entire home/apt,4,3.5 baths,3,$225.00,90,FALSE,FALSE,0,NA,365,1
975467003197909572,2023-12-13,Sunset,49.21911922165115,-123.07770287354508,Private room,1,1 shared bath,1,$38.00,30,TRUE,FALSE,2,4.5,335,8
975498770651317857,2023-12-13,Renfrew-Collingwood,49.26154082680527,-123.04384792005862,Entire home/apt,3,1 bath,2,$63.00,2,FALSE,TRUE,4,4.5,7,1
975518183770095358,2023-12-14,Downtown,49.275783310211,-123.1022975828873,Entire home/apt,5,2 baths,2,NA,30,FALSE,FALSE,0,NA,0,1
975550410188927695,2023-12-14,Dunbar Southlands,49.23535321150091,-123.17348860165596,Private room,4,2 shared baths,2,$68.00,2,FALSE,FALSE,12,4.46,0,6
975560008770498517,2023-12-14,West End,49.27915177277514,-123.13138604424172,Entire home/apt,4,1 bath,2,$211.00,1,FALSE,TRUE,1,3,103,3
975585376369346682,2023-12-14,Sunset,49.22,-123.09035,Private room,2,1 shared bath,1,$58.00,1,FALSE,TRUE,10,4.73,0,8
975614034380256893,2023-12-13,Kitsilano,49.26760078270181,-123.18074935764449,Private room,1,1 shared bath,1,$45.00,30,FALSE,FALSE,0,NA,88,5
975658124033380980,2023-12-14,Dunbar Southlands,49.24158881288528,-123.1941909071127,Private room,2,1 private bath,1,$97.00,1,FALSE,TRUE,2,5,0,5
975663902139540331,2023-12-13,Dunbar Southlands,49.24033778141245,-123.19562303358784,Private room,2,1 private bath,1,$89.00,1,FALSE,TRUE,4,4.25,79,5
975669649038301703,2023-12-13,Dunbar Southlands,49.242100958478815,-123.19434111598784,Private room,2,1.5 shared baths,1,$103.00,1,FALSE,TRUE,1,5,90,5
975672348442430166,2023-12-14,Shaughnessy,49.2351413,-123.1392726,Entire home/apt,10,3.5 baths,5,$475.00,3,FALSE,TRUE,0,NA,179,1
975723276668480204,2023-12-13,Grandview-Woodland,49.27037610000001,-123.0707959,Private room,2,1 private bath,1,$92.00,1,FALSE,TRUE,22,4.95,39,1
975995957512179640,2023-12-13,Oakridge,49.22891,-123.11416,Private room,2,1 private bath,2,$66.00,1,FALSE,FALSE,0,NA,31,8
976104892781218480,2023-12-14,Victoria-Fraserview,49.23003901390322,-123.06572414889786,Private room,2,1 private bath,1,$79.00,2,FALSE,TRUE,3,5,285,3
976113356446933223,2023-12-13,Victoria-Fraserview,49.22992250750824,-123.0662381585856,Private room,2,1 private bath,1,$95.00,2,FALSE,TRUE,6,5,339,3
976129941578751168,2023-12-13,Kensington-Cedar Cottage,49.26015,-123.07529,Private room,2,2 baths,1,$41.00,1,FALSE,TRUE,0,NA,270,19
976215610157641295,2023-12-13,Oakridge,49.22923,-123.11623,Private room,2,1 private bath,1,$66.00,1,FALSE,FALSE,0,NA,44,8
976216930852369803,2023-12-13,Oakridge,49.23045,-123.11428,Private room,2,1 private bath,1,$66.00,1,FALSE,FALSE,0,NA,40,8
976255006439000780,2023-12-13,Oakridge,49.23036,-123.11562,Private room,2,1 private bath,1,$66.00,1,FALSE,FALSE,0,NA,45,8
976262118849452336,2023-12-13,Oakridge,49.2285,-123.11638,Private room,2,1 private bath,1,$66.00,1,FALSE,FALSE,0,NA,33,8
976265566342496901,2023-12-14,Renfrew-Collingwood,49.24341695039038,-123.03899318951584,Entire home/apt,3,1 bath,3,$148.00,1,FALSE,FALSE,6,3.5,269,1
976273126562399664,2023-12-13,Dunbar Southlands,49.24029,-123.19577,Private room,2,1.5 baths,1,$162.00,1,FALSE,TRUE,0,NA,65,5
976275653570284612,2023-12-13,Dunbar Southlands,49.24008103419355,-123.19585839653774,Private room,2,1 private bath,1,$117.00,1,FALSE,TRUE,2,5,82,5
976282778777619243,2023-12-13,Oakridge,49.23039387497605,-123.11555192852944,Private room,2,1 private bath,1,$66.00,1,FALSE,FALSE,1,4,44,8
976292156161451541,2023-12-13,Oakridge,49.22913,-123.1142,Private room,2,1 private bath,2,$66.00,1,FALSE,FALSE,2,5,33,8
976323374442198239,2023-12-13,West Point Grey,49.2594,-123.21473,Private room,2,1 private bath,1,$66.00,1,FALSE,TRUE,0,NA,142,6
976345525266505883,2023-12-13,West Point Grey,49.261070242173645,-123.21284057218064,Private room,2,1 shared bath,1,$68.00,1,FALSE,TRUE,0,NA,148,6
976357374389096380,2023-12-13,West Point Grey,49.25970006604499,-123.21475861679744,Private room,2,1 shared bath,1,$66.00,1,FALSE,TRUE,0,NA,144,6
976362401453839525,2023-12-13,West Point Grey,49.25919380541688,-123.21405685480124,Private room,2,1 shared bath,1,$68.00,1,FALSE,TRUE,0,NA,134,6
976373245090380845,2023-12-13,West Point Grey,49.25909342834332,-123.21463577296328,Private room,2,1 private bath,1,$66.00,1,FALSE,TRUE,1,5,110,6
976393774932251397,2023-12-13,Sunset,49.21436,-123.0777,Private room,1,1 shared bath,1,$101.00,30,TRUE,FALSE,2,5,312,9
976419896527311789,2023-12-14,Downtown,49.27771546646184,-123.10844977886656,Entire home/apt,8,2 baths,5,$406.00,1,TRUE,TRUE,14,4.93,67,2
976690204193946966,2023-12-14,Downtown,49.2739,-123.12468,Entire home/apt,6,3 baths,3,$399.00,21,FALSE,TRUE,0,NA,139,1
976817056814722553,2023-12-14,Downtown,49.27965319015596,-123.10625941722478,Private room,1,1 bath,1,$150.00,31,FALSE,FALSE,0,NA,269,3
976821901737383170,2023-12-13,Renfrew-Collingwood,49.25115,-123.05626,Entire home/apt,2,1 bath,1,$69.00,30,FALSE,FALSE,1,5,45,1
977116603717744559,2023-12-13,Arbutus Ridge,49.25178645366445,-123.15878731730706,Entire home/apt,2,1 bath,1,$148.00,2,FALSE,TRUE,8,5,212,1
977453445740235149,2023-12-13,Arbutus Ridge,49.24045759023638,-123.15654587862872,Private room,1,1 bath,1,$103.00,7,TRUE,FALSE,0,NA,179,7
977465184215734078,2023-12-13,Victoria-Fraserview,49.219395457814265,-123.0612789141064,Private room,1,1 bath,1,$60.00,30,FALSE,TRUE,0,NA,90,1
977524592461214096,2023-12-14,Downtown,49.27464349504058,-123.1318493013276,Entire home/apt,4,2 baths,2,NA,30,FALSE,FALSE,0,NA,0,4
977851637745907534,2023-12-14,Downtown,49.2792118,-123.1214803,Entire home/apt,4,1 bath,3,$166.00,30,FALSE,TRUE,0,NA,269,3
977870919442335964,2023-12-14,Downtown Eastside,49.28369566236759,-123.10900781438426,Entire home/apt,4,1 bath,2,$130.00,2,FALSE,TRUE,6,5,152,2
977927462423428701,2023-12-13,West Point Grey,49.2612,-123.20171,Private room,2,1 shared bath,1,$54.00,1,FALSE,TRUE,0,NA,196,18
977940327536550459,2023-12-13,Hastings-Sunrise,49.26976089999999,-123.0478364,Entire home/apt,2,1 bath,1,$96.00,3,TRUE,FALSE,7,5,118,2
978261624521687162,2023-12-14,Mount Pleasant,49.2606906680311,-123.0996450806094,Entire home/apt,2,1 bath,1,$78.00,30,FALSE,TRUE,0,5,0,134
978295577167464754,2023-12-14,Downtown Eastside,49.28279,-123.10487,Entire home/apt,4,1 bath,1,NA,1,FALSE,FALSE,0,NA,179,1
978326620963810661,2023-12-14,Mount Pleasant,49.2676,-123.10077,Entire home/apt,7,1 bath,4,$101.00,1,TRUE,FALSE,20,4.95,0,4
978420294447266345,2023-12-14,Downtown,49.27735942158801,-123.13111376268095,Private room,2,1 shared bath,1,$99.00,1,FALSE,FALSE,10,4.9,136,2
978580075616682783,2023-12-14,Renfrew-Collingwood,49.24096,-123.02484,Entire home/apt,6,2 baths,4,$128.00,30,FALSE,FALSE,0,NA,51,1
978969344911467274,2023-12-13,Marpole,49.21136,-123.11996,Entire home/apt,6,1 bath,3,$170.00,1,FALSE,TRUE,1,4,233,1
979031107446239556,2023-12-14,Downtown,49.27969543103557,-123.1266195073937,Entire home/apt,4,2 baths,2,$279.00,1,FALSE,TRUE,14,4.87,0,2
979100097662007993,2023-12-14,West End,49.282279091628766,-123.1371514770682,Private room,1,1 bath,1,$66.00,30,TRUE,FALSE,0,NA,182,2
979102530545522059,2023-12-13,Downtown,49.27393357156369,-123.11444040884396,Entire home/apt,2,1 bath,1,NA,30,FALSE,FALSE,0,NA,180,1
979115090468996112,2023-12-13,Mount Pleasant,49.26063,-123.1002,Entire home/apt,2,1 bath,1,$90.00,30,FALSE,TRUE,1,5,343,134
979140492311735671,2023-12-14,Downtown Eastside,49.28022,-123.10916,Entire home/apt,5,2 baths,3,$106.00,1,FALSE,FALSE,19,4.95,0,5
979143877431047184,2023-12-14,Downtown,49.27719,-123.12448,Entire home/apt,4,1 bath,2,$130.00,3,NA,FALSE,9,5,0,1
979265346950845617,2023-12-14,Downtown,49.2853077,-123.1182531,Entire home/apt,4,1 bath,1,$170.00,2,FALSE,FALSE,10,4.8,60,4
979302104097472904,2023-12-14,Kensington-Cedar Cottage,49.24153,-123.06017,Entire home/apt,6,2 baths,3,$163.00,1,FALSE,FALSE,8,4.9,0,1
979341909412261520,2023-12-13,West Point Grey,49.26096521067721,-123.20159982469336,Private room,2,1 bath,1,$59.00,1,FALSE,TRUE,0,NA,252,18
979342449975890334,2023-12-14,West Point Grey,49.261141732325946,-123.20323811718268,Private room,2,1 shared bath,2,$71.00,1,FALSE,TRUE,2,4.67,0,18
979623849394679486,2023-12-14,Dunbar Southlands,49.2404,-123.1733,Entire home/apt,10,3.5 baths,6,$423.00,2,FALSE,TRUE,1,5,174,1
979699480365405170,2023-12-14,Kensington-Cedar Cottage,49.23735681805875,-123.07046333295597,Entire home/apt,4,1 bath,3,$146.00,1,FALSE,FALSE,0,NA,325,1
979760194437987249,2023-12-14,Shaughnessy,49.23520828073935,-123.14019898550691,Entire home/apt,8,2 baths,4,$350.00,1,FALSE,TRUE,0,NA,191,2
979777397107226432,2023-12-14,Sunset,49.21456,-123.10046,Entire home/apt,5,1 bath,3,$128.00,30,FALSE,FALSE,1,5,0,4
979869041970406160,2023-12-14,Grandview-Woodland,49.2714282,-123.058349,Entire home/apt,4,2 baths,3,$392.00,2,TRUE,FALSE,0,NA,269,2
979885288817008258,2023-12-13,Kerrisdale,49.228130014083725,-123.14910035580398,Private room,2,1.5 baths,1,$57.00,1,FALSE,TRUE,0,NA,240,9
979911523694843918,2023-12-14,Downtown,49.2853077,-123.1182531,Entire home/apt,2,1 bath,1,$170.00,1,FALSE,FALSE,4,5,0,4
980015973807326153,2023-12-14,Downtown Eastside,49.28396,-123.107,Entire home/apt,6,2 baths,3,$333.00,1,FALSE,FALSE,1,5,247,1
980090150871731665,2023-12-13,Downtown,49.27533529999999,-123.115076,Entire home/apt,2,1 bath,1,$135.00,30,TRUE,FALSE,0,NA,102,5
980119370002622088,2023-12-13,Victoria-Fraserview,49.21215,-123.07554,Entire home/apt,5,1 bath,3,$140.00,30,FALSE,TRUE,4,4.5,18,2
980142285448139208,2023-12-13,Mount Pleasant,49.2686844,-123.1012954,Entire home/apt,5,2 baths,2,$213.00,2,TRUE,FALSE,4,5,156,2
980350432645873328,2023-12-14,Riley Park,49.25533703043123,-123.11082211039457,Entire home/apt,2,1 bath,1,$35.00,1,TRUE,FALSE,13,5,74,3
980372945052153975,2023-12-14,Downtown,49.28498264533503,-123.119335547381,Entire home/apt,4,1 bath,1,$170.00,1,FALSE,FALSE,3,4.67,49,4
980501362739259657,2023-12-14,Victoria-Fraserview,49.22917,-123.07647,Entire home/apt,6,2 baths,3,$45.00,1,FALSE,FALSE,10,4.9,27,6
980634707875364525,2023-12-13,Arbutus Ridge,49.23772,-123.15851,Private room,2,1 private bath,1,$67.00,1,FALSE,TRUE,0,NA,55,7
980635078251944531,2023-12-14,Renfrew-Collingwood,49.2460701,-123.0435484,Entire home/apt,3,1.5 baths,2,$98.00,2,FALSE,FALSE,2,5,69,1
980737567982208289,2023-12-14,Renfrew-Collingwood,49.2335,-123.0459,Entire home/apt,2,1 bath,2,$97.00,2,FALSE,FALSE,4,4.5,154,1
980767963353356719,2023-12-14,West End,49.27849,-123.13528,Private room,1,1 shared bath,1,$115.00,1,FALSE,FALSE,3,5,256,1
980791048017779074,2023-12-13,Kensington-Cedar Cottage,49.255589391852645,-123.08663547944876,Entire home/apt,4,1 bath,2,$185.00,1,FALSE,FALSE,2,5,361,1
980864939397756360,2023-12-14,Riley Park,49.2425,-123.0998,Entire home/apt,2,1 bath,1,$260.00,1,FALSE,TRUE,1,5,43,2
980864939779223209,2023-12-14,Riley Park,49.2425,-123.0998,Entire home/apt,8,3 baths,4,$930.00,1,FALSE,TRUE,0,NA,243,2
980871365948717515,2023-12-14,Hastings-Sunrise,49.2668144,-123.0438818,Entire home/apt,4,1 bath,2,$89.00,2,FALSE,FALSE,8,4.67,0,1
981075391478426955,2023-12-13,Hastings-Sunrise,49.2799555,-123.0348714,Entire home/apt,10,3 baths,5,$312.00,1,FALSE,TRUE,6,5,303,1
981107832682219718,2023-12-14,Downtown Eastside,49.28021397761576,-123.10986890525793,Entire home/apt,2,2 baths,1,$200.00,30,TRUE,FALSE,0,NA,89,4
981146372019876424,2023-12-14,Downtown,49.27867261658283,-123.12475012812207,Entire home/apt,4,1 bath,2,NA,1,FALSE,FALSE,7,4.71,0,1
981398527952621270,2023-12-14,Downtown,49.28094,-123.12602,Entire home/apt,4,1 bath,1,$141.00,30,TRUE,FALSE,0,NA,364,3
981881592306495891,2023-12-14,Kerrisdale,49.22429796285943,-123.15106180457396,Entire home/apt,5,2.5 baths,3,$124.00,30,FALSE,TRUE,0,NA,89,43
981894508939312892,2023-12-14,Downtown,49.28578,-123.11745,Entire home/apt,4,1 bath,1,$139.00,1,FALSE,FALSE,8,5,107,4
981992581267938887,2023-12-14,Downtown,49.273476,-123.1163516,Entire home/apt,2,1 bath,1,$120.00,30,FALSE,FALSE,0,NA,189,42
982005855520458879,2023-12-14,Kensington-Cedar Cottage,49.24233,-123.06479,Entire home/apt,4,2.5 baths,2,$198.00,30,FALSE,FALSE,0,NA,192,2
982059843591575297,2023-12-14,Mount Pleasant,49.2614688,-123.0978682,Entire home/apt,2,1.5 baths,1,$186.00,30,FALSE,FALSE,0,NA,0,1
982187928562212587,2023-12-14,Downtown Eastside,49.2818215,-123.1041773,Entire home/apt,4,1 bath,2,$129.00,1,FALSE,FALSE,3,5,3,1
982724914333587076,2023-12-14,Downtown,49.28646170601512,-123.12426096002449,Entire home/apt,2,1 bath,1,$295.00,30,FALSE,TRUE,0,NA,335,1
982886148849384217,2023-12-14,West End,49.27844624179718,-123.13066140525387,Entire home/apt,2,1 bath,1,$111.00,30,FALSE,FALSE,1,5,69,1
982916826675118074,2023-12-14,Downtown,49.27755324377453,-123.13116128372548,Entire home/apt,2,1 bath,1,$300.00,2,FALSE,FALSE,0,NA,262,2
982947451511227599,2023-12-14,Grandview-Woodland,49.271101230262985,-123.07601799125857,Entire home/apt,4,1 bath,3,$100.00,1,FALSE,FALSE,3,4.67,314,2
983088562561368302,2023-12-14,Kensington-Cedar Cottage,49.2336718,-123.0591527,Entire home/apt,16,5 baths,9,"$1,350.00",2,FALSE,FALSE,1,5,217,3
983273645789371192,2023-12-13,Sunset,49.22160310796632,-123.09394443031488,Private room,2,1 private bath,1,$57.00,1,FALSE,TRUE,6,4.83,71,2
983323697917070885,2023-12-13,Hastings-Sunrise,49.27843320413659,-123.02906169072598,Entire home/apt,2,1 bath,1,$100.00,2,FALSE,FALSE,6,5,149,1
983337507036144310,2023-12-14,Downtown Eastside,49.282,-123.1084,Entire home/apt,5,1 bath,3,$68.00,1,FALSE,FALSE,19,4.58,66,5
983499298634109795,2023-12-14,Downtown Eastside,49.282977164433866,-123.10808401554824,Entire home/apt,2,1 bath,2,$365.00,1,TRUE,FALSE,0,NA,3,1
983502237747316867,2023-12-14,Dunbar Southlands,49.24156029890449,-123.17586675316171,Private room,2,1 private bath,1,$62.00,1,FALSE,TRUE,1,4,89,4
983513924184003904,2023-12-14,Downtown,49.2813248,-123.1240509,Entire home/apt,2,1 bath,1,$111.00,30,FALSE,TRUE,1,5,202,2
983596358949677513,2023-12-13,Dunbar Southlands,49.24295930952885,-123.17477959709464,Private room,2,1 private bath,1,$63.00,1,FALSE,TRUE,0,NA,99,4
983603370673283664,2023-12-14,Dunbar Southlands,49.2428986540197,-123.17468564777153,Private room,4,1 private bath,2,$64.00,1,FALSE,TRUE,1,2.5,0,4
983633507983773067,2023-12-14,Dunbar Southlands,49.2414,-123.17449,Private room,6,3 baths,3,$207.00,1,FALSE,FALSE,0,NA,79,4
983745256648722623,2023-12-13,Marpole,49.21703,-123.10703,Entire home/apt,5,2 baths,3,$128.00,30,FALSE,FALSE,1,5,144,4
984064734036985359,2023-12-13,West Point Grey,49.26031867916189,-123.20648996953418,Private room,2,1 bath,1,$79.00,1,FALSE,FALSE,11,4.82,196,1
984122466402646460,2023-12-14,Kitsilano,49.2632,-123.17948,Entire home/apt,4,1 bath,2,$143.00,30,FALSE,FALSE,0,NA,179,1
984133158881895262,2023-12-13,Riley Park,49.25151,-123.0912,Private room,1,Half-bath,1,$55.00,1,FALSE,FALSE,2,5,171,4
984214498946823412,2023-12-13,Kitsilano,49.26256,-123.15698,Entire home/apt,2,1 bath,1,$151.00,32,FALSE,TRUE,0,NA,180,4
984360729107076795,2023-12-14,Downtown,49.2789101,-123.1079938,Entire home/apt,6,1 bath,2,$199.00,12,FALSE,TRUE,1,5,165,1
985167961387919079,2023-12-13,Renfrew-Collingwood,49.25754,-123.03605,Entire home/apt,4,1 bath,2,$132.00,1,TRUE,FALSE,5,5,336,6
985187428144797676,2023-12-13,Marpole,49.20771209999999,-123.1358523,Private room,1,1 bath,1,$50.00,30,NA,FALSE,0,NA,270,1
985430168426223342,2023-12-13,Oakridge,49.228197805090005,-123.10652263265166,Private room,2,1 bath,1,$55.00,7,TRUE,FALSE,1,5,45,4
985515962168883270,2023-12-14,Sunset,49.21991787150179,-123.08875050193402,Private room,2,1 private bath,1,$64.00,1,FALSE,TRUE,6,5,0,8
985557360850470093,2023-12-13,Sunset,49.21856,-123.09039,Private room,2,1 private bath,1,$58.00,1,FALSE,TRUE,10,4.7,270,8
985561680320077718,2023-12-14,Downtown Eastside,49.2811219,-123.1062678,Entire home/apt,4,1 bath,2,$120.00,1,FALSE,FALSE,24,4.96,37,1
985567354682381122,2023-12-13,Sunset,49.21968,-123.08893,Private room,3,1 private bath,1,$58.00,1,FALSE,TRUE,9,4.67,204,8
985716500423410416,2023-12-13,Grandview-Woodland,49.2695672774688,-123.07440036868124,Entire home/apt,4,1 bath,2,$111.00,1,FALSE,FALSE,14,4.79,325,2
986014557307992377,2023-12-14,Downtown,49.2792813,-123.1065474,Entire home/apt,4,1 bath,2,$119.00,1,FALSE,TRUE,10,5,119,43
986194063240163210,2023-12-14,Kensington-Cedar Cottage,49.23440082203992,-123.06161175017024,Entire home/apt,4,2 baths,2,$180.00,2,FALSE,TRUE,5,5,82,1
986273328824311178,2023-12-13,Downtown,49.27325779902564,-123.1198046116394,Entire home/apt,2,1 bath,1,$199.00,30,TRUE,FALSE,0,NA,200,1
986297669584138529,2023-12-14,Kerrisdale,49.22396670347913,-123.1405466408159,Entire home/apt,6,2 baths,3,$169.00,2,FALSE,FALSE,7,5,245,1
986515754825534706,2023-12-14,Downtown,49.27421178336624,-123.127963474306,Entire home/apt,6,3 baths,3,$350.00,30,TRUE,TRUE,0,NA,36,2
986520508459360335,2023-12-14,Downtown,49.27781951524701,-123.12673207372428,Private room,1,1 bath,1,$144.00,1,FALSE,FALSE,2,5,269,2
986615721167826658,2023-12-14,Hastings-Sunrise,49.26385339785275,-123.04023694852722,Private room,1,1 bath,1,$45.00,30,FALSE,FALSE,0,NA,27,3
987313787581704210,2023-12-14,Downtown,49.27949,-123.11722,Entire home/apt,4,2 baths,2,$194.00,30,FALSE,TRUE,1,5,89,3
987322304187456060,2023-12-14,Downtown,49.27641,-123.12797,Entire home/apt,4,2 baths,2,$200.00,30,FALSE,TRUE,0,NA,89,3
987332790690380385,2023-12-14,Downtown,49.27722,-123.1177,Entire home/apt,3,1 bath,2,$320.00,30,FALSE,TRUE,0,NA,78,3
987561088102095431,2023-12-14,Kensington-Cedar Cottage,49.24355110299699,-123.057681160536,Entire home/apt,4,1 bath,2,$97.00,1,FALSE,FALSE,0,NA,142,10
987727780489177894,2023-12-14,Killarney,49.205,-123.02972,Private room,2,1 private bath,1,NA,30,FALSE,FALSE,0,NA,0,1
987798695736311497,2023-12-14,Victoria-Fraserview,49.2242743,-123.0770833,Private room,4,1 bath,2,$220.00,1,FALSE,FALSE,0,NA,269,3
987882991385912300,2023-12-14,Downtown,49.28085726609777,-123.1261843156238,Entire home/apt,2,1 bath,1,$160.00,30,FALSE,FALSE,0,NA,199,4
987981834285241583,2023-12-14,Downtown Eastside,49.2781168,-123.0995864,Entire home/apt,3,1 bath,2,$136.00,1,FALSE,TRUE,25,5,0,1
988040887225812980,2023-12-14,Hastings-Sunrise,49.26343,-123.03701,Entire home/apt,6,1.5 baths,3,$368.00,3,TRUE,FALSE,0,NA,16,2
988084293034320864,2023-12-14,Kensington-Cedar Cottage,49.24558977467438,-123.05779161572634,Entire home/apt,6,2 baths,4,$153.00,1,FALSE,FALSE,2,4,131,10
988378886878352694,2023-12-14,Killarney,49.2290904,-123.0281432,Entire home/apt,2,1 bath,1,$150.00,1,FALSE,TRUE,1,5,262,2
988393883952722093,2023-12-13,Riley Park,49.25107798660785,-123.10011921961598,Entire home/apt,4,1 bath,2,$142.00,3,TRUE,FALSE,5,5,95,2
988421783294353435,2023-12-14,Downtown,49.28840047837198,-123.1184661597674,Entire home/apt,2,1 bath,1,$123.00,1,TRUE,TRUE,6,5,145,1
988468895195855953,2023-12-14,Downtown Eastside,49.28148739055584,-123.10385086389182,Entire home/apt,2,1 bath,1,$229.00,30,TRUE,TRUE,0,NA,192,2
988505408817590644,2023-12-14,Downtown Eastside,49.28298885563535,-123.1022394926678,Entire home/apt,2,1 bath,1,$270.00,30,TRUE,TRUE,0,NA,154,7
988532047627713512,2023-12-14,Victoria-Fraserview,49.20834012747199,-123.07001077568918,Entire home/apt,3,1 bath,2,$97.00,1,TRUE,TRUE,1,5,0,5
988652996758441490,2023-12-13,Riley Park,49.244034023692485,-123.10084770135737,Private room,4,1.5 shared baths,2,$196.00,30,FALSE,TRUE,0,NA,264,1
988772827456037268,2023-12-14,Oakridge,49.2301462,-123.1069763,Entire home/apt,4,1.5 baths,2,$133.00,1,TRUE,FALSE,3,5,335,6
989075376831474595,2023-12-14,West End,49.28224418276974,-123.12620793138034,Entire home/apt,2,1 bath,1,$132.00,30,FALSE,FALSE,0,NA,167,4
989080912251033247,2023-12-14,Downtown,49.28045640332324,-123.12635905503264,Entire home/apt,2,1 bath,1,$130.00,30,FALSE,FALSE,0,NA,208,4
989281400097097839,2023-12-13,Downtown,49.2746415,-123.1151479,Entire home/apt,2,1 bath,1,$115.00,30,FALSE,FALSE,0,NA,99,42
989359976835722107,2023-12-14,Riley Park,49.24373802711063,-123.094598610716,Entire home/apt,2,1 bath,1,$70.00,4,TRUE,FALSE,2,5,71,3
989416131498746922,2023-12-13,Sunset,49.21648,-123.10442,Entire home/apt,3,1 bath,2,$89.00,30,FALSE,FALSE,0,NA,154,4
989528040636523304,2023-12-14,Sunset,49.22084692648024,-123.10473321962996,Entire home/apt,10,5 baths,5,$599.00,30,FALSE,FALSE,0,NA,117,4
989776083447399183,2023-12-14,Downtown,49.2773,-123.12759,Entire home/apt,4,1 bath,1,NA,30,FALSE,FALSE,0,NA,192,1
989847180255275270,2023-12-13,West Point Grey,49.26424929505056,-123.21052085513628,Entire home/apt,4,1 bath,3,$140.00,30,TRUE,FALSE,0,NA,269,1
989894119463722875,2023-12-14,Victoria-Fraserview,49.231747397962046,-123.05076533617007,Entire home/apt,2,1 bath,1,$125.00,30,TRUE,FALSE,1,5,89,4
989932599272651035,2023-12-14,Grandview-Woodland,49.27053,-123.06965,Entire home/apt,2,1 bath,1,$100.00,2,FALSE,FALSE,5,4.67,0,1
989970247111015350,2023-12-13,Sunset,49.23147,-123.10297,Entire home/apt,4,1.5 baths,2,$177.00,1,FALSE,TRUE,2,5,270,2
989989910237386740,2023-12-14,Downtown,49.278734,-123.1073922,Entire home/apt,4,2 baths,2,$135.00,2,FALSE,FALSE,12,4.92,192,16
990136590089629956,2023-12-14,Downtown,49.2781,-123.10846,Entire home/apt,4,2 baths,2,NA,1,FALSE,FALSE,0,NA,73,1
990160193463660920,2023-12-13,Grandview-Woodland,49.2718818,-123.060595,Entire home/apt,4,1 bath,3,$117.00,1,FALSE,FALSE,3,4.67,112,1
990408754255725542,2023-12-14,Downtown,49.28057724918963,-123.10611339756385,Entire home/apt,4,1 bath,2,$124.00,1,FALSE,FALSE,5,4.67,0,43
990841537567005754,2023-12-14,Oakridge,49.23042881799557,-123.11590996190168,Entire home/apt,15,7 baths,9,$744.00,1,FALSE,FALSE,0,NA,248,8
990864059606499791,2023-12-13,Riley Park,49.25135644288871,-123.09213523505566,Private room,1,1.5 baths,1,$50.00,3,FALSE,FALSE,0,NA,269,4
990944805721089395,2023-12-13,Kitsilano,49.27003034659332,-123.14965054748777,Entire home/apt,3,1 bath,1,$141.00,1,FALSE,FALSE,19,4.63,193,1
991347220342345386,2023-12-13,Victoria-Fraserview,49.23089,-123.07001,Entire home/apt,5,1 bath,2,$123.00,2,FALSE,FALSE,8,4.88,47,1
991411611683715753,2023-12-14,Marpole,49.21396545605945,-123.12508543189723,Entire home/apt,6,2.5 baths,3,$373.00,2,FALSE,FALSE,0,NA,88,1
991527221629416699,2023-12-13,Arbutus Ridge,49.25728074074321,-123.17441697976228,Private room,2,1 private bath,1,$129.00,1,FALSE,FALSE,0,NA,179,1
991534648954293311,2023-12-13,West Point Grey,49.27048,-123.20865,Entire home/apt,8,5.5 baths,5,$734.00,30,TRUE,FALSE,2,5,248,2
991928007451275888,2023-12-14,Downtown,49.27848030000001,-123.1149438,Entire home/apt,3,1 bath,2,$125.00,30,TRUE,FALSE,0,NA,254,11
991997619724355059,2023-12-14,Downtown,49.274813901994,-123.10969645653503,Entire home/apt,10,5 baths,5,$800.00,1,FALSE,FALSE,1,4,176,1
992097956190910605,2023-12-14,Downtown,49.278,-123.11501,Entire home/apt,4,1 bath,1,$293.00,30,FALSE,TRUE,0,NA,362,1
992146594522523663,2023-12-13,Kitsilano,49.26688,-123.15568,Entire home/apt,2,1 bath,1,$65.00,30,TRUE,FALSE,1,5,150,26
992151032621343235,2023-12-13,Kitsilano,49.265302870719765,-123.15567861736292,Entire home/apt,2,1 bath,1,$72.00,30,TRUE,TRUE,0,NA,129,26
992180635524620061,2023-12-13,Kitsilano,49.26283556561621,-123.16228395923004,Entire home/apt,4,1 bath,2,$93.00,30,TRUE,FALSE,0,NA,209,26
992189585223778606,2023-12-13,Fairview,49.26176173140608,-123.14356089289689,Entire home/apt,4,1 bath,2,$104.00,30,TRUE,FALSE,0,NA,99,26
992195569043205092,2023-12-14,Downtown,49.28101,-123.1247,Entire home/apt,2,1 bath,1,$170.00,30,FALSE,FALSE,0,NA,72,1
992197767179647795,2023-12-13,Fairview,49.26089,-123.14304,Entire home/apt,2,1 bath,1,$80.00,30,TRUE,FALSE,0,NA,172,26
992217901200896993,2023-12-14,Downtown Eastside,49.27969,-123.10019,Entire home/apt,4,2 baths,2,$227.00,3,FALSE,FALSE,15,5,0,1
992219351762738324,2023-12-14,Victoria-Fraserview,49.221110233499154,-123.05930065272617,Entire home/apt,14,2.5 baths,8,$499.00,1,FALSE,FALSE,0,NA,252,3
992395916483989349,2023-12-13,Kitsilano,49.26347504761133,-123.17198960750976,Entire home/apt,6,1 bath,3,$163.00,30,FALSE,FALSE,0,NA,216,1
992780875974912327,2023-12-14,Shaughnessy,49.23797273421377,-123.13838546817676,Entire home/apt,4,1 bath,2,$127.00,1,NA,TRUE,8,4.63,73,1
992836863011080983,2023-12-14,Renfrew-Collingwood,49.23729900000001,-123.0263601,Entire home/apt,8,3.5 baths,4,$361.00,2,FALSE,FALSE,4,5,312,1
992954203907359415,2023-12-13,Marpole,49.21799715799669,-123.14258136425828,Private room,2,2 baths,1,$95.00,30,FALSE,FALSE,4,5,90,1
993247967164261497,2023-12-14,Downtown,49.27981,-123.10668,Entire home/apt,4,1 bath,2,$114.00,1,FALSE,TRUE,7,4.71,120,43
993480845146861613,2023-12-13,Victoria-Fraserview,49.21925,-123.05645,Private room,2,1.5 shared baths,1,$95.00,1,TRUE,FALSE,3,5,18,1
993486881056803517,2023-12-14,Downtown,49.276,-123.12859,Entire home/apt,2,1 bath,1,$146.00,7,FALSE,FALSE,3,5,252,1
993492175082242865,2023-12-13,Kitsilano,49.26538206944151,-123.16244202810611,Entire home/apt,6,3.5 baths,3,$395.00,2,FALSE,TRUE,6,5,37,134
993523037770138586,2023-12-13,Mount Pleasant,49.26858,-123.10377,Entire home/apt,4,1 bath,1,$120.00,28,FALSE,FALSE,1,4,241,1
993540704856681174,2023-12-14,Mount Pleasant,49.25828933524362,-123.07983378717566,Private room,2,1 bath,1,$20.00,30,FALSE,TRUE,0,NA,269,6
993611972112306836,2023-12-14,Downtown,49.2821356399858,-123.11571968291696,Private room,1,Half-bath,1,$75.00,30,FALSE,FALSE,0,NA,269,3
993707118462946291,2023-12-13,Oakridge,49.22384599001915,-123.12549840522544,Private room,4,1 bath,2,$999.00,1,FALSE,TRUE,0,NA,270,11
993809534124159429,2023-12-14,West End,49.28229,-123.12878,Private room,1,1 bath,1,$70.00,30,FALSE,FALSE,0,NA,218,1
993815278064103878,2023-12-13,Mount Pleasant,49.2653542,-123.0997137,Entire home/apt,3,1 bath,2,$110.00,1,FALSE,FALSE,10,5,126,1
994035729138066574,2023-12-14,West End,49.28868004937971,-123.13075006238404,Entire home/apt,2,1 bath,1,$140.00,30,TRUE,FALSE,0,NA,217,3
994200002533302727,2023-12-14,Downtown Eastside,49.28197626575592,-123.10579359110866,Entire home/apt,4,1 bath,1,$100.00,1,FALSE,TRUE,7,4.86,256,1
994372673953366075,2023-12-14,Downtown Eastside,49.28052907451769,-123.1011185417524,Entire home/apt,4,2 baths,2,$166.00,2,FALSE,FALSE,7,4.88,0,1
994435127094813417,2023-12-14,Sunset,49.2227039,-123.0915364,Entire home/apt,6,2.5 baths,3,$247.00,2,FALSE,TRUE,4,4.5,260,1
994465002320306037,2023-12-13,Strathcona,49.26971896071691,-123.10014644399008,Entire home/apt,4,1 bath,2,$132.00,1,FALSE,TRUE,1,3,202,11
994476844630792759,2023-12-14,Downtown,49.27301956662664,-123.12672978720909,Entire home/apt,2,1 bath,1,$108.00,214,FALSE,FALSE,0,NA,267,1
994579254207808808,2023-12-14,Shaughnessy,49.23674,-123.13999,Private room,4,1 bath,2,$109.00,1,FALSE,TRUE,2,4,241,2
994904719094409277,2023-12-14,Hastings-Sunrise,49.26209,-123.04,Entire home/apt,3,1 bath,2,$81.00,3,TRUE,FALSE,1,5,104,2
994994789876450840,2023-12-13,Mount Pleasant,49.26439,-123.09876,Entire home/apt,4,1 bath,1,$257.00,3,TRUE,FALSE,2,4.5,92,3
995120739216133478,2023-12-13,South Cambie,49.25407,-123.11719,Entire home/apt,4,1 bath,2,$88.00,30,FALSE,TRUE,0,NA,153,1
995196087341251849,2023-12-14,Downtown,49.27777199535159,-123.11900658638748,Entire home/apt,4,2 baths,3,$500.00,2,FALSE,FALSE,1,5,302,1
995221289479748306,2023-12-13,Renfrew-Collingwood,49.23491,-123.0327,Private room,2,1 shared bath,1,$150.00,1,FALSE,FALSE,2,5,71,1
995269492355917767,2023-12-14,Downtown,49.28005709287161,-123.12302889630828,Entire home/apt,4,1 bath,2,NA,1,FALSE,FALSE,3,4.33,0,1
995278058722508639,2023-12-14,Downtown,49.28091982969824,-123.12631191628525,Entire home/apt,5,2 baths,2,$179.00,1,FALSE,FALSE,1,5,9,1
995374862815981367,2023-12-14,Sunset,49.22564269414478,-123.08530023532316,Entire home/apt,5,2 baths,3,$186.00,2,FALSE,FALSE,2,5,209,1
995559772678579308,2023-12-14,Downtown,49.28094,-123.11421,Entire home/apt,2,1 bath,1,$133.00,1,FALSE,FALSE,7,5,0,1
995608151390560673,2023-12-13,Killarney,49.22791089126197,-123.02905830753116,Entire home/apt,2,1 bath,1,$160.00,1,FALSE,TRUE,0,NA,286,2
995621102835223919,2023-12-13,Mount Pleasant,49.25841300567189,-123.0994894606621,Entire home/apt,2,1 bath,1,$66.00,30,FALSE,TRUE,1,4,346,134
995682137802607236,2023-12-14,Downtown,49.27900666268695,-123.10928745646524,Entire home/apt,4,2 baths,2,$191.00,1,FALSE,TRUE,1,5,0,1
995845697346080403,2023-12-13,Kerrisdale,49.22708025777706,-123.15786022221673,Private room,4,1 bath,2,$999.00,1,FALSE,FALSE,0,NA,269,1
995874111034944984,2023-12-14,Downtown,49.27927,-123.11764,Entire home/apt,8,3 baths,3,$227.00,2,FALSE,TRUE,2,5,202,2
995880456862146969,2023-12-14,West End,49.28753,-123.1311,Entire home/apt,2,1 bath,1,$120.00,1,FALSE,TRUE,14,4.87,0,2
995909075819284202,2023-12-14,Downtown,49.2746415,-123.1151479,Entire home/apt,4,1 bath,2,$120.00,30,FALSE,FALSE,0,NA,333,1
995975121236852447,2023-12-14,Marpole,49.2123666,-123.1284158,Entire home/apt,2,1 bath,1,$112.00,1,FALSE,FALSE,1,5,0,1
995998637395824376,2023-12-14,Downtown,49.2853077,-123.1182531,Private room,2,1 private bath,1,$133.00,1,TRUE,TRUE,0,NA,178,1
996429589773324315,2023-12-13,Sunset,49.22112668859035,-123.09394743119456,Private room,2,1.5 shared baths,1,$51.00,1,FALSE,TRUE,4,4.5,63,2
996513617663159046,2023-12-14,Sunset,49.22395677726958,-123.10444652887682,Entire home/apt,6,2 baths,3,$40.00,1,TRUE,FALSE,7,5,69,3
996584173231072563,2023-12-14,Downtown,49.28073357417941,-123.12379732786972,Entire home/apt,4,1 bath,2,$174.00,1,FALSE,FALSE,13,4.92,28,1
996726509410904870,2023-12-14,South Cambie,49.25045,-123.11646,Entire home/apt,4,2 baths,2,$200.00,28,FALSE,FALSE,0,NA,89,2
997243378260024440,2023-12-13,Sunset,49.22496,-123.09952,Private room,2,1 bath,1,$110.00,1,FALSE,TRUE,0,NA,88,7
997272482343699544,2023-12-14,Hastings-Sunrise,49.28846,-123.05485,Entire home/apt,8,4 baths,5,NA,4,TRUE,FALSE,0,NA,0,2
997354568589681655,2023-12-13,South Cambie,49.24813049521117,-123.11588656157254,Private room,2,1 bath,1,$95.00,1,TRUE,FALSE,7,4.71,185,2
997445598498796546,2023-12-14,Downtown,49.27381921145305,-123.1199869283689,Entire home/apt,4,1 bath,2,$260.00,14,FALSE,FALSE,1,1,0,1
997766822707863016,2023-12-14,Riley Park,49.2492,-123.11483,Entire home/apt,4,4.5 baths,3,$395.00,30,FALSE,FALSE,0,NA,267,1
997857095134057758,2023-12-14,Downtown Eastside,49.283750994433326,-123.10424265188756,Entire home/apt,2,1 bath,1,$107.00,30,FALSE,FALSE,0,NA,129,1
998574105131230683,2023-12-14,Downtown,49.2771293,-123.1286393,Entire home/apt,4,2 baths,2,$169.00,30,FALSE,FALSE,0,NA,92,1
998633217297969735,2023-12-13,Grandview-Woodland,49.27046,-123.07589,Private room,2,1.5 baths,1,$150.00,3,FALSE,FALSE,0,NA,297,1
998678674679326156,2023-12-14,Kensington-Cedar Cottage,49.24614,-123.05712,Entire home/apt,4,1 bath,2,$126.00,2,TRUE,FALSE,6,4.83,16,5
998731911508631217,2023-12-14,Renfrew-Collingwood,49.2334630416653,-123.02859125774368,Entire home/apt,6,1 bath,3,$135.00,1,FALSE,TRUE,1,5,339,1
998810634627288225,2023-12-14,Downtown,49.277858000622615,-123.1092522737702,Entire home/apt,6,2 baths,3,$266.00,7,FALSE,TRUE,1,5,223,1
998935696435191173,2023-12-14,Oakridge,49.22487688333826,-123.11764875820396,Entire home/apt,2,1 bath,1,$125.00,2,FALSE,TRUE,0,NA,17,2
999302847719165315,2023-12-13,Killarney,49.2065,-123.03016,Entire home/apt,5,2 baths,3,$99.00,30,FALSE,TRUE,0,NA,227,134
999404391364888660,2023-12-14,Marpole,49.20446,-123.14211,Entire home/apt,3,1 bath,1,$150.00,30,FALSE,TRUE,0,NA,269,1
999464772741113053,2023-12-13,Dunbar Southlands,49.23796412754354,-123.1840610418084,Private room,4,2 baths,2,$300.00,1,FALSE,FALSE,0,NA,269,2
999621461055442834,2023-12-13,Renfrew-Collingwood,49.25190737494194,-123.03470782995517,Private room,1,1 shared bath,1,$42.00,30,FALSE,FALSE,0,NA,100,6
999878896861650743,2023-12-14,Kerrisdale,49.23019,-123.14222,Private room,2,1 bath,1,$58.00,30,TRUE,FALSE,0,NA,15,4
999954454346118627,2023-12-14,Marpole,49.20871723030312,-123.13920371450556,Entire home/apt,8,1 bath,5,$157.00,2,FALSE,TRUE,3,5,46,1
1000013089813316590,2023-12-14,West End,49.28892,-123.13395,Entire home/apt,6,1 bath,3,NA,30,TRUE,TRUE,13,4.46,0,3
1000022595235401757,2023-12-14,Downtown,49.27839,-123.12766,Entire home/apt,3,1 bath,1,$299.00,1,FALSE,FALSE,0,NA,88,2
1000040620313412554,2023-12-14,Dunbar Southlands,49.23297027366479,-123.18460335551592,Entire home/apt,4,1 bath,3,$165.00,2,FALSE,FALSE,0,NA,70,1
1000046811446202790,2023-12-14,Downtown,49.27926344174279,-123.11941076957052,Entire home/apt,5,2.5 baths,3,$191.00,2,FALSE,TRUE,0,NA,265,2
1000078195635658573,2023-12-14,Arbutus Ridge,49.2524226,-123.1565967,Entire home/apt,8,4 baths,4,$280.00,2,FALSE,FALSE,0,NA,165,1
1000083268058981890,2023-12-14,Downtown Eastside,49.2818215,-123.1041773,Entire home/apt,4,1 bath,NA,$175.00,2,FALSE,TRUE,3,4.5,0,1
1000115215135815392,2023-12-14,Downtown Eastside,49.283951825053045,-123.10767311960096,Entire home/apt,4,1 bath,2,$150.00,1,FALSE,FALSE,4,4.67,0,1
1000199604156422090,2023-12-14,Kerrisdale,49.22796,-123.16394,Entire home/apt,2,1 bath,1,$150.00,30,FALSE,FALSE,0,NA,269,1
1000209688230916748,2023-12-13,Downtown,49.29301,-123.1297,Private room,2,1 shared bath,2,$25.00,28,FALSE,TRUE,0,NA,222,4
1000252377362444636,2023-12-14,Downtown,49.27435429254509,-123.13037705080744,Entire home/apt,4,2 baths,2,$227.00,30,FALSE,FALSE,0,NA,269,2
1000292418610835657,2023-12-14,Riley Park,49.24021051875208,-123.09619324240604,Entire home/apt,2,1 bath,1,$87.00,30,FALSE,FALSE,0,NA,70,1
1000295237113501106,2023-12-14,Downtown,49.28034217438497,-123.1205225307358,Entire home/apt,4,1 bath,1,$205.00,2,FALSE,FALSE,6,4.83,202,1
1000306248865065254,2023-12-14,West End,49.28629,-123.12578,Entire home/apt,5,2 baths,3,$236.00,30,FALSE,FALSE,0,NA,89,1
1000324087869073174,2023-12-13,Victoria-Fraserview,49.20926,-123.06807,Private room,2,1 shared bath,1,$73.00,1,TRUE,FALSE,0,NA,25,5
1000339012189364320,2023-12-13,Victoria-Fraserview,49.20790145154805,-123.0702712587512,Private room,2,1 bath,1,$76.00,1,TRUE,FALSE,2,5,26,5
1000727096487034185,2023-12-13,Riley Park,49.25241162778436,-123.1142285213708,Entire home/apt,2,1 bath,2,$76.00,2,TRUE,TRUE,0,NA,139,5
1000876439117206130,2023-12-14,Downtown,49.28929567940555,-123.12746807767138,Entire home/apt,5,2 baths,2,$259.00,90,FALSE,FALSE,0,NA,268,1
1001237630871589276,2023-12-13,Mount Pleasant,49.26644738801489,-123.09763334321823,Entire home/apt,2,1 bath,1,$110.00,30,FALSE,FALSE,0,NA,148,1
1001446135728360436,2023-12-14,Marpole,49.20991222279176,-123.1276100926623,Entire home/apt,6,2.5 baths,3,$169.00,2,FALSE,TRUE,1,4,80,4
1001468830140493645,2023-12-14,Oakridge,49.22405,-123.10666,Entire home/apt,8,1 bath,4,$51.00,1,FALSE,FALSE,5,5,49,3
1001492430877240973,2023-12-14,Downtown,49.2784993,-123.1178507,Entire home/apt,4,2 baths,2,$150.00,30,FALSE,FALSE,0,NA,101,42
1001536226441786152,2023-12-14,Grandview-Woodland,49.27537,-123.06498,Entire home/apt,2,1 bath,2,$99.00,1,FALSE,FALSE,6,5,0,1
1001635275947278007,2023-12-14,Hastings-Sunrise,49.27691,-123.0497,Entire home/apt,4,1 bath,2,$129.00,90,FALSE,FALSE,0,NA,219,1
1001668494313338968,2023-12-14,Downtown,49.27922,-123.10946,Entire home/apt,4,1 bath,2,$220.00,30,FALSE,FALSE,0,NA,179,2
1001788258216644078,2023-12-14,Downtown,49.278591206685206,-123.1283441856625,Entire home/apt,4,1 bath,1,"$2,400.00",1,FALSE,TRUE,0,NA,58,1
1002027070282028247,2023-12-14,Downtown,49.2792118,-123.1214803,Entire home/apt,4,1 bath,2,$115.00,3,TRUE,FALSE,3,3.33,21,21
1002217791050346010,2023-12-14,Downtown,49.28738120000001,-123.1237839,Entire home/apt,2,1 bath,1,$169.00,30,FALSE,FALSE,0,NA,269,1
1002234610901047961,2023-12-13,Shaughnessy,49.234710849462,-123.15270895043524,Private room,2,1 shared bath,1,$68.00,1,FALSE,FALSE,3,5,99,3
1002265413441825330,2023-12-14,Downtown,49.2802926462234,-123.12628879819914,Entire home/apt,2,1 bath,1,$131.00,2,FALSE,FALSE,3,4.67,74,1
1002278626898556246,2023-12-13,Kitsilano,49.273,-123.15039,Entire home/apt,1,1 bath,1,$99.00,30,FALSE,FALSE,0,NA,161,1
1002365963477144839,2023-12-14,Victoria-Fraserview,49.22687309961468,-123.05459991472736,Entire home/apt,2,1 bath,1,$70.00,1,FALSE,FALSE,3,5,252,1
1002508074598632544,2023-12-14,Downtown Eastside,49.2781168,-123.0995864,Entire home/apt,3,1 bath,2,$164.00,2,TRUE,TRUE,3,5,130,5
1002529032812002102,2023-12-14,West End,49.28891,-123.12963,Entire home/apt,4,3 baths,2,$250.00,180,FALSE,TRUE,0,NA,269,1
1003100579293354945,2023-12-14,Downtown,49.27969,-123.12237,Entire home/apt,2,1 bath,2,$208.00,1,FALSE,TRUE,4,4,2,2
1003172351600699044,2023-12-13,Sunset,49.22301,-123.1008,Private room,2,2 shared baths,1,$60.00,1,FALSE,TRUE,1,4,89,7
1003224578872304385,2023-12-14,Downtown Eastside,49.2811219,-123.1062678,Entire home/apt,4,1 bath,2,$39.00,2,TRUE,FALSE,0,NA,77,5
1003589828492405990,2023-12-14,Shaughnessy,49.2356631730793,-123.15277852354475,Private room,2,1 shared bath,2,$58.00,1,FALSE,FALSE,1,5,94,3
1003646005586164563,2023-12-13,Fairview,49.26186353993439,-123.13211329580768,Entire home/apt,2,1 bath,1,$66.00,30,FALSE,TRUE,0,NA,251,134
1003700006660801128,2023-12-13,Mount Pleasant,49.26154321653422,-123.10416257173482,Entire home/apt,2,1 bath,1,$99.00,30,FALSE,TRUE,0,NA,226,134
1003745090356162116,2023-12-14,Downtown,49.27814,-123.10688,Entire home/apt,5,2 baths,1,$305.00,1,FALSE,FALSE,2,5,173,1
1003834433092304783,2023-12-14,Downtown Eastside,49.27952440191378,-123.10556434612931,Entire home/apt,6,2 baths,3,$148.00,1,FALSE,TRUE,4,4.5,105,43
1003875191037916084,2023-12-14,Renfrew-Collingwood,49.23773,-123.0305,Entire home/apt,5,2 baths,4,$212.00,3,FALSE,FALSE,0,NA,71,2
1003899985354967815,2023-12-13,Sunset,49.22481225841533,-123.10024275864166,Private room,2,2 baths,2,$68.00,1,FALSE,TRUE,0,NA,90,7
1003964021710009132,2023-12-14,Downtown Eastside,49.28022150499026,-123.1056631133736,Entire home/apt,4,1 bath,1,$96.00,30,FALSE,TRUE,0,NA,209,1
1004062408737719634,2023-12-13,Oakridge,49.22072979950166,-123.11691260220286,Entire home/apt,4,2 baths,2,$128.00,2,TRUE,TRUE,0,NA,169,1
1004283782586351397,2023-12-14,Hastings-Sunrise,49.28097,-123.0556,Entire home/apt,4,3 baths,2,$120.00,30,TRUE,FALSE,0,NA,0,1
1004407879075067662,2023-12-14,Marpole,49.21386671714277,-123.12843759078136,Entire home/apt,4,1 bath,2,$126.00,1,FALSE,FALSE,9,5,149,1
1004530832912875377,2023-12-14,Kerrisdale,49.218746033207694,-123.14995770528527,Entire home/apt,4,2 baths,2,NA,1,FALSE,FALSE,0,NA,74,1
1004997299136858351,2023-12-13,Renfrew-Collingwood,49.25309727084935,-123.03375552853306,Private room,2,1 bath,1,$70.00,30,FALSE,FALSE,0,NA,100,6
1005041123681797557,2023-12-14,Downtown Eastside,49.28357,-123.10257,Entire home/apt,2,1 bath,1,$300.00,30,TRUE,TRUE,0,NA,139,2
1005045176556390937,2023-12-13,Kitsilano,49.26612328949828,-123.15531971383744,Entire home/apt,2,1 bath,1,$76.00,30,FALSE,TRUE,1,4,313,134
1005127756836305885,2023-12-13,Downtown,49.2749955,-123.1223163,Entire home/apt,2,1.5 baths,1,NA,30,FALSE,FALSE,0,NA,87,1
1005160061766890596,2023-12-14,Kensington-Cedar Cottage,49.24398,-123.08136,Entire home/apt,4,1.5 baths,2,$280.00,2,TRUE,FALSE,0,NA,1,3
1005160515978590346,2023-12-14,Mount Pleasant,49.26158124033017,-123.10011669239732,Entire home/apt,3,1 bath,2,$68.00,1,FALSE,FALSE,6,5,74,3
1005663281001463884,2023-12-13,Kitsilano,49.27628552300533,-123.14984269578704,Private room,2,2 shared baths,2,$104.00,1,FALSE,FALSE,15,4.93,99,3
1005713969110960909,2023-12-14,Arbutus Ridge,49.23791600366419,-123.15962786894208,Entire home/apt,5,1 bath,3,$99.00,1,FALSE,TRUE,1,5,29,10
1005769316812466951,2023-12-14,Oakridge,49.22557,-123.12938,Entire home/apt,6,2 baths,3,$250.00,2,FALSE,FALSE,1,5,258,1
1005792608004496986,2023-12-14,Hastings-Sunrise,49.27493,-123.04013,Entire home/apt,3,1 bath,2,$109.00,30,NA,FALSE,0,NA,179,4
1005833820418642468,2023-12-14,Mount Pleasant,49.26033,-123.09694,Entire home/apt,4,2 baths,3,$169.00,30,TRUE,TRUE,0,NA,4,6
1005919807475125629,2023-12-14,Downtown Eastside,49.28226,-123.08388,Entire home/apt,2,1 bath,1,$104.00,2,FALSE,FALSE,6,5,164,1
1005919947752546103,2023-12-14,Downtown,49.278734,-123.1073922,Entire home/apt,5,2 baths,3,$199.00,1,FALSE,FALSE,2,5,73,2
1005954129507542549,2023-12-14,Renfrew-Collingwood,49.243263348346936,-123.0290298100618,Entire home/apt,2,1 bath,1,$109.00,2,FALSE,FALSE,12,4.85,0,1
1005975087843177268,2023-12-14,Oakridge,49.22259379796327,-123.13779845894804,Entire home/apt,4,1.5 baths,2,NA,3,FALSE,TRUE,2,4,0,1
1005994461176931154,2023-12-14,Dunbar Southlands,49.23626,-123.18194,Entire home/apt,8,2.5 baths,4,$549.00,3,TRUE,TRUE,1,5,75,1
1006019824410138992,2023-12-13,Sunset,49.21421,-123.10526,Entire home/apt,2,1 bath,1,$82.00,30,FALSE,FALSE,1,5,191,1
1006111949856415760,2023-12-13,Downtown,49.27483792210768,-123.10248545024636,Entire home/apt,8,2 baths,4,$181.00,30,FALSE,FALSE,0,NA,269,1
1006158271672848672,2023-12-13,Kitsilano,49.26719700466305,-123.16716298993968,Entire home/apt,2,1 bath,1,$155.00,3,FALSE,FALSE,1,5,184,1
1006160919949449613,2023-12-14,Sunset,49.21221629999999,-123.0864857,Private room,2,1 bath,1,$83.00,1,TRUE,FALSE,0,NA,167,1
1006161482028441543,2023-12-14,Downtown,49.27687570000001,-123.1272035,Entire home/apt,4,1 bath,2,$159.00,1,FALSE,FALSE,2,3,90,1
1006419844395798594,2023-12-13,Oakridge,49.2256109,-123.1212093,Private room,1,1 bath,1,$70.00,1,FALSE,TRUE,0,NA,204,20
1006532730540936312,2023-12-14,Downtown,49.288778724825264,-123.12428705859332,Entire home/apt,4,2.5 baths,2,$170.00,30,FALSE,TRUE,0,NA,215,134
1006588705881468751,2023-12-13,Grandview-Woodland,49.27753149611148,-123.06346718476571,Entire home/apt,6,2.5 baths,3,NA,10,FALSE,FALSE,0,NA,54,1
1006621523563827818,2023-12-13,Kitsilano,49.26519730469256,-123.15619630286147,Entire home/apt,4,1 bath,2,$104.00,30,TRUE,FALSE,0,NA,225,26
1006711802498860008,2023-12-14,Downtown,49.27852376761411,-123.10931538626912,Entire home/apt,6,2 baths,NA,$180.00,2,FALSE,FALSE,1,5,76,1
1006767958834714212,2023-12-14,Downtown,49.280627526435424,-123.1248984275289,Entire home/apt,4,1 bath,2,NA,1,FALSE,FALSE,0,NA,49,1
1006782164740087079,2023-12-13,Riley Park,49.23763,-123.1129,Entire home/apt,3,1 bath,1,$128.00,1,FALSE,TRUE,0,NA,237,1
1006936168438441608,2023-12-13,West Point Grey,49.26817953097324,-123.20392705500127,Private room,2,2 baths,1,$110.00,1,FALSE,FALSE,0,NA,269,1
1007409156300819599,2023-12-13,Killarney,49.22952507297958,-123.025908196916,Entire home/apt,4,1 bath,2,$71.00,2,TRUE,FALSE,4,5,117,3
1007924936524054178,2023-12-14,Marpole,49.20924742334718,-123.1428430573408,Entire home/apt,5,1 bath,2,$91.00,1,FALSE,TRUE,8,4.38,224,1
1008338158960800687,2023-12-14,Renfrew-Collingwood,49.23955,-123.04745,Entire home/apt,6,3 baths,3,$241.00,1,FALSE,TRUE,0,NA,90,2
1008354011285853554,2023-12-13,Fairview,49.26506083382103,-123.14293573770554,Entire home/apt,2,1 bath,1,NA,30,FALSE,FALSE,0,NA,269,1
1008718595001198656,2023-12-14,Downtown,49.27906979259672,-123.10958642181662,Entire home/apt,8,2.5 baths,5,"$1,299.00",2,FALSE,TRUE,0,NA,356,3
1008752347711818081,2023-12-14,West End,49.28234478979729,-123.1342781694404,Entire home/apt,2,1 bath,1,$180.00,30,FALSE,FALSE,0,NA,143,9
1008761445676838567,2023-12-14,Marpole,49.20781339330711,-123.13342693102652,Entire home/apt,4,1 bath,2,$104.00,6,TRUE,FALSE,1,5,203,1
1008766486346165122,2023-12-14,West End,49.28429557603571,-123.13628611962984,Entire home/apt,2,1 bath,1,$200.00,30,FALSE,FALSE,0,NA,143,9
1008917269256424878,2023-12-13,Marpole,49.20983265362327,-123.1215359780001,Entire home/apt,10,4 baths,5,$240.00,2,FALSE,TRUE,0,NA,45,2
1009392766129570885,2023-12-14,Sunset,49.227938572918426,-123.0947056529332,Entire home/apt,6,1.5 baths,4,$96.00,1,FALSE,FALSE,5,4.8,61,1
1009495033736759778,2023-12-14,Kensington-Cedar Cottage,49.25812864775635,-123.06990633274984,Entire home/apt,5,2.5 baths,3,$190.00,7,FALSE,TRUE,0,NA,164,2
1009518790983177244,2023-12-13,Mount Pleasant,49.26111958529193,-123.0981993315587,Entire home/apt,2,1 bath,1,$51.00,30,FALSE,TRUE,0,NA,194,134
1009612225332715413,2023-12-13,Kitsilano,49.27589076811246,-123.1510681306822,Private room,2,2 shared baths,2,$100.00,1,FALSE,TRUE,15,4.8,66,3
1009612774581408171,2023-12-13,Kitsilano,49.27614,-123.14936,Private room,2,2 shared baths,1,$104.00,1,FALSE,FALSE,13,4.15,90,3
1009661423646818476,2023-12-14,Downtown,49.28664,-123.12314,Private room,1,1 shared bath,1,$85.00,30,TRUE,FALSE,0,NA,269,4
1009672862304504296,2023-12-14,West End,49.28839,-123.12996,Entire home/apt,6,2 baths,3,$208.00,30,FALSE,TRUE,2,3.5,1,5
1009772778271515644,2023-12-13,Sunset,49.21369959864374,-123.07839235931505,Entire home/apt,6,3.5 baths,3,$169.00,2,FALSE,TRUE,2,5,64,4
1010090125316250595,2023-12-14,Downtown,49.281896320961785,-123.12422446169164,Entire home/apt,4,2 baths,2,$128.00,30,FALSE,FALSE,0,NA,226,1
1010284542676038926,2023-12-13,Victoria-Fraserview,49.2287398,-123.0659539,Entire home/apt,6,2 baths,3,$80.00,2,FALSE,FALSE,6,5,110,1
1010285265621837763,2023-12-13,Kensington-Cedar Cottage,49.25281535611488,-123.05938673253924,Entire home/apt,4,1 bath,2,$111.00,30,FALSE,FALSE,0,NA,161,1
1010288345245936733,2023-12-14,Downtown Eastside,49.28326443153195,-123.10888616368176,Entire home/apt,6,2 baths,3,$187.00,1,FALSE,FALSE,6,5,52,1
1010336745682005511,2023-12-14,Downtown Eastside,49.28202,-123.10844,Entire home/apt,4,1 bath,2,$187.00,1,TRUE,TRUE,8,4.88,98,8
1010341736303527888,2023-12-14,Downtown,49.27895315349674,-123.12510446837332,Entire home/apt,4,1 bath,2,NA,1,FALSE,FALSE,0,NA,45,1
1010362557761649112,2023-12-14,Downtown,49.27984,-123.12502,Entire home/apt,4,1 bath,2,NA,1,FALSE,FALSE,0,NA,43,1
1010372474398062510,2023-12-14,Downtown,49.27892,-123.12479,Entire home/apt,4,1 bath,3,$145.00,1,FALSE,FALSE,0,NA,43,1
1010373029610726119,2023-12-14,Downtown,49.2785351,-123.1198006,Entire home/apt,4,2 baths,2,$217.00,1,FALSE,TRUE,2,5,40,1
1010375550025535919,2023-12-14,Downtown Eastside,49.28248097150582,-123.10900887125796,Entire home/apt,4,1 bath,2,$160.00,1,TRUE,TRUE,6,4.83,50,8
1010393023974892704,2023-12-14,Downtown,49.28052031726085,-123.10773709784044,Entire home/apt,4,1.5 baths,2,$200.00,30,FALSE,TRUE,0,NA,269,1
1010575868347387219,2023-12-13,Kitsilano,49.25834,-123.18087,Entire home/apt,6,1 bath,3,$110.00,2,FALSE,TRUE,0,NA,77,1
1010587152461656602,2023-12-14,West End,49.2856957,-123.1237629,Entire home/apt,4,2.5 baths,2,"$2,000.00",1,FALSE,FALSE,0,NA,269,1
1010953851934743611,2023-12-13,Riley Park,49.24854,-123.1018,Entire home/apt,2,1 bath,1,$105.00,30,TRUE,FALSE,0,NA,162,1
1010967146183643694,2023-12-13,Grandview-Woodland,49.27668,-123.06887,Entire home/apt,4,1 bath,3,$336.00,2,FALSE,FALSE,0,NA,269,1
1010989071043007236,2023-12-14,Arbutus Ridge,49.2574967,-123.1778547,Shared room,1,NA,1,$62.00,1,TRUE,FALSE,1,4,200,1
1010994864220101237,2023-12-13,Victoria-Fraserview,49.22135906912214,-123.07243851486666,Private room,4,1 shared bath,1,NA,1,FALSE,FALSE,0,NA,70,2
1011013383135492304,2023-12-14,Killarney,49.23193,-123.03767,Entire home/apt,4,2 baths,3,$140.00,1,FALSE,FALSE,2,5,0,3
1011027625250669279,2023-12-14,Marpole,49.2121173270851,-123.1426834270865,Entire home/apt,7,2 baths,4,$201.00,2,FALSE,TRUE,1,4,13,2
1011059857165525889,2023-12-14,Downtown,49.27974,-123.1069,Entire home/apt,6,2 baths,3,$145.00,1,TRUE,TRUE,7,4.71,119,8
1011077419589908107,2023-12-13,West Point Grey,49.25935,-123.21048,Private room,2,1.5 baths,1,$84.00,1,FALSE,TRUE,1,5,77,3
1011079601169707377,2023-12-14,Fairview,49.2634116219255,-123.12935514004228,Entire home/apt,6,2 baths,2,$473.00,1,FALSE,FALSE,0,NA,171,1
1011089105799017358,2023-12-13,West Point Grey,49.25849554972667,-123.21187083211838,Private room,2,1.5 baths,1,$74.00,1,FALSE,TRUE,1,5,258,3
1011109642554622116,2023-12-14,Downtown,49.27877378676315,-123.10996630331752,Entire home/apt,6,2 baths,3,$158.00,1,TRUE,TRUE,11,4.75,0,8
1011153096655491988,2023-12-14,Downtown,49.2786,-123.12374,Entire home/apt,5,1 bath,3,$133.00,1,FALSE,FALSE,1,5,46,1
1011165223778812926,2023-12-14,Downtown,49.28080355831885,-123.12436667462984,Entire home/apt,4,1 bath,2,$105.00,1,FALSE,FALSE,0,NA,49,1
1011170602742340818,2023-12-14,Downtown,49.27888061407173,-123.12315712312966,Entire home/apt,4,1 bath,2,NA,1,FALSE,FALSE,0,NA,44,1
1011176757681116853,2023-12-14,Downtown,49.27910176632621,-123.12327271853935,Entire home/apt,5,1 bath,3,$143.00,1,FALSE,FALSE,2,5,55,1
1011187750956360185,2023-12-14,Downtown,49.280726912849516,-123.1244984565409,Entire home/apt,4,1 bath,3,NA,1,FALSE,FALSE,0,NA,42,1
1011192133838387393,2023-12-14,Downtown,49.2791503782284,-123.12497209409452,Entire home/apt,5,1 bath,3,$137.00,1,FALSE,FALSE,0,4,0,1
1011200895462980265,2023-12-14,Downtown,49.28056,-123.12469,Entire home/apt,5,1 bath,3,$139.00,1,FALSE,FALSE,1,5,41,1
1011204750061662371,2023-12-14,Downtown,49.27842104339635,-123.12471573006457,Entire home/apt,4,1 bath,2,$120.00,1,FALSE,FALSE,1,5,46,1
1011208038864721669,2023-12-14,Downtown,49.27845154393827,-123.12335791889664,Entire home/apt,4,1 bath,2,$128.00,1,FALSE,FALSE,0,NA,35,1
1011213879733238102,2023-12-14,Downtown,49.27847,-123.12305,Entire home/apt,4,1 bath,3,$120.00,1,FALSE,FALSE,1,5,36,1
1011226885622723129,2023-12-14,Downtown,49.27882946174553,-123.123242512151,Entire home/apt,4,1 bath,2,$99.00,1,FALSE,FALSE,0,NA,49,1
1011455554195865812,2023-12-14,Downtown,49.27782674375617,-123.10845780077148,Entire home/apt,4,1 bath,2,$103.00,2,FALSE,TRUE,0,NA,112,43
1011697592333751677,2023-12-14,Mount Pleasant,49.2693386877486,-123.1146381638476,Entire home/apt,5,2.5 baths,3,$186.00,1,TRUE,TRUE,5,4.83,0,8
1011697853255237880,2023-12-13,Mount Pleasant,49.26053,-123.11192,Private room,2,1 private bath,1,$89.00,1,FALSE,TRUE,0,NA,180,16
1011725047587681420,2023-12-14,Downtown Eastside,49.28404,-123.10697,Entire home/apt,4,2 baths,2,$296.00,1,TRUE,TRUE,6,5,166,8
1011829326343132218,2023-12-14,Downtown,49.27599969366269,-123.13402592867249,Entire home/apt,2,2 baths,2,NA,1,FALSE,FALSE,0,NA,269,1
1012037587653292048,2023-12-13,Mount Pleasant,49.25958,-123.11221,Private room,2,1 private bath,2,$99.00,1,FALSE,TRUE,0,NA,159,16
1012051029453450050,2023-12-13,Mount Pleasant,49.25958,-123.11221,Private room,2,1 private bath,1,$107.00,1,FALSE,TRUE,0,NA,152,16
1012291112416319149,2023-12-13,Downtown Eastside,49.28054,-123.08453,Entire home/apt,2,1 bath,1,$125.00,4,FALSE,FALSE,1,5,26,1
1012297271806285587,2023-12-14,Downtown Eastside,49.28213,-123.1032,Entire home/apt,4,1 bath,2,$161.00,1,TRUE,TRUE,12,4.58,172,8
1012317994416856719,2023-12-14,Downtown Eastside,49.28418615892555,-123.10905968055108,Private room,2,1 bath,1,$150.00,30,FALSE,FALSE,0,NA,89,1
1012355523766473840,2023-12-13,Oakridge,49.224343500455696,-123.134913017863,Private room,4,1 private bath,2,$198.00,2,TRUE,FALSE,0,NA,39,9
1012358010447828698,2023-12-13,Oakridge,49.22388999364723,-123.13485073190326,Private room,2,1 private bath,1,$158.00,2,TRUE,FALSE,0,NA,39,9
1012472170979830759,2023-12-13,West End,49.29234,-123.13999,Entire home/apt,2,1 bath,1,$200.00,14,FALSE,FALSE,0,NA,33,1
1012559983614026054,2023-12-13,Mount Pleasant,49.2703259,-123.1012376,Entire home/apt,3,1 bath,2,$139.00,1,FALSE,FALSE,8,5,42,1
1012613131810719464,2023-12-13,Marpole,49.20871663560556,-123.13686535072678,Private room,1,1 bath,1,$84.00,1,FALSE,TRUE,0,NA,256,2
1013193061058391651,2023-12-14,Downtown Eastside,49.27792,-123.09753,Entire home/apt,3,1 bath,2,$140.00,4,TRUE,TRUE,0,NA,199,2
1013209123025522483,2023-12-13,Mount Pleasant,49.25959385973812,-123.11242885887624,Private room,2,2 baths,2,$89.00,30,FALSE,TRUE,0,NA,179,16
1013217673117194939,2023-12-14,Downtown Eastside,49.279854692485785,-123.09673728672436,Entire home/apt,4,1 bath,2,$110.00,2,FALSE,FALSE,5,5,70,1
1013333975522583417,2023-12-13,Shaughnessy,49.2378643,-123.1451415,Private room,2,1 bath,1,$128.00,1,FALSE,FALSE,0,NA,269,1
1013379669285257526,2023-12-13,Marpole,49.21078765230181,-123.11936395821296,Entire home/apt,3,1 bath,2,$85.00,2,FALSE,TRUE,2,4,114,1
1013403010587243199,2023-12-13,Hastings-Sunrise,49.26918,-123.0376,Private room,1,1 private bath,1,$65.00,30,TRUE,FALSE,0,NA,261,8
1013411632555418293,2023-12-13,Hastings-Sunrise,49.27134,-123.03847,Private room,1,1 bath,1,$53.00,30,TRUE,FALSE,0,NA,261,8
1013415781082406678,2023-12-13,Hastings-Sunrise,49.26905,-123.03745,Private room,1,1 bath,1,$53.00,30,TRUE,FALSE,0,NA,250,8
1013418899255683100,2023-12-14,Downtown,49.278025245133165,-123.10697770260438,Entire home/apt,5,2 baths,2,$288.00,1,FALSE,FALSE,0,NA,163,1
1013425846288679401,2023-12-13,Mount Pleasant,49.260387330140986,-123.11313151177822,Private room,2,1 private bath,1,$102.00,1,FALSE,FALSE,3,3.67,135,16
1013708006542502489,2023-12-14,Downtown,49.280857871515,-123.12507886494132,Entire home/apt,3,1 bath,1,$250.00,1,FALSE,FALSE,0,NA,222,1
1013747415131783908,2023-12-14,Downtown,49.275907546468176,-123.12818120478968,Entire home/apt,4,1 bath,2,$110.00,1,FALSE,TRUE,1,4,256,1
1013814119465767519,2023-12-14,Downtown,49.27568328195087,-123.11991367123775,Entire home/apt,5,2 baths,3,$172.00,90,FALSE,FALSE,0,NA,246,13
1013858176267075941,2023-12-13,Kensington-Cedar Cottage,49.24989,-123.07931,Entire home/apt,6,1 bath,3,$119.00,2,FALSE,TRUE,0,NA,246,1
1013911225156930204,2023-12-14,Downtown,49.27931593195664,-123.1084355065873,Entire home/apt,4,1 bath,2,$117.00,1,FALSE,FALSE,6,4.86,0,1
1013912754482782256,2023-12-14,Downtown,49.2789101,-123.1079938,Entire home/apt,7,2 baths,4,$193.00,1,FALSE,FALSE,3,4.33,272,1
1014020939965320860,2023-12-13,Mount Pleasant,49.26547,-123.09287,Private room,2,1 bath,1,$89.00,1,FALSE,TRUE,2,4.5,250,1
1014037528656853179,2023-12-14,Victoria-Fraserview,49.2208885817932,-123.07469024556484,Entire home/apt,10,4 baths,4,NA,30,FALSE,FALSE,0,NA,269,2
1014043169015242834,2023-12-13,West Point Grey,49.26196675477725,-123.21276697674044,Entire home/apt,6,1 bath,4,$97.00,1,FALSE,TRUE,5,5,67,1
1014463888926310646,2023-12-13,Fairview,49.26107,-123.13039,Entire home/apt,2,1 bath,1,$96.00,30,FALSE,TRUE,0,NA,351,134
1014473171663461542,2023-12-13,Kensington-Cedar Cottage,49.242204425145,-123.0846571739595,Entire home/apt,2,1 bath,1,$70.00,2,FALSE,TRUE,4,5,255,1
1014489688554060338,2023-12-14,Downtown,49.27812703021937,-123.11956399078716,Entire home/apt,2,1 bath,1,$118.00,30,TRUE,FALSE,0,NA,269,3
1014577619472409507,2023-12-14,Downtown,49.2807759617778,-123.10955958480486,Entire home/apt,6,2 baths,3,$364.00,1,FALSE,TRUE,1,5,247,1
1014579986735937952,2023-12-14,Riley Park,49.24731848512145,-123.09752605979952,Entire home/apt,2,1 bath,1,$163.00,2,FALSE,FALSE,0,NA,226,1
1014699250642665452,2023-12-13,Sunset,49.22808,-123.10518,Private room,2,1 shared bath,1,$50.00,7,TRUE,TRUE,0,NA,29,4
1014751153703709308,2023-12-13,Mount Pleasant,49.25958,-123.11221,Private room,2,1 private bath,1,$89.00,1,FALSE,TRUE,0,NA,182,16
1014756736136699481,2023-12-14,Downtown,49.27706775261346,-123.124343564743,Entire home/apt,2,1 bath,1,$119.00,30,TRUE,FALSE,0,NA,278,11
1014810321898511595,2023-12-13,Mount Pleasant,49.2595827,-123.1122044,Private room,1,1 private bath,1,$78.00,30,FALSE,TRUE,0,NA,233,16
1014928407007003494,2023-12-13,Mount Pleasant,49.25958,-123.11221,Private room,2,1 private bath,1,$93.00,1,FALSE,TRUE,0,NA,208,16
1015209882997342369,2023-12-14,Downtown,49.28900364261802,-123.12786767210564,Private room,2,1 bath,1,$99.00,1,FALSE,TRUE,2,4,20,2
1015384946844917889,2023-12-13,Mount Pleasant,49.25958,-123.11221,Private room,1,1 shared bath,1,$74.00,1,FALSE,TRUE,0,NA,214,16
1015420319240318178,2023-12-14,West End,49.27972607400263,-123.1282263496876,Entire home/apt,3,1 bath,2,$110.00,3,FALSE,FALSE,2,5,18,5
1015446564420562155,2023-12-13,Mount Pleasant,49.26940683681917,-123.10230658175855,Entire home/apt,2,1 bath,1,$115.00,3,FALSE,FALSE,2,5,31,5
1015487761074565473,2023-12-13,West Point Grey,49.2688067,-123.2100192,Entire home/apt,6,2.5 baths,3,$180.00,2,TRUE,FALSE,3,5,188,1
1015521567243696104,2023-12-13,Marpole,49.2085846823954,-123.13462365108144,Private room,1,2 shared baths,1,$60.00,7,FALSE,TRUE,2,5,270,2
1015562996305746436,2023-12-13,South Cambie,49.25609724091343,-123.12442977773348,Entire home/apt,4,2 baths,2,$125.00,30,FALSE,FALSE,0,NA,278,1
1015650685503221866,2023-12-14,Sunset,49.22112,-123.09232,Entire home/apt,5,1 bath,2,$132.00,1,FALSE,FALSE,0,NA,86,1
1015972234935711970,2023-12-14,Kitsilano,49.269712,-123.1531977,Entire home/apt,2,1 bath,1,$110.00,30,FALSE,FALSE,0,NA,0,1
1016016069729267873,2023-12-13,Sunset,49.22785,-123.10449,Private room,2,1 bath,1,$50.00,7,TRUE,TRUE,1,5,33,4
1016025337079336296,2023-12-13,Downtown,49.27597727605845,-123.13171335719204,Entire home/apt,4,2 baths,2,$146.00,30,FALSE,TRUE,0,NA,41,134
1016072078527502734,2023-12-13,Downtown Eastside,49.28196267047026,-123.08335580639503,Entire home/apt,4,1 bath,2,$99.00,30,FALSE,FALSE,0,NA,95,1
1016081626136075381,2023-12-14,Downtown,49.28013,-123.10749,Entire home/apt,7,2 baths,4,$315.00,1,TRUE,TRUE,8,4.88,289,4
1016117395250384714,2023-12-14,Downtown,49.27982,-123.10723,Entire home/apt,7,2 baths,4,$286.00,1,TRUE,TRUE,5,4.8,316,4
1016228112465234443,2023-12-14,Downtown,49.28015,-123.12184,Entire home/apt,4,1 bath,1,$130.00,30,FALSE,TRUE,0,NA,153,1
1016308580993646884,2023-12-13,Mount Pleasant,49.26364757591625,-123.09627259937167,Entire home/apt,2,1 bath,1,$92.00,2,TRUE,FALSE,0,NA,14,2
1016326008395573822,2023-12-14,Downtown Eastside,49.28169209880804,-123.102684281483,Entire home/apt,2,1 bath,1,$183.00,1,FALSE,TRUE,1,3,46,2
1016381659882803126,2023-12-13,Renfrew-Collingwood,49.253872200000004,-123.0342978,Private room,1,1 bath,1,$40.00,30,FALSE,FALSE,0,NA,178,1
1016713565660155853,2023-12-14,Kensington-Cedar Cottage,49.24393342930332,-123.0818884586577,Entire home/apt,2,1 bath,1,$125.00,3,TRUE,FALSE,0,NA,269,1
1016811683309215085,2023-12-14,Downtown,49.27744524202313,-123.13134951842406,Entire home/apt,3,1 bath,NA,$103.00,31,FALSE,FALSE,0,NA,269,1
1016818513174446418,2023-12-14,West End,49.28233,-123.12508,Entire home/apt,4,1 bath,2,$66.00,1,FALSE,FALSE,4,4.75,70,3
1016849596347478534,2023-12-13,Dunbar Southlands,49.25111,-123.18664,Entire home/apt,14,4.5 baths,7,$494.00,1,TRUE,TRUE,0,NA,338,3
1016898943130205139,2023-12-14,Oakridge,49.22815314593468,-123.11875715012958,Entire home/apt,6,1 bath,2,$148.00,1,FALSE,FALSE,0,NA,36,1
1017001035963900726,2023-12-14,Downtown,49.27935063286587,-123.11902997006332,Entire home/apt,3,1 bath,2,$125.00,2,FALSE,TRUE,1,5,345,1
1017039616997712826,2023-12-13,Mount Pleasant,49.25958,-123.11221,Private room,2,1 private bath,1,$92.00,1,FALSE,TRUE,1,4,209,16
1017353519547107400,2023-12-14,Sunset,49.22473174675898,-123.10529796551836,Entire home/apt,4,2 baths,2,$126.00,2,TRUE,TRUE,1,5,0,2
1017353748396920259,2023-12-14,Marpole,49.20763,-123.13897,Entire home/apt,2,1 bath,1,$80.00,30,TRUE,FALSE,0,NA,287,3
1017421920724927209,2023-12-13,Killarney,49.2326728,-123.0367688,Private room,2,1 private bath,2,$65.00,1,FALSE,FALSE,8,4.75,158,3
1017460801676209551,2023-12-13,Downtown,49.275481864185146,-123.12682687525664,Entire home/apt,6,2 baths,2,$221.00,2,FALSE,TRUE,0,NA,164,1
1017468295311987242,2023-12-14,Killarney,49.2318,-123.03711,Entire home/apt,2,1 bath,1,$84.00,1,FALSE,FALSE,5,5,0,3
1017518430443378081,2023-12-13,Mount Pleasant,49.2595827,-123.1122044,Private room,2,1 private bath,1,$89.00,1,FALSE,TRUE,0,NA,192,16
1017572604172357694,2023-12-14,Oakridge,49.21927279887908,-123.10931133915808,Entire home/apt,2,1 bath,1,NA,30,FALSE,FALSE,0,NA,0,1
1017626991905182682,2023-12-13,Kitsilano,49.26868715594205,-123.15874848255636,Entire home/apt,4,2 baths,2,$275.00,1,FALSE,FALSE,2,5,237,1
1017767897961106956,2023-12-13,Marpole,49.21158722475708,-123.13716262798876,Private room,2,1 private bath,1,$80.00,1,TRUE,FALSE,0,NA,82,3
1017971537147038554,2023-12-14,Downtown,49.27992,-123.1077,Entire home/apt,5,2 baths,3,$200.00,3,FALSE,TRUE,1,4,219,5
1017974164777613612,2023-12-14,Downtown,49.27802,-123.1246,Entire home/apt,6,2 baths,2,$144.00,2,FALSE,TRUE,2,3,199,1
1018239809258742149,2023-12-14,Downtown,49.27933370171419,-123.12551680391483,Private room,2,1 bath,1,$193.00,1,FALSE,TRUE,0,NA,35,2
1018380912765175470,2023-12-14,Renfrew-Collingwood,49.238255724011566,-123.04888349436013,Entire home/apt,4,2 baths,2,$123.00,1,FALSE,FALSE,4,5,0,2
1018413626691711009,2023-12-13,Mount Pleasant,49.2695442,-123.102908,Entire home/apt,2,2 baths,1,$237.00,30,FALSE,FALSE,0,NA,61,1
1018837975211214568,2023-12-14,Sunset,49.23082,-123.07832,Entire home/apt,4,1 bath,2,$49.00,1,FALSE,FALSE,4,4.5,76,6
1018918454877631876,2023-12-14,Downtown,49.27886137525479,-123.11784264142436,Entire home/apt,4,2 baths,2,$141.00,30,FALSE,FALSE,0,NA,189,42
1018937441498951847,2023-12-13,Kitsilano,49.27277753282511,-123.16205521457724,Entire home/apt,4,1 bath,2,$145.00,2,FALSE,FALSE,1,5,144,1
1018938540490219358,2023-12-14,Downtown Eastside,49.28128,-123.10783,Entire home/apt,4,2 baths,2,$239.00,30,TRUE,FALSE,0,NA,88,1
1018997566065898338,2023-12-13,Kensington-Cedar Cottage,49.25046,-123.07652,Private room,3,2 baths,1,$92.00,1,FALSE,FALSE,0,NA,269,2
1019195003438563321,2023-12-13,Downtown,49.27562,-123.11576,Entire home/apt,2,1 bath,1,$150.00,21,NA,TRUE,1,5,68,2
1019555132547461744,2023-12-14,Fairview,49.263626292952814,-123.13362898685622,Entire home/apt,2,1 bath,1,$98.00,30,TRUE,FALSE,0,NA,269,3
1019668851970808846,2023-12-14,Marpole,49.208703244619294,-123.13624103911891,Entire home/apt,2,1 bath,1,$58.00,30,FALSE,FALSE,0,NA,2,1
1019686038325064637,2023-12-13,South Cambie,49.24908,-123.12083,Private room,3,1 shared bath,2,$89.00,1,FALSE,TRUE,3,4.67,8,3
1019702975838297116,2023-12-13,Mount Pleasant,49.261595879657946,-123.104188081313,Entire home/apt,2,1 bath,1,$35.00,30,FALSE,TRUE,0,NA,333,134
1019753328991924341,2023-12-14,West End,49.287159,-123.1259569,Private room,2,1 bath,1,$120.00,30,FALSE,FALSE,0,NA,52,1
1019844928155516711,2023-12-14,Downtown Eastside,49.28080686748839,-123.10463238003648,Entire home/apt,4,1 bath,2,$127.00,1,FALSE,FALSE,5,4.8,51,1
1019873720394149922,2023-12-14,Downtown,49.27897062487568,-123.12086808321256,Entire home/apt,4,1 bath,1,$79.00,30,FALSE,TRUE,0,NA,54,1
1019876288931385904,2023-12-14,West End,49.28074805836134,-123.1273920750688,Entire home/apt,4,2 baths,2,$210.00,2,FALSE,FALSE,2,5,45,1
1019884037702070914,2023-12-13,Dunbar Southlands,49.25555854791672,-123.19024529604025,Private room,4,1 private bath,2,$90.00,2,NA,FALSE,1,5,359,5
1019928216053322219,2023-12-14,Downtown Eastside,49.28058708813245,-123.09984247152916,Entire home/apt,4,1 bath,2,$118.00,2,TRUE,TRUE,0,5,0,1
1019959724955186449,2023-12-13,West Point Grey,49.26326,-123.20322,Private room,2,1 bath,2,$64.00,1,FALSE,TRUE,0,NA,216,18
1020231892276742083,2023-12-14,Downtown Eastside,49.27874898819952,-123.08617186892626,Entire home/apt,10,1 bath,5,$73.00,1,TRUE,FALSE,3,4.67,46,4
1020279493586946584,2023-12-14,Dunbar Southlands,49.24110869974447,-123.17700977295009,Entire home/apt,6,2 baths,3,$114.00,2,FALSE,FALSE,0,NA,81,1
1020339945684720403,2023-12-14,Downtown,49.2811822,-123.1252069,Entire home/apt,2,1 bath,1,$134.00,3,FALSE,FALSE,1,5,77,1
1020353100643929156,2023-12-14,Downtown,49.28839582534184,-123.12471215529368,Entire home/apt,2,1 bath,1,$128.00,2,TRUE,TRUE,5,5,156,1
1020364499528818602,2023-12-14,Victoria-Fraserview,49.22144292914971,-123.06072627527396,Entire home/apt,7,2 baths,4,$102.00,1,FALSE,FALSE,5,5,0,3
1020373977059186364,2023-12-13,Dunbar Southlands,49.25535,-123.19052,Private room,2,1 private bath,1,$74.00,1,NA,FALSE,0,NA,365,5
1020385370461713687,2023-12-13,Victoria-Fraserview,49.22229126264902,-123.0630170571296,Entire home/apt,7,2 baths,4,$118.00,1,FALSE,FALSE,3,5,249,3
1020403645660030765,2023-12-13,Hastings-Sunrise,49.26398477382634,-123.03853037072946,Private room,1,1 bath,1,$45.00,30,FALSE,FALSE,0,NA,69,3
1020430330966350747,2023-12-13,Dunbar Southlands,49.25334,-123.19082,Private room,4,1.5 baths,2,$74.00,2,NA,FALSE,2,5,364,5
1020451634294305202,2023-12-13,Dunbar Southlands,49.25353840025839,-123.18913206203254,Private room,3,1.5 baths,2,$74.00,2,NA,FALSE,2,5,365,5
1020452280405309693,2023-12-13,Grandview-Woodland,49.26252,-123.07575,Private room,1,1.5 baths,1,$38.00,30,TRUE,FALSE,0,NA,126,4
1020468885295007329,2023-12-14,West Point Grey,49.27165283672949,-123.2112592723036,Private room,4,1 private bath,1,$287.00,1,FALSE,FALSE,0,NA,244,1
1020536576438643497,2023-12-13,Renfrew-Collingwood,49.25605940000001,-123.0425215,Private room,2,1 bath,1,$47.00,1,TRUE,FALSE,1,5,83,4
1020622742027577613,2023-12-13,Oakridge,49.22625,-123.13433,Private room,2,2 shared baths,1,$79.00,1,TRUE,TRUE,0,NA,39,9
1020934462740230479,2023-12-13,Renfrew-Collingwood,49.25605940000001,-123.0425215,Private room,2,1 bath,1,$52.00,1,TRUE,FALSE,1,5,62,4
1020952899704497912,2023-12-14,Downtown,49.27878,-123.1096,Entire home/apt,4,1 bath,2,$150.00,1,TRUE,TRUE,6,5,328,1
1020960716813696321,2023-12-14,Downtown Eastside,49.281646833664695,-123.1087506978807,Entire home/apt,3,1 bath,2,$116.00,10,FALSE,FALSE,0,NA,70,1
1021015232013455828,2023-12-14,Kitsilano,49.27745270383071,-123.1506642140158,Entire home/apt,6,4.5 baths,3,"$1,600.00",7,FALSE,FALSE,0,NA,113,1
1021047814230728198,2023-12-14,West End,49.2914,-123.13498,Private room,2,1 private bath,1,$45.00,28,FALSE,FALSE,0,NA,251,9
1021290912968953815,2023-12-14,Downtown,49.281765300000004,-123.1239539,Entire home/apt,4,1 bath,1,$111.00,30,FALSE,FALSE,0,NA,115,1
1021355010951172752,2023-12-14,Arbutus Ridge,49.23600754381299,-123.16083035290958,Entire home/apt,2,2 baths,1,$85.00,30,FALSE,FALSE,0,NA,333,1
1021356027492903844,2023-12-14,West End,49.27699904292611,-123.13245152431884,Entire home/apt,4,2 baths,2,$131.00,1,FALSE,TRUE,0,NA,69,9
1021404806272001890,2023-12-14,Downtown Eastside,49.282975,-123.1080839,Entire home/apt,2,1 bath,1,$175.00,2,FALSE,FALSE,0,NA,74,1
1021641000290596964,2023-12-13,Renfrew-Collingwood,49.25098,-123.03265,Private room,1,1 bath,1,$40.00,30,FALSE,FALSE,0,NA,100,6
1021739524905969683,2023-12-13,Kitsilano,49.269413900000004,-123.1503474,Entire home/apt,2,1 bath,1,$90.00,30,FALSE,FALSE,0,NA,204,2
1021806723951410758,2023-12-13,Arbutus Ridge,49.25621,-123.16656,Entire home/apt,10,4 baths,6,$486.00,3,FALSE,FALSE,2,4.5,63,1
1021818741561711720,2023-12-13,Oakridge,49.22402953405324,-123.13468924762306,Private room,2,2 shared baths,1,$118.00,1,TRUE,TRUE,0,NA,39,9
1021825652436056454,2023-12-13,Oakridge,49.22603,-123.13298,Private room,2,2 shared baths,1,$118.00,1,TRUE,TRUE,0,NA,39,9
1021972983677750149,2023-12-13,Kitsilano,49.26556,-123.15775,Entire home/apt,2,1 bath,1,$70.00,30,TRUE,FALSE,0,NA,176,26
1021974084407851085,2023-12-13,Kitsilano,49.26533,-123.15772,Entire home/apt,2,1 bath,1,$88.00,30,TRUE,FALSE,0,NA,147,26
1022525123815533284,2023-12-13,South Cambie,49.23653,-123.11665,Private room,3,1 bath,2,$85.00,1,FALSE,TRUE,2,5,247,1
1022633642589384721,2023-12-13,Riley Park,49.25159201976626,-123.10068590550196,Entire home/apt,1,1 bath,1,$79.00,30,FALSE,FALSE,0,NA,32,1
1022639638878565042,2023-12-14,Downtown,49.27763826761,-123.11978421555432,Entire home/apt,2,1 bath,1,$160.00,30,FALSE,FALSE,0,NA,89,1
1022652494894423616,2023-12-13,Mount Pleasant,49.26045232107536,-123.11326018067967,Private room,2,1 bath,1,$89.00,1,FALSE,TRUE,0,NA,194,16
1022662630374435598,2023-12-13,Mount Pleasant,49.26030201202092,-123.1129907915476,Private room,2,1 private bath,1,$97.00,1,FALSE,TRUE,0,NA,200,16
1022689507699245578,2023-12-14,Downtown,49.27792,-123.1095,Entire home/apt,6,2.5 baths,3,$552.00,2,TRUE,FALSE,4,5,0,1
1022736167344842385,2023-12-13,Mount Pleasant,49.2600802278137,-123.11353000393537,Private room,2,1 private bath,1,$97.00,1,FALSE,TRUE,0,NA,161,16
1022776823737902774,2023-12-13,Mount Pleasant,49.26067961925093,-123.11140998339448,Private room,2,1 private bath,1,$97.00,1,FALSE,TRUE,0,NA,185,16
1022795440929148050,2023-12-13,Marpole,49.20914,-123.12726,Private room,2,1 bath,1,$60.00,1,FALSE,FALSE,1,5,54,2
1022823775402664295,2023-12-14,Kensington-Cedar Cottage,49.24117315982206,-123.06230856842063,Entire home/apt,7,2.5 baths,3,$170.00,1,FALSE,TRUE,2,4.5,350,1
1022848238119365204,2023-12-14,Mount Pleasant,49.26023437687601,-123.11320705636508,Private room,2,1 bath,1,$100.00,1,FALSE,TRUE,0,NA,269,16
1022887813151486194,2023-12-14,Downtown,49.27368,-123.13151,Entire home/apt,1,1 bath,1,$136.00,3,FALSE,FALSE,1,5,8,1
1023278916914978944,2023-12-14,Downtown,49.28436,-123.11632,Entire home/apt,2,1 bath,1,$126.00,30,TRUE,FALSE,0,NA,63,1
1023372208787881604,2023-12-14,Downtown,49.27387,-123.1275,Entire home/apt,4,2 baths,2,$185.00,185,FALSE,FALSE,0,NA,269,1
1023409204207530828,2023-12-13,Shaughnessy,49.2528592,-123.1307461,Private room,2,2 baths,1,$50.00,1,FALSE,FALSE,1,4,226,1
1023490772027220690,2023-12-13,West End,49.29270161822894,-123.13630362519822,Private room,2,1 shared bath,2,$25.00,25,FALSE,FALSE,0,NA,220,9
1023498188515248760,2023-12-13,Downtown,49.29302,-123.13253,Private room,2,1 shared bath,1,$35.00,28,FALSE,FALSE,0,NA,253,9
1023512323786160339,2023-12-14,Downtown,49.29030320935267,-123.12569251783414,Entire home/apt,4,1 bath,1,$98.00,2,FALSE,TRUE,2,4.5,161,9
1023530965982656726,2023-12-14,West End,49.287387677682034,-123.12657568526348,Entire home/apt,8,1 bath,2,$95.00,2,FALSE,TRUE,0,NA,260,9
1023540691888979732,2023-12-14,West End,49.28925,-123.13115,Entire home/apt,8,1 bath,2,$92.00,2,FALSE,TRUE,0,NA,253,9
1023654063534177793,2023-12-14,Downtown,49.28963928729202,-123.12304380804096,Entire home/apt,6,1 bath,1,$78.00,2,FALSE,TRUE,1,5,253,9
1023852343287578875,2023-12-14,Downtown,49.27736,-123.11983,Entire home/apt,2,1 bath,1,$120.00,30,FALSE,FALSE,0,NA,305,2
1023908419763998697,2023-12-14,Downtown,49.272378136776034,-123.1282555206466,Entire home/apt,5,2 baths,2,$200.00,30,FALSE,FALSE,0,NA,116,1
1023921182266178410,2023-12-14,West End,49.29109052623915,-123.1445064663204,Private room,2,1 private bath,1,$45.00,15,FALSE,TRUE,0,NA,252,9
1023935716099774324,2023-12-13,West End,49.289656127254105,-123.14298914931554,Private room,2,1 shared bath,1,$25.00,25,FALSE,TRUE,0,NA,220,9
1023969706944634300,2023-12-14,Sunset,49.22114533954637,-123.08080190194764,Entire home/apt,5,1 bath,3,$115.00,7,FALSE,FALSE,0,NA,319,2
1024067786992107950,2023-12-13,Dunbar Southlands,49.25725,-123.20253,Entire home/apt,6,2.5 baths,3,$211.00,14,FALSE,FALSE,0,NA,89,4
1024113865791624446,2023-12-13,South Cambie,49.25181704466883,-123.11619427666396,Private room,2,1.5 baths,1,$73.00,3,TRUE,FALSE,1,5,104,2
1024150271366127623,2023-12-13,Fairview,49.26562738684529,-123.14510421630844,Entire home/apt,2,1 bath,1,NA,1,FALSE,FALSE,0,NA,276,1
1024305364321446422,2023-12-14,Riley Park,49.246260256138655,-123.09566841383806,Entire home/apt,10,2.5 baths,4,$300.00,1,TRUE,TRUE,2,5,123,1
1024630313769411436,2023-12-13,Sunset,49.21248,-123.09486,Private room,2,1 bath,1,$92.00,30,FALSE,TRUE,0,NA,161,3
1024820487155859259,2023-12-14,Downtown,49.27730649999999,-123.1206484,Entire home/apt,4,2 baths,2,$275.00,30,FALSE,FALSE,0,NA,365,42
1024891653372949493,2023-12-14,Marpole,49.21854357657719,-123.14248347013366,Entire home/apt,10,4.5 baths,5,$496.00,2,FALSE,TRUE,1,5,80,5
1024965873968359677,2023-12-14,Kerrisdale,49.22919780123605,-123.1482715289575,Entire home/apt,6,3.5 baths,3,$293.00,30,FALSE,TRUE,0,NA,269,9
1024986850978377709,2023-12-13,Renfrew-Collingwood,49.25508917861466,-123.0430737358954,Private room,2,1 bath,1,$47.00,1,TRUE,FALSE,0,NA,77,4
1024990960422858071,2023-12-14,Kerrisdale,49.2297508,-123.1490903,Private room,2,1.5 baths,1,$61.00,1,FALSE,TRUE,1,5,264,9
1025477353823354065,2023-12-14,Kensington-Cedar Cottage,49.2528536,-123.0775016,Entire home/apt,8,3.5 baths,4,$640.00,3,FALSE,FALSE,0,NA,89,1
1025486454706435381,2023-12-14,Marpole,49.21235885681317,-123.14374836391733,Entire home/apt,4,1 bath,2,$108.00,30,FALSE,TRUE,0,NA,105,43
1025542303419473481,2023-12-13,Mount Pleasant,49.27069326093535,-123.11071514909816,Entire home/apt,3,1 bath,3,$180.00,30,TRUE,TRUE,0,NA,163,2
1025583851443203174,2023-12-14,Marpole,49.21301193265002,-123.13691706170236,Entire home/apt,8,3 baths,4,$338.00,1,FALSE,FALSE,0,NA,71,1
1025614904344506168,2023-12-13,Downtown,49.275012877506185,-123.11614167325055,Entire home/apt,2,1 bath,1,$150.00,30,FALSE,FALSE,0,NA,223,1
1025809278895556122,2023-12-13,Victoria-Fraserview,49.2148455,-123.0768704,Private room,1,1 shared bath,1,$120.00,30,FALSE,FALSE,0,NA,365,12
1025868639636672150,2023-12-14,Downtown,49.28134,-123.11101,Entire home/apt,3,1 bath,1,$140.00,5,FALSE,FALSE,0,NA,154,1
1026107124940647254,2023-12-14,Downtown,49.28009661219486,-123.10770296124213,Entire home/apt,5,2 baths,3,$159.00,1,FALSE,TRUE,0,NA,57,43
1026197684785186113,2023-12-13,Mount Pleasant,49.26016690605234,-123.08020998658192,Private room,2,1 bath,1,$41.00,1,FALSE,FALSE,0,NA,268,8
1026272133501771670,2023-12-14,Arbutus Ridge,49.238533,-123.1589101,Entire home/apt,5,1.5 baths,3,$135.00,1,FALSE,TRUE,0,NA,220,9
1026272350651138571,2023-12-13,Kerrisdale,49.23018121453151,-123.1501810358596,Private room,2,1.5 baths,1,$88.00,1,FALSE,TRUE,0,NA,253,9
1026415595323123592,2023-12-14,West End,49.29123534315519,-123.13391151357798,Entire home/apt,2,1 bath,1,$153.00,5,FALSE,FALSE,0,NA,177,1
1026467024303005025,2023-12-14,Kerrisdale,49.22929870935648,-123.1732423806068,Entire home/apt,16,5 baths,9,$636.00,1,FALSE,FALSE,1,5,82,1
1026807159027620314,2023-12-13,Victoria-Fraserview,49.2148455,-123.0768704,Private room,1,1 shared bath,1,$120.00,30,FALSE,FALSE,0,NA,365,12
1026840571631828415,2023-12-13,Victoria-Fraserview,49.21506976630578,-123.07650561957398,Private room,1,1 shared bath,1,$120.00,30,FALSE,FALSE,0,NA,365,12
1026845141246636392,2023-12-14,Downtown,49.2798,-123.10741,Entire home/apt,5,2 baths,3,$172.00,1,FALSE,TRUE,0,NA,70,43
1026845457741542238,2023-12-13,Victoria-Fraserview,49.21466328287734,-123.0763125005249,Private room,1,1 shared bath,1,$62.00,30,FALSE,FALSE,0,NA,365,12
1026847268339582014,2023-12-13,Victoria-Fraserview,49.21429884661693,-123.07661290793456,Private room,1,1 shared bath,1,$70.00,30,FALSE,FALSE,0,NA,365,12
1026848767404060885,2023-12-13,Victoria-Fraserview,49.21508378291609,-123.07684894232789,Private room,1,1 shared bath,1,$62.00,30,FALSE,FALSE,0,NA,365,12
1026850572883997693,2023-12-13,Victoria-Fraserview,49.21429884661693,-123.07672019629516,Private room,1,1 shared bath,1,$74.00,30,FALSE,FALSE,0,NA,365,12
1026853909967636327,2023-12-13,Victoria-Fraserview,49.2148455,-123.0768704,Private room,1,1 shared bath,1,$120.00,30,FALSE,FALSE,0,NA,365,12
1026854357228172802,2023-12-13,Downtown,49.275265670503,-123.12855137870748,Entire home/apt,4,1 bath,1,$149.00,2,FALSE,TRUE,1,1,268,1
1026857259134188040,2023-12-13,South Cambie,49.25254820539068,-123.11755305796592,Private room,1,1 bath,2,$55.00,30,TRUE,FALSE,0,NA,62,1
1026860427303774188,2023-12-14,Mount Pleasant,49.27010882910298,-123.10327002712918,Entire home/apt,2,1 bath,1,$132.00,1,TRUE,TRUE,3,4.75,0,1
1026864425646033040,2023-12-13,Sunset,49.21464926614778,-123.07740684180298,Private room,1,1 shared bath,1,$62.00,30,FALSE,FALSE,0,NA,365,12
1026865620256912092,2023-12-13,Victoria-Fraserview,49.21522394880074,-123.07672019629516,Private room,1,1 shared bath,1,$120.00,30,FALSE,FALSE,0,NA,365,12
1026866671366339435,2023-12-13,Victoria-Fraserview,49.2152679203596,-123.07654853491822,Private room,1,1 shared bath,1,$74.00,30,FALSE,FALSE,0,NA,365,12
1026867709057305984,2023-12-13,Victoria-Fraserview,49.21536411428795,-123.07624812750856,Private room,1,1 shared bath,1,$120.00,30,FALSE,FALSE,0,NA,365,12
1026949339160938352,2023-12-14,Sunset,49.2243248677673,-123.08866949671156,Entire home/apt,4,2.5 baths,3,$200.00,30,FALSE,FALSE,0,NA,251,1
1027071906889057735,2023-12-14,Downtown,49.27821291677181,-123.10813653651742,Entire home/apt,4,1 bath,1,$120.00,1,FALSE,FALSE,1,5,259,1
1027230576268610650,2023-12-14,West End,49.28640610860995,-123.1296460891087,Entire home/apt,6,2 baths,3,$229.00,30,FALSE,TRUE,0,NA,95,5
1027251880280552211,2023-12-14,West End,49.28910807396748,-123.13178699675136,Entire home/apt,6,1 bath,3,$196.00,30,TRUE,TRUE,1,3,94,2
1027259944281863083,2023-12-13,Grandview-Woodland,49.28729020873546,-123.06047787301635,Entire home/apt,3,1.5 baths,2,$110.00,2,FALSE,FALSE,1,5,168,1
1027293121196170340,2023-12-13,Marpole,49.213290276240365,-123.1104089223326,Entire home/apt,4,2.5 baths,2,$145.00,30,TRUE,FALSE,0,NA,89,5
1027484098933689089,2023-12-14,Downtown,49.2805916,-123.1174384,Entire home/apt,4,3 baths,2,$280.00,30,FALSE,FALSE,0,NA,85,1
1027961088845910273,2023-12-14,Renfrew-Collingwood,49.23798,-123.03038,Entire home/apt,2,1 bath,1,$90.00,30,FALSE,FALSE,0,NA,118,1
1028408638473039117,2023-12-14,Downtown Eastside,49.28275,-123.10323,Entire home/apt,4,1 bath,2,$112.00,1,FALSE,TRUE,2,5,37,2
1028522282577372476,2023-12-13,Renfrew-Collingwood,49.25022,-123.04812,Entire home/apt,3,1 bath,1,$80.00,90,FALSE,TRUE,0,NA,270,1
1028525221276267349,2023-12-13,Renfrew-Collingwood,49.25338,-123.04571,Entire home/apt,4,1 bath,2,$85.00,2,FALSE,FALSE,0,NA,265,1
1028607831458440938,2023-12-14,Downtown,49.2789049,-123.1079968,Entire home/apt,4,1 bath,3,$118.00,2,FALSE,FALSE,0,5,0,1
1028979172027280968,2023-12-13,Kitsilano,49.2656070321803,-123.15668737015366,Entire home/apt,2,1 bath,1,$96.00,30,FALSE,TRUE,0,NA,254,134
1029010116169929272,2023-12-13,Mount Pleasant,49.26075005562639,-123.10469325757896,Entire home/apt,2,1 bath,1,$76.00,30,FALSE,TRUE,0,NA,279,134
1029304045239277243,2023-12-13,Downtown Eastside,49.2814,-123.09146,Entire home/apt,4,1 bath,3,$234.00,1,FALSE,FALSE,0,NA,261,1
1029424494940239611,2023-12-14,Downtown Eastside,49.27847860227221,-123.09985687526446,Entire home/apt,4,1 bath,2,$138.00,1,TRUE,TRUE,0,NA,2,1
1029739696773957586,2023-12-13,Fairview,49.26364664156223,-123.14038235922246,Entire home/apt,4,1 bath,2,$212.00,2,FALSE,FALSE,0,NA,86,1
1029826080780454158,2023-12-13,Marpole,49.21644,-123.11248,Entire home/apt,4,2 baths,2,$135.00,30,NA,FALSE,0,NA,89,4
1029991064349938393,2023-12-14,West End,49.2901792,-123.1425885,Private room,2,1 private bath,1,NA,2,FALSE,FALSE,0,NA,146,5
1030432719955010840,2023-12-13,Downtown Eastside,49.281249,-123.0833468,Entire home/apt,4,1 bath,2,$117.00,3,FALSE,TRUE,4,4.5,150,1
1030539740098574302,2023-12-14,Downtown Eastside,49.28205,-123.10658,Entire home/apt,4,1 bath,2,$110.00,1,FALSE,TRUE,0,NA,356,1
1030598501087985383,2023-12-13,Sunset,49.21158758052282,-123.09461725552237,Private room,2,1 bath,1,$72.00,30,FALSE,FALSE,0,NA,186,3
1030649683544847080,2023-12-13,Kitsilano,49.27513299343349,-123.15077948874848,Entire home/apt,4,1 bath,1,NA,3,FALSE,FALSE,0,NA,247,1
1030651966304569132,2023-12-13,Mount Pleasant,49.26473619747857,-123.0993784349182,Entire home/apt,3,1 bath,2,$120.00,2,TRUE,FALSE,0,NA,43,5
1030700930108734961,2023-12-13,Downtown Eastside,49.28318040641784,-123.09282426466685,Entire home/apt,4,1 bath,3,$216.00,1,TRUE,FALSE,0,NA,324,2
1030843753854088767,2023-12-13,Sunset,49.2276,-123.08855,Entire home/apt,2,1 bath,1,$93.00,1,FALSE,TRUE,0,NA,85,1
1030879566785837717,2023-12-13,Kitsilano,49.26926,-123.16773,Entire home/apt,2,1 bath,1,$64.00,30,FALSE,TRUE,0,NA,52,1
1031268188912403781,2023-12-14,Downtown,49.27984870350328,-123.10769251170804,Entire home/apt,5,2 baths,3,$152.00,1,FALSE,TRUE,0,NA,91,43
1031344555885564904,2023-12-14,Kitsilano,49.26627,-123.17965,Entire home/apt,3,1 bath,NA,NA,1,FALSE,FALSE,0,NA,251,1
1031364704970937728,2023-12-14,West End,49.28057601147869,-123.12765786637566,Entire home/apt,2,1 bath,1,$83.00,30,FALSE,FALSE,0,NA,328,1
1031368407283584081,2023-12-14,Downtown,49.28019,-123.10709,Entire home/apt,5,2 baths,3,$155.00,1,FALSE,TRUE,0,NA,76,43
1031368449156850990,2023-12-14,Downtown,49.27554854738956,-123.1283030017502,Entire home/apt,5,2 baths,3,$182.00,1,FALSE,TRUE,0,NA,100,43
1031486701575959127,2023-12-13,Kitsilano,49.27266,-123.1492,Entire home/apt,4,3 baths,2,NA,3,FALSE,FALSE,0,NA,62,1
1031887036489081599,2023-12-14,Oakridge,49.22833,-123.12754,Entire home/apt,14,3.5 baths,7,$234.00,30,FALSE,TRUE,0,NA,324,134
1032240530485449414,2023-12-13,Kerrisdale,49.23266,-123.16154,Private room,2,1.5 baths,1,$50.00,30,FALSE,FALSE,0,NA,31,1
1032625040159335264,2023-12-14,Downtown,49.27872,-123.12427,Entire home/apt,4,1 bath,3,$117.00,1,FALSE,FALSE,1,3,44,1
1032674944882403720,2023-12-14,Kitsilano,49.27145,-123.179199,Entire home/apt,4,1 bath,3,NA,3,FALSE,FALSE,0,NA,206,1
1032754445867903377,2023-12-13,Victoria-Fraserview,49.20955,-123.06865,Private room,2,1 bath,1,$68.00,1,NA,FALSE,2,5,88,6
1032792397585262838,2023-12-14,Downtown,49.27978,-123.10906,Entire home/apt,8,2 baths,3,$234.00,11,FALSE,TRUE,0,NA,65,1
1033455730286808765,2023-12-14,Downtown,49.27877370341965,-123.12336759370746,Entire home/apt,4,1 bath,3,NA,1,FALSE,FALSE,0,NA,38,1
1033469056548512371,2023-12-13,Mount Pleasant,49.25908699901182,-123.08044193949934,Private room,2,1 bath,1,$39.00,1,FALSE,TRUE,0,NA,267,8
1033657169276499378,2023-12-13,Kitsilano,49.269413900000004,-123.1503474,Entire home/apt,4,1 bath,1,$90.00,30,FALSE,TRUE,0,NA,148,2
1033695802665824452,2023-12-13,West End,49.29026551481853,-123.14257085323334,Private room,2,1 private bath,1,NA,2,FALSE,FALSE,0,NA,129,5
1033742222253448056,2023-12-14,Downtown Eastside,49.27970801085617,-123.10010142624375,Entire home/apt,4,2 baths,NA,$79.00,2,FALSE,TRUE,0,NA,347,1
1034095768510624848,2023-12-14,Downtown,49.2801052,-123.1085108,Entire home/apt,2,1 bath,1,$112.00,30,FALSE,FALSE,0,NA,114,16
1034111161307090550,2023-12-13,Sunset,49.2179939159054,-123.08889527192024,Private room,2,1 bath,1,$64.00,1,FALSE,TRUE,1,4,265,8
1034125837929771556,2023-12-14,West End,49.2917628,-123.1345527,Entire home/apt,2,1.5 baths,1,$96.00,2,FALSE,FALSE,0,NA,1,1
1034146682721688246,2023-12-14,West End,49.279039947323206,-123.13076150099124,Entire home/apt,3,1 bath,2,$131.00,1,FALSE,TRUE,1,5,0,1
1034204724350251625,2023-12-14,Downtown,49.27887,-123.10785,Entire home/apt,6,2 baths,3,$173.00,1,FALSE,TRUE,0,NA,88,43
1034254095833715520,2023-12-13,Mount Pleasant,49.2693911,-123.110402,Entire home/apt,3,1 bath,2,$145.00,30,TRUE,TRUE,0,NA,270,2
1034261200068039594,2023-12-13,Dunbar Southlands,49.25282272480933,-123.18690191231308,Entire home/apt,4,1 bath,2,$109.00,1,TRUE,TRUE,1,5,249,3
1034407118241239358,2023-12-13,Sunset,49.21099787470374,-123.09680665380644,Private room,2,1 bath,1,$61.00,30,FALSE,TRUE,0,NA,179,3
1034456877227984760,2023-12-13,Dunbar Southlands,49.23697,-123.17277,Private room,4,1 bath,2,$90.00,1,FALSE,FALSE,2,4.5,72,1
1034909732696699611,2023-12-14,West End,49.27707084085871,-123.1347193914204,Entire home/apt,8,3.5 baths,4,$87.00,30,FALSE,TRUE,0,NA,363,134
1035063592002648138,2023-12-14,Hastings-Sunrise,49.26378777798936,-123.0491631689906,Entire home/apt,6,1 bath,3,$161.00,30,FALSE,FALSE,0,NA,38,2
1035078706077601688,2023-12-13,Downtown,49.27670407154644,-123.1161176389746,Private room,4,1.5 baths,1,$100.00,30,FALSE,FALSE,1,5,240,1
1035124199872438098,2023-12-14,West End,49.28092,-123.12683,Entire home/apt,5,2 baths,3,$300.00,30,TRUE,FALSE,0,NA,200,3
1035173374095358628,2023-12-14,Dunbar Southlands,49.2407036,-123.1905327,Entire home/apt,3,1.5 baths,3,$256.00,1,FALSE,TRUE,0,NA,67,1
1035201134668273631,2023-12-14,Shaughnessy,49.24641,-123.14005,Private room,2,2 baths,1,$57.00,1,FALSE,TRUE,0,NA,89,2
1035523876369298262,2023-12-14,Downtown,49.2719037882367,-123.11992190793455,Entire home/apt,5,2.5 baths,2,$985.00,30,FALSE,TRUE,0,NA,89,2
1035647552280772275,2023-12-13,Hastings-Sunrise,49.284307312525534,-123.03035710772504,Private room,2,1.5 shared baths,1,$68.00,30,FALSE,FALSE,0,NA,179,1
1035803211422259015,2023-12-13,Hastings-Sunrise,49.2734627,-123.0342333,Private room,1,1 shared bath,1,$39.00,30,FALSE,FALSE,0,NA,59,1
1036018666584943350,2023-12-14,Downtown,49.27814,-123.10679,Entire home/apt,6,2 baths,4,$230.00,2,TRUE,TRUE,0,NA,151,5
1036283283443818626,2023-12-13,Kitsilano,49.26212868346698,-123.16283844467677,Private room,2,1 bath,1,$72.00,1,FALSE,FALSE,0,NA,269,1
1036294216821864846,2023-12-14,Kensington-Cedar Cottage,49.24383784838616,-123.06804655009364,Entire home/apt,4,1 bath,2,$122.00,1,FALSE,FALSE,0,NA,330,1
1036382492760723199,2023-12-14,West End,49.2901792,-123.1425885,Private room,2,1 private bath,1,NA,2,FALSE,FALSE,0,NA,141,5
1036384817892889804,2023-12-14,West End,49.2901792,-123.1425885,Private room,2,1 private bath,1,NA,2,FALSE,FALSE,0,NA,146,5
1036386468647202447,2023-12-14,West End,49.2901792,-123.1425885,Private room,2,1 private bath,1,NA,2,FALSE,FALSE,0,NA,147,5
1036517734246167971,2023-12-14,Downtown Eastside,49.282975,-123.1080839,Entire home/apt,5,2 baths,3,$282.00,1,TRUE,TRUE,1,5,262,8
1036651796321874721,2023-12-14,Kerrisdale,49.23160856892025,-123.1462543206466,Private room,2,2 baths,1,$50.00,1,FALSE,FALSE,0,NA,91,17
1036659968335991054,2023-12-13,Kerrisdale,49.23122,-123.14671,Private room,2,2 baths,1,$50.00,1,FALSE,FALSE,0,NA,92,17
1036666980542740816,2023-12-13,Kerrisdale,49.2333184081467,-123.14686216665876,Private room,2,2 baths,1,$50.00,1,FALSE,TRUE,0,NA,94,17
1036675114297473080,2023-12-13,Kerrisdale,49.2329900120269,-123.14829684572332,Private room,4,2 shared baths,2,$70.00,1,FALSE,FALSE,0,NA,96,17
1036857306166127672,2023-12-14,Downtown,49.27851,-123.12445,Entire home/apt,4,1 bath,2,NA,1,FALSE,FALSE,0,NA,45,1
1037015901782094925,2023-12-14,Dunbar Southlands,49.25457949154716,-123.1849328729969,Private room,1,2 shared baths,1,$71.00,2,FALSE,FALSE,0,NA,76,2
1037880825832428850,2023-12-13,Downtown,49.2745,-123.11957,Entire home/apt,3,1 bath,1,$150.00,90,FALSE,TRUE,0,NA,270,1
1037931897350217000,2023-12-14,Downtown,49.2778214,-123.1296535,Entire home/apt,2,1 bath,1,$142.00,2,FALSE,TRUE,0,NA,11,1
1037933039686294607,2023-12-14,West End,49.2848563,-123.123325,Entire home/apt,2,1 bath,1,NA,30,FALSE,FALSE,0,NA,89,1
1037980108699410965,2023-12-13,Grandview-Woodland,49.27906,-123.06598,Entire home/apt,4,2 baths,2,$160.00,90,FALSE,FALSE,0,NA,92,1
1038056642871759897,2023-12-14,Downtown,49.2788407,-123.1074143,Entire home/apt,4,1 bath,2,$306.00,1,FALSE,FALSE,0,NA,149,1
1038413325241000258,2023-12-13,West Point Grey,49.27351783402833,-123.20707720982868,Entire home/apt,11,3 baths,6,$833.00,1,TRUE,FALSE,0,NA,219,2
1038642795987491666,2023-12-14,Downtown,49.2805916,-123.1174384,Entire home/apt,2,1 bath,1,NA,30,FALSE,FALSE,0,NA,89,1
1038818138105122048,2023-12-14,Downtown,49.280006725709626,-123.10845104517034,Entire home/apt,4,1 bath,2,$140.00,2,FALSE,FALSE,1,5,45,1
1038824476792897007,2023-12-14,Grandview-Woodland,49.26319294850209,-123.06569308557984,Entire home/apt,4,2 baths,2,NA,1,FALSE,FALSE,0,NA,20,1
1039195434787642499,2023-12-14,Renfrew-Collingwood,49.23779916362121,-123.03009315394658,Entire home/apt,4,1 bath,3,$196.00,4,FALSE,FALSE,0,NA,70,2
1039205613073675597,2023-12-13,Fairview,49.261389200000004,-123.1343186,Entire home/apt,2,1 bath,1,$90.00,90,FALSE,FALSE,0,NA,161,1
1039281976895426036,2023-12-14,West End,49.2896144796557,-123.13043423645856,Entire home/apt,8,1 bath,2,$102.00,4,FALSE,TRUE,0,NA,260,4
1039474789638839468,2023-12-14,Downtown,49.28843816824498,-123.1254088245541,Entire home/apt,6,1 bath,2,$155.00,3,FALSE,TRUE,0,NA,253,4
1039820914016200847,2023-12-13,West End,49.29031709815949,-123.14169944191502,Private room,2,1 private bath,1,$35.00,20,FALSE,TRUE,0,NA,270,4
1039837151925950832,2023-12-14,Mount Pleasant,49.264058,-123.0900474,Entire home/apt,3,1 bath,1,$98.00,90,FALSE,FALSE,0,NA,269,13
1039941973054417150,2023-12-13,Downtown,49.27204729304348,-123.119997009787,Private room,2,1 bath,1,$150.00,30,FALSE,FALSE,0,NA,251,2
1039986248560916672,2023-12-14,Fairview,49.26345,-123.13359,Entire home/apt,6,2.5 baths,3,$153.00,30,FALSE,TRUE,0,NA,365,134
1039989463931732201,2023-12-14,Downtown,49.27975,-123.1205,Entire home/apt,3,1 bath,2,$182.00,1,FALSE,FALSE,0,NA,262,1
1039999659672122733,2023-12-13,Kerrisdale,49.23265360351844,-123.15314540480296,Entire home/apt,2,1 bath,1,$90.00,3,FALSE,FALSE,0,NA,46,5
1040027272677172562,2023-12-13,Oakridge,49.22729067483189,-123.1309167131172,Private room,2,1 bath,1,NA,2,FALSE,FALSE,0,NA,269,1
1040048664681568559,2023-12-13,South Cambie,49.24998218898523,-123.12101542042478,Private room,2,1 bath,1,$65.00,1,FALSE,TRUE,0,NA,13,3
1040106486965970691,2023-12-13,Sunset,49.2314448,-123.1027562,Private room,4,1 bath,1,$84.00,90,FALSE,FALSE,0,NA,269,2
1040173717137962633,2023-12-13,Dunbar Southlands,49.24845,-123.19641,Entire home/apt,8,3.5 baths,4,$535.00,30,TRUE,TRUE,0,NA,90,4
1040185147044810156,2023-12-14,Arbutus Ridge,49.23853310000001,-123.1589162,Entire home/apt,5,1.5 baths,3,$103.00,1,FALSE,TRUE,0,NA,191,9
1040298399455519805,2023-12-14,Downtown,49.27847,-123.12202,Entire home/apt,4,1 bath,2,$197.00,2,FALSE,FALSE,0,NA,248,1
1040615604622734234,2023-12-14,Downtown Eastside,49.28415679382877,-123.1076280982728,Entire home/apt,4,2 baths,2,$200.00,1,FALSE,TRUE,0,NA,258,1
1040913694219901405,2023-12-14,Downtown,49.2788407,-123.1074143,Entire home/apt,4,1 bath,1,$126.00,30,TRUE,FALSE,0,NA,92,2
1040964779164833733,2023-12-14,Arbutus Ridge,49.24572646744114,-123.15131803323816,Entire home/apt,4,1 bath,2,$69.00,1,FALSE,TRUE,0,NA,318,11
1040993480897966249,2023-12-13,Sunset,49.21646,-123.09002,Private room,2,1 bath,1,$54.00,2,FALSE,TRUE,0,NA,8,3
1041010207210532251,2023-12-13,Sunset,49.21431283427756,-123.08952631730952,Private room,2,1 bath,1,$57.00,2,FALSE,TRUE,0,NA,101,3
1041013155604977836,2023-12-13,Sunset,49.21512,-123.08633,Private room,2,1 bath,1,$52.00,2,FALSE,TRUE,0,NA,74,3
1041423970461125823,2023-12-13,West Point Grey,49.2713,-123.189,Private room,2,1 bath,1,$116.00,2,FALSE,FALSE,0,NA,64,2
1041516287241748495,2023-12-14,Kensington-Cedar Cottage,49.25189,-123.07456,Entire home/apt,5,1 bath,3,$425.00,1,FALSE,FALSE,0,NA,269,1
1041627212949511129,2023-12-13,Arbutus Ridge,49.23902,-123.15815,Private room,2,1.5 baths,2,$135.00,1,FALSE,TRUE,0,NA,191,9
1041656927345814161,2023-12-13,Arbutus Ridge,49.237829692415886,-123.15948999028808,Private room,2,1.5 baths,2,$56.00,1,FALSE,TRUE,0,NA,217,9
1041687895317017226,2023-12-13,Riley Park,49.2482476565131,-123.09755320279524,Private room,2,1 bath,1,$70.00,3,FALSE,FALSE,0,NA,67,1
1042002195573185134,2023-12-14,Grandview-Woodland,49.26336958344526,-123.06022073478825,Entire home/apt,6,2 baths,3,NA,5,FALSE,FALSE,0,NA,16,1
1042103078956150583,2023-12-13,Marpole,49.21343,-123.11664,Private room,1,1.5 baths,1,$45.00,30,FALSE,FALSE,0,NA,45,2
1042107966110286313,2023-12-14,Downtown Eastside,49.28402841201379,-123.1045154850447,Entire home/apt,6,1.5 baths,3,$125.00,30,FALSE,TRUE,0,NA,269,134
1042182168385771289,2023-12-13,Renfrew-Collingwood,49.25440167561786,-123.03262311406505,Private room,1,1 bath,1,$45.00,30,TRUE,FALSE,0,NA,270,4
1042239586927623839,2023-12-14,Dunbar Southlands,49.25556,-123.18237,Entire home/apt,4,1 bath,3,$104.00,1,FALSE,TRUE,0,NA,57,11
1042267560326420544,2023-12-13,Downtown Eastside,49.28029,-123.08295,Entire home/apt,4,1 bath,2,$300.00,2,FALSE,TRUE,0,NA,365,1
1042285463819910552,2023-12-13,Arbutus Ridge,49.23792413380606,-123.16003130317053,Private room,2,1.5 baths,2,$56.00,1,FALSE,TRUE,0,NA,191,9
1042309138708484437,2023-12-14,Downtown,49.27984872404919,-123.10625539186496,Entire home/apt,4,1 bath,1,$128.00,30,TRUE,FALSE,0,NA,163,2
1042757638102591759,2023-12-13,Riley Park,49.25249329389021,-123.09272717244563,Private room,1,2.5 baths,1,$70.00,1,FALSE,FALSE,0,NA,263,4
1042773171366835390,2023-12-14,Downtown,49.27738842758093,-123.12583030236917,Entire home/apt,4,2 baths,2,$160.00,30,FALSE,FALSE,0,NA,77,1
1043025356239855082,2023-12-13,Mount Pleasant,49.26217,-123.10634,Entire home/apt,3,1 bath,1,NA,30,FALSE,FALSE,0,NA,268,1
1043082579535059694,2023-12-14,Downtown,49.27752,-123.11944,Entire home/apt,3,1 bath,1,$249.00,30,FALSE,TRUE,0,NA,257,1
1043142687866502122,2023-12-13,Dunbar Southlands,49.23951,-123.19104,Private room,2,1.5 baths,1,$108.00,1,FALSE,TRUE,0,NA,257,4
1043146352842713915,2023-12-13,Dunbar Southlands,49.241895491642566,-123.1915684057864,Private room,2,1.5 baths,1,$98.00,1,FALSE,TRUE,0,NA,257,4
1043148291678606310,2023-12-13,Dunbar Southlands,49.24150564279684,-123.19124297195926,Private room,2,1.5 baths,1,$88.00,1,FALSE,TRUE,0,NA,77,4
1043555010873166927,2023-12-13,Mount Pleasant,49.26022199349161,-123.07858939348884,Private room,2,1 bath,1,$29.00,30,FALSE,TRUE,0,NA,269,6
1043694259400656638,2023-12-13,Downtown,49.27573,-123.11548,Entire home/apt,5,2 baths,2,$138.00,1,FALSE,FALSE,0,NA,6,1
1043785105970341901,2023-12-14,Kensington-Cedar Cottage,49.245913956943646,-123.08516973625731,Entire home/apt,3,1 bath,1,NA,1,FALSE,FALSE,0,NA,269,1
1043860568247128725,2023-12-14,Oakridge,49.227417754815455,-123.13601070974885,Entire home/apt,8,2 baths,4,$232.00,2,FALSE,FALSE,0,NA,167,2
1044526386585207604,2023-12-14,Downtown,49.2787035260256,-123.10888280668324,Private room,1,1 bath,NA,$75.00,30,FALSE,FALSE,0,NA,248,2
1044548067589994085,2023-12-14,Downtown,49.27812,-123.10895,Private room,1,1 bath,NA,$70.00,30,FALSE,FALSE,0,NA,248,2
